fips_code,state,state_name,cbsa_code,county,new_cases_week_over_week_percent_change,new_cases_7_day_rolling_average,new_cases_per_100k_7_day_rolling_average,new_deaths_7_day_rolling_average,new_deaths_week_over_week_percent_change,new_deaths_per_100k_7_day_rolling_average,daily_cli_7_day_rolling_average,daily_cli_percentage_7_day_rolling_average,daily_ili_percentage_7_day_rolling_average,new_test_results_reported,new_test_results_reported_7_day_rolling_average,percent_new_test_results_reported_positive_7_day_rolling_average,percent_positive_7_day,total_test_results_reported_week_over_week_count_change,testing_suppressed,total_hospitals_reporting,admissions_covid_confirmed_last_7_days,admissions_covid_confirmed_7_day_rolling_average,admissions_covid_confirmed_last_7_days_per_100_beds,admissions_covid_confirmed_week_over_week_percent_change,percent_adult_inpatient_beds_used_confirmed_covid,percent_adult_inpatient_beds_used_confirmed_covid_week_over_week_absolute_change,hospitals_included_in_percent_adult_inpatient_beds_used_confirmed_covid,percent_adult_icu_beds_used_confirmed_covid,percent_adult_icu_beds_used_confirmed_covid_week_over_week_absolute_change,hospitals_included_in_percent_adult_icu_beds_used_confirmed_covid,cbsa_daily_cli_7_day_rolling_average,cbsa_daily_cli_percentage_7_day_rolling_average,cbsa_daily_ili_7_day_rolling_average,cbsa_daily_ili_percentage_7_day_rolling_average,date,report_date_window_start,report_date_window_end
11001,DC,,,District of Columbia,-36.89,92.14,,6.0,,,,,,,948.57,11.96,,,,,,,,,,,,,,,,,,,2020-05-29T00:00:00,2020-05-23T00:00:00,2020-05-29T00:00:00
11001,DC,,,District of Columbia,-33.82,90.29,,4.0,,,,,,,855.43,10.03,,,,,,,,,,,,,,,,,,,2020-06-01T00:00:00,2020-05-26T00:00:00,2020-06-01T00:00:00
11001,DC,,,District of Columbia,-33.08,100.57,,5.86,,,,,,,1024.29,13.19,,,,,,,,,,,,,,,,,,,2020-05-28T00:00:00,2020-05-22T00:00:00,2020-05-28T00:00:00
11001,DC,,,District of Columbia,-32.25,121.57,,8.57,,,,,,,1165.14,19.73,,,,,,,,,,,,,,,,,,,2020-05-17T00:00:00,2020-05-11T00:00:00,2020-05-17T00:00:00
11001,DC,,,District of Columbia,-29.99,98.71,,4.86,,,,,,,857.0,10.56,,,,,,,,,,,,,,,,,,,2020-05-31T00:00:00,2020-05-25T00:00:00,2020-05-31T00:00:00
11001,DC,,,District of Columbia,-27.97,134.29,,9.14,,,,,,,978.71,19.22,,,,,,,,,,,,,,,,,,,2020-05-16T00:00:00,2020-05-10T00:00:00,2020-05-16T00:00:00
11001,DC,,,District of Columbia,-27.73,125.86,,9.14,,,,,,,1255.71,19.62,,,,,,,,,,,,,,,,,,,2020-05-18T00:00:00,2020-05-12T00:00:00,2020-05-18T00:00:00
11001,DC,,,District of Columbia,-21.68,138.86,,9.14,,,,,,,952.71,19.69,,,,,,,,,,,,,,,,,,,2020-05-15T00:00:00,2020-05-09T00:00:00,2020-05-15T00:00:00
11001,DC,,,District of Columbia,-18.72,107.29,,5.0,,,,,,,945.86,11.67,,,,,,,,,,,,,,,,,,,2020-05-30T00:00:00,2020-05-24T00:00:00,2020-05-30T00:00:00
11001,DC,,,District of Columbia,-18.71,154.57,,10.43,,,,,,,966.14,20.61,,,,,,,,,,,,,,,,,,,2020-05-14T00:00:00,2020-05-08T00:00:00,2020-05-14T00:00:00
11001,DC,,,District of Columbia,-18.4,135.57,,9.14,,,,,,,1268.71,19.12,,,,,,,,,,,,,,,,,,,2020-05-19T00:00:00,2020-05-13T00:00:00,2020-05-19T00:00:00
11001,DC,,,District of Columbia,-17.12,160.43,,12.29,,,,,,,960.29,20.92,,,,,,,,,,,,,,,,,,,2020-05-13T00:00:00,2020-05-07T00:00:00,2020-05-13T00:00:00
11001,DC,,,District of Columbia,-13.89,138.14,,8.14,,,,,,,1267.14,18.89,,,,,,,,,,,,,,,,,,,2020-05-20T00:00:00,2020-05-14T00:00:00,2020-05-20T00:00:00
11001,DC,,,District of Columbia,-13.85,128.0,,11.14,,,,,,,648.29,25.28,,,,,,,,,,,,,,,,,,,2020-04-28T00:00:00,2020-04-22T00:00:00,2020-04-28T00:00:00
11001,DC,,,District of Columbia,-12.42,166.14,,10.29,,,,,,,950.14,22.2,,,,,,,,,,,,,,,,,,,2020-05-12T00:00:00,2020-05-06T00:00:00,2020-05-12T00:00:00
11001,DC,,,District of Columbia,-11.58,122.14,,5.43,,,,,,,992.71,13.68,,,,,,,,,,,,,,,,,,,2020-05-27T00:00:00,2020-05-21T00:00:00,2020-05-27T00:00:00
11001,DC,,,District of Columbia,-11.36,108.14,,7.14,,,,,,,558.86,28.18,,,,,,,,,,,,,,,,,,,2020-04-15T00:00:00,2020-04-09T00:00:00,2020-04-15T00:00:00
11001,DC,,,District of Columbia,-10.8,128.57,,11.14,,,,,,,686.0,25.22,,,,,,,,,,,,,,,,,,,2020-04-29T00:00:00,2020-04-23T00:00:00,2020-04-29T00:00:00
11001,DC,,,District of Columbia,-9.63,116.57,,9.14,,,,,,,541.0,26.93,,,,,,,,,,,,,,,,,,,2020-04-17T00:00:00,2020-04-11T00:00:00,2020-04-17T00:00:00
11001,DC,,,District of Columbia,-8.27,137.86,,11.43,,,,,,,643.71,25.51,,,,,,,,,,,,,,,,,,,2020-04-27T00:00:00,2020-04-21T00:00:00,2020-04-27T00:00:00
11001,DC,,,District of Columbia,-5.16,128.57,,5.71,,,,,,,1022.57,14.83,,,,,,,,,,,,,,,,,,,2020-05-26T00:00:00,2020-05-20T00:00:00,2020-05-26T00:00:00
11001,DC,,,District of Columbia,-4.94,118.14,,8.43,,,,,,,552.14,27.62,,,,,,,,,,,,,,,,,,,2020-04-16T00:00:00,2020-04-10T00:00:00,2020-04-16T00:00:00
11001,DC,,,District of Columbia,-4.85,137.43,,12.14,,,,,,,742.29,25.83,,,,,,,,,,,,,,,,,,,2020-04-30T00:00:00,2020-04-24T00:00:00,2020-04-30T00:00:00
11001,DC,,,District of Columbia,-4.62,174.14,,10.0,,,,,,,967.29,21.72,,,,,,,,,,,,,,,,,,,2020-05-11T00:00:00,2020-05-05T00:00:00,2020-05-11T00:00:00
11001,DC,,,District of Columbia,-2.77,150.29,,7.71,,,,,,,1271.29,18.51,,,,,,,,,,,,,,,,,,,2020-05-21T00:00:00,2020-05-15T00:00:00,2020-05-21T00:00:00
11001,DC,,,District of Columbia,-1.7,132.0,,7.43,,,,,,,1282.29,17.83,,,,,,,,,,,,,,,,,,,2020-05-23T00:00:00,2020-05-17T00:00:00,2020-05-23T00:00:00
11001,DC,,,District of Columbia,0.0,0.0,,0.0,,,,,,,0.0,0.0,,,,,,,,,,,,,,,,,,,2020-01-22T00:00:00,2020-01-16T00:00:00,2020-01-22T00:00:00
11001,DC,,,District of Columbia,0.0,0.0,,0.0,,,,,,,0.0,0.0,,,,,,,,,,,,,,,,,,,2020-01-23T00:00:00,2020-01-17T00:00:00,2020-01-23T00:00:00
11001,DC,,,District of Columbia,0.0,0.0,,0.0,,,,,,,0.0,0.0,,,,,,,,,,,,,,,,,,,2020-01-24T00:00:00,2020-01-18T00:00:00,2020-01-24T00:00:00
11001,DC,,,District of Columbia,0.0,0.0,,0.0,,,,,,,0.0,0.0,,,,,,,,,,,,,,,,,,,2020-01-25T00:00:00,2020-01-19T00:00:00,2020-01-25T00:00:00
11001,DC,,,District of Columbia,0.0,0.0,,0.0,,,,,,,0.0,0.0,,,,,,,,,,,,,,,,,,,2020-01-26T00:00:00,2020-01-20T00:00:00,2020-01-26T00:00:00
11001,DC,,,District of Columbia,0.0,0.0,,0.0,,,,,,,0.0,0.0,,,,,,,,,,,,,,,,,,,2020-01-27T00:00:00,2020-01-21T00:00:00,2020-01-27T00:00:00
11001,DC,,,District of Columbia,0.0,0.0,,0.0,,,,,,,0.0,0.0,,,,,,,,,,,,,,,,,,,2020-01-28T00:00:00,2020-01-22T00:00:00,2020-01-28T00:00:00
11001,DC,,,District of Columbia,0.0,0.0,,0.0,,,,,,,0.0,0.0,,,,,,,,,,,,,,,,,,,2020-01-29T00:00:00,2020-01-23T00:00:00,2020-01-29T00:00:00
11001,DC,,,District of Columbia,0.0,0.0,,0.0,,,,,,,0.0,0.0,,,,,,,,,,,,,,,,,,,2020-01-30T00:00:00,2020-01-24T00:00:00,2020-01-30T00:00:00
11001,DC,,,District of Columbia,0.0,0.0,,0.0,,,,,,,0.0,0.0,,,,,,,,,,,,,,,,,,,2020-01-31T00:00:00,2020-01-25T00:00:00,2020-01-31T00:00:00
11001,DC,,,District of Columbia,0.0,0.0,,0.0,,,,,,,0.0,0.0,,,,,,,,,,,,,,,,,,,2020-02-01T00:00:00,2020-01-26T00:00:00,2020-02-01T00:00:00
11001,DC,,,District of Columbia,0.0,0.0,,0.0,,,,,,,0.0,0.0,,,,,,,,,,,,,,,,,,,2020-02-02T00:00:00,2020-01-27T00:00:00,2020-02-02T00:00:00
11001,DC,,,District of Columbia,0.0,0.0,,0.0,,,,,,,0.0,0.0,,,,,,,,,,,,,,,,,,,2020-02-03T00:00:00,2020-01-28T00:00:00,2020-02-03T00:00:00
11001,DC,,,District of Columbia,0.0,0.0,,0.0,,,,,,,0.0,0.0,,,,,,,,,,,,,,,,,,,2020-02-04T00:00:00,2020-01-29T00:00:00,2020-02-04T00:00:00
11001,DC,,,District of Columbia,0.0,0.0,,0.0,,,,,,,0.0,0.0,,,,,,,,,,,,,,,,,,,2020-02-05T00:00:00,2020-01-30T00:00:00,2020-02-05T00:00:00
11001,DC,,,District of Columbia,0.0,0.0,,0.0,,,,,,,0.0,0.0,,,,,,,,,,,,,,,,,,,2020-02-06T00:00:00,2020-01-31T00:00:00,2020-02-06T00:00:00
11001,DC,,,District of Columbia,0.0,0.0,,0.0,,,,,,,0.0,0.0,,,,,,,,,,,,,,,,,,,2020-02-07T00:00:00,2020-02-01T00:00:00,2020-02-07T00:00:00
11001,DC,,,District of Columbia,0.0,0.0,,0.0,,,,,,,0.0,0.0,,,,,,,,,,,,,,,,,,,2020-02-08T00:00:00,2020-02-02T00:00:00,2020-02-08T00:00:00
11001,DC,,,District of Columbia,0.0,0.0,,0.0,,,,,,,0.0,0.0,,,,,,,,,,,,,,,,,,,2020-02-09T00:00:00,2020-02-03T00:00:00,2020-02-09T00:00:00
11001,DC,,,District of Columbia,0.0,0.0,,0.0,,,,,,,0.0,0.0,,,,,,,,,,,,,,,,,,,2020-02-10T00:00:00,2020-02-04T00:00:00,2020-02-10T00:00:00
11001,DC,,,District of Columbia,0.0,0.0,,0.0,,,,,,,0.0,0.0,,,,,,,,,,,,,,,,,,,2020-02-11T00:00:00,2020-02-05T00:00:00,2020-02-11T00:00:00
11001,DC,,,District of Columbia,0.0,0.0,,0.0,,,,,,,0.0,0.0,,,,,,,,,,,,,,,,,,,2020-02-12T00:00:00,2020-02-06T00:00:00,2020-02-12T00:00:00
11001,DC,,,District of Columbia,0.0,0.0,,0.0,,,,,,,0.0,0.0,,,,,,,,,,,,,,,,,,,2020-02-13T00:00:00,2020-02-07T00:00:00,2020-02-13T00:00:00
11001,DC,,,District of Columbia,0.0,0.0,,0.0,,,,,,,0.0,0.0,,,,,,,,,,,,,,,,,,,2020-02-14T00:00:00,2020-02-08T00:00:00,2020-02-14T00:00:00
11001,DC,,,District of Columbia,0.0,0.0,,0.0,,,,,,,0.0,0.0,,,,,,,,,,,,,,,,,,,2020-02-15T00:00:00,2020-02-09T00:00:00,2020-02-15T00:00:00
11001,DC,,,District of Columbia,0.0,0.0,,0.0,,,,,,,0.0,0.0,,,,,,,,,,,,,,,,,,,2020-02-16T00:00:00,2020-02-10T00:00:00,2020-02-16T00:00:00
11001,DC,,,District of Columbia,0.0,0.0,,0.0,,,,,,,0.0,0.0,,,,,,,,,,,,,,,,,,,2020-02-17T00:00:00,2020-02-11T00:00:00,2020-02-17T00:00:00
11001,DC,,,District of Columbia,0.0,0.0,,0.0,,,,,,,0.0,0.0,,,,,,,,,,,,,,,,,,,2020-02-18T00:00:00,2020-02-12T00:00:00,2020-02-18T00:00:00
11001,DC,,,District of Columbia,0.0,0.0,,0.0,,,,,,,0.0,0.0,,,,,,,,,,,,,,,,,,,2020-02-19T00:00:00,2020-02-13T00:00:00,2020-02-19T00:00:00
11001,DC,,,District of Columbia,0.0,0.0,,0.0,,,,,,,0.0,0.0,,,,,,,,,,,,,,,,,,,2020-02-20T00:00:00,2020-02-14T00:00:00,2020-02-20T00:00:00
11001,DC,,,District of Columbia,0.0,0.0,,0.0,,,,,,,0.0,0.0,,,,,,,,,,,,,,,,,,,2020-02-21T00:00:00,2020-02-15T00:00:00,2020-02-21T00:00:00
11001,DC,,,District of Columbia,0.0,0.0,,0.0,,,,,,,0.0,0.0,,,,,,,,,,,,,,,,,,,2020-02-22T00:00:00,2020-02-16T00:00:00,2020-02-22T00:00:00
11001,DC,,,District of Columbia,0.0,0.0,,0.0,,,,,,,0.0,0.0,,,,,,,,,,,,,,,,,,,2020-02-23T00:00:00,2020-02-17T00:00:00,2020-02-23T00:00:00
11001,DC,,,District of Columbia,0.0,0.0,,0.0,,,,,,,0.0,0.0,,,,,,,,,,,,,,,,,,,2020-02-24T00:00:00,2020-02-18T00:00:00,2020-02-24T00:00:00
11001,DC,,,District of Columbia,0.0,0.0,,0.0,,,,,,,0.0,0.0,,,,,,,,,,,,,,,,,,,2020-02-25T00:00:00,2020-02-19T00:00:00,2020-02-25T00:00:00
11001,DC,,,District of Columbia,0.0,0.0,,0.0,,,,,,,0.0,0.0,,,,,,,,,,,,,,,,,,,2020-02-26T00:00:00,2020-02-20T00:00:00,2020-02-26T00:00:00
11001,DC,,,District of Columbia,0.0,0.0,,0.0,,,,,,,0.0,0.0,,,,,,,,,,,,,,,,,,,2020-02-27T00:00:00,2020-02-21T00:00:00,2020-02-27T00:00:00
11001,DC,,,District of Columbia,0.0,0.0,,0.0,,,,,,,0.0,0.0,,,,,,,,,,,,,,,,,,,2020-02-28T00:00:00,2020-02-22T00:00:00,2020-02-28T00:00:00
11001,DC,,,District of Columbia,0.0,0.0,,0.0,,,,,,,0.0,0.0,,,,,,,,,,,,,,,,,,,2020-02-29T00:00:00,2020-02-23T00:00:00,2020-02-29T00:00:00
11001,DC,,,District of Columbia,0.0,0.0,,0.0,,,,,,,0.0,0.0,,,,,,,,,,,,,,,,,,,2020-03-01T00:00:00,2020-02-24T00:00:00,2020-03-01T00:00:00
11001,DC,,,District of Columbia,0.0,0.0,,0.0,,,,,,,0.0,0.0,,,,,,,,,,,,,,,,,,,2020-03-02T00:00:00,2020-02-25T00:00:00,2020-03-02T00:00:00
11001,DC,,,District of Columbia,0.0,0.0,,0.0,,,,,,,0.0,0.0,,,,,,,,,,,,,,,,,,,2020-03-03T00:00:00,2020-02-26T00:00:00,2020-03-03T00:00:00
11001,DC,,,District of Columbia,0.0,0.0,,0.0,,,,,,,0.0,0.0,,,,,,,,,,,,,,,,,,,2020-03-04T00:00:00,2020-02-27T00:00:00,2020-03-04T00:00:00
11001,DC,,,District of Columbia,0.0,0.0,,0.0,,,,,,,0.0,0.0,,,,,,,,,,,,,,,,,,,2020-03-05T00:00:00,2020-02-28T00:00:00,2020-03-05T00:00:00
11001,DC,,,District of Columbia,0.0,0.0,,0.0,,,,,,,1.5,0.0,,,,,,,,,,,,,,,,,,,2020-03-07T00:00:00,2020-03-01T00:00:00,2020-03-07T00:00:00
11001,DC,,,District of Columbia,0.0,0.0,,0.0,,,,,,,3.0,0.0,,,,,,,,,,,,,,,,,,,2020-03-06T00:00:00,2020-02-29T00:00:00,2020-03-06T00:00:00
11001,DC,,,District of Columbia,0.0,0.29,,0.0,,,,,,,5.67,0.0,,,,,,,,,,,,,,,,,,,2020-03-08T00:00:00,2020-03-02T00:00:00,2020-03-08T00:00:00
11001,DC,,,District of Columbia,0.0,0.57,,0.0,,,,,,,6.25,4.17,,,,,,,,,,,,,,,,,,,2020-03-09T00:00:00,2020-03-03T00:00:00,2020-03-09T00:00:00
11001,DC,,,District of Columbia,0.0,0.57,,0.0,,,,,,,7.6,3.13,,,,,,,,,,,,,,,,,,,2020-03-10T00:00:00,2020-03-04T00:00:00,2020-03-10T00:00:00
11001,DC,,,District of Columbia,0.0,1.43,,0.0,,,,,,,11.17,5.26,,,,,,,,,,,,,,,,,,,2020-03-11T00:00:00,2020-03-05T00:00:00,2020-03-11T00:00:00
11001,DC,,,District of Columbia,0.0,1.43,,0.0,,,,,,,20.0,5.3,,,,,,,,,,,,,,,,,,,2020-03-12T00:00:00,2020-03-06T00:00:00,2020-03-12T00:00:00
11001,DC,,,District of Columbia,0.0,1.43,,0.0,,,,,,,34.14,6.28,,,,,,,,,,,,,,,,,,,2020-03-13T00:00:00,2020-03-07T00:00:00,2020-03-13T00:00:00
11001,DC,,,District of Columbia,0.0,2.29,,0.0,,,,,,,41.86,6.44,,,,,,,,,,,,,,,,,,,2020-03-14T00:00:00,2020-03-08T00:00:00,2020-03-14T00:00:00
11001,DC,,,District of Columbia,1.37,126.86,,9.86,,,,,,,545.86,26.77,,,,,,,,,,,,,,,,,,,2020-04-18T00:00:00,2020-04-12T00:00:00,2020-04-18T00:00:00
11001,DC,,,District of Columbia,4.68,131.14,,10.57,,,,,,,542.43,26.12,,,,,,,,,,,,,,,,,,,2020-04-19T00:00:00,2020-04-13T00:00:00,2020-04-19T00:00:00
11001,DC,,,District of Columbia,5.14,146.0,,7.14,,,,,,,1326.0,18.54,,,,,,,,,,,,,,,,,,,2020-05-22T00:00:00,2020-05-16T00:00:00,2020-05-22T00:00:00
11001,DC,,,District of Columbia,6.29,156.86,,10.71,,,,,,,813.86,26.14,,,,,,,,,,,,,,,,,,,2020-05-02T00:00:00,2020-04-26T00:00:00,2020-05-02T00:00:00
11001,DC,,,District of Columbia,6.89,179.43,,10.29,,,,,,,946.29,21.92,,,,,,,,,,,,,,,,,,,2020-05-10T00:00:00,2020-05-04T00:00:00,2020-05-10T00:00:00
11001,DC,,,District of Columbia,7.41,161.43,,11.14,,,,,,,788.14,25.92,,,,,,,,,,,,,,,,,,,2020-05-01T00:00:00,2020-04-25T00:00:00,2020-05-01T00:00:00
11001,DC,,,District of Columbia,8.4,136.43,,6.86,,,,,,,1038.71,15.11,,,,,,,,,,,,,,,,,,,2020-05-25T00:00:00,2020-05-19T00:00:00,2020-05-25T00:00:00
11001,DC,,,District of Columbia,9.82,177.29,,10.43,,,,,,,919.14,22.91,,,,,,,,,,,,,,,,,,,2020-05-08T00:00:00,2020-05-02T00:00:00,2020-05-08T00:00:00
11001,DC,,,District of Columbia,12.12,167.86,,10.43,,,,,,,855.0,25.86,,,,,,,,,,,,,,,,,,,2020-05-03T00:00:00,2020-04-27T00:00:00,2020-05-03T00:00:00
11001,DC,,,District of Columbia,14.16,149.71,,11.71,,,,,,,652.43,25.23,,,,,,,,,,,,,,,,,,,2020-04-26T00:00:00,2020-04-20T00:00:00,2020-04-26T00:00:00
11001,DC,,,District of Columbia,15.98,141.0,,7.0,,,,,,,1147.14,16.17,,,,,,,,,,,,,,,,,,,2020-05-24T00:00:00,2020-05-18T00:00:00,2020-05-24T00:00:00
11001,DC,,,District of Columbia,16.33,147.57,,10.57,,,,,,,648.29,24.98,,,,,,,,,,,,,,,,,,,2020-04-25T00:00:00,2020-04-19T00:00:00,2020-04-25T00:00:00
11001,DC,,,District of Columbia,18.85,186.43,,10.14,,,,,,,941.14,22.58,,,,,,,,,,,,,,,,,,,2020-05-09T00:00:00,2020-05-03T00:00:00,2020-05-09T00:00:00
11001,DC,,,District of Columbia,22.25,144.43,,8.29,,,,,,,608.0,25.31,,,,,,,,,,,,,,,,,,,2020-04-23T00:00:00,2020-04-17T00:00:00,2020-04-23T00:00:00
11001,DC,,,District of Columbia,22.79,148.57,,6.43,,,,,,,585.43,25.63,,,,,,,,,,,,,,,,,,,2020-04-21T00:00:00,2020-04-15T00:00:00,2020-04-21T00:00:00
11001,DC,,,District of Columbia,28.92,150.29,,9.57,,,,,,,625.71,25.46,,,,,,,,,,,,,,,,,,,2020-04-24T00:00:00,2020-04-18T00:00:00,2020-04-24T00:00:00
11001,DC,,,District of Columbia,29.24,111.14,,0.0,,,,,,,575.57,27.25,,,,,,,,,,,,,,,,,,,2020-04-13T00:00:00,2020-04-07T00:00:00,2020-04-13T00:00:00
11001,DC,,,District of Columbia,32.44,182.57,,10.43,,,,,,,866.71,25.02,,,,,,,,,,,,,,,,,,,2020-05-04T00:00:00,2020-04-28T00:00:00,2020-05-04T00:00:00
11001,DC,,,District of Columbia,33.29,144.14,,7.86,,,,,,,600.14,25.59,,,,,,,,,,,,,,,,,,,2020-04-22T00:00:00,2020-04-16T00:00:00,2020-04-22T00:00:00
11001,DC,,,District of Columbia,35.22,150.29,,11.86,,,,,,,572.57,26.19,,,,,,,,,,,,,,,,,,,2020-04-20T00:00:00,2020-04-14T00:00:00,2020-04-20T00:00:00
11001,DC,,,District of Columbia,35.52,121.0,,6.43,,,,,,,560.71,28.19,,,,,,,,,,,,,,,,,,,2020-04-14T00:00:00,2020-04-08T00:00:00,2020-04-14T00:00:00
11001,DC,,,District of Columbia,38.36,190.14,,8.71,,,,,,,928.71,23.16,,,,,,,,,,,,,,,,,,,2020-05-07T00:00:00,2020-05-01T00:00:00,2020-05-07T00:00:00
11001,DC,,,District of Columbia,46.9,125.29,,0.0,,,,,,,613.86,27.7,,,,,,,,,,,,,,,,,,,2020-04-12T00:00:00,2020-04-06T00:00:00,2020-04-12T00:00:00
11001,DC,,,District of Columbia,48.21,189.71,,10.57,,,,,,,917.14,23.74,,,,,,,,,,,,,,,,,,,2020-05-05T00:00:00,2020-04-29T00:00:00,2020-05-05T00:00:00
11001,DC,,,District of Columbia,50.56,193.57,,8.43,,,,,,,944.14,24.13,,,,,,,,,,,,,,,,,,,2020-05-06T00:00:00,2020-04-30T00:00:00,2020-05-06T00:00:00
11001,DC,,,District of Columbia,55.09,89.29,,1.57,,,,,,,649.29,23.31,,,,,,,,,,,,,,,,,,,2020-04-07T00:00:00,2020-04-01T00:00:00,2020-04-07T00:00:00
11001,DC,,,District of Columbia,56.43,125.14,,0.14,,,,,,,647.29,26.87,,,,,,,,,,,,,,,,,,,2020-04-11T00:00:00,2020-04-05T00:00:00,2020-04-11T00:00:00
11001,DC,,,District of Columbia,68.16,86.0,,1.86,,,,,,,643.71,22.76,,,,,,,,,,,,,,,,,,,2020-04-06T00:00:00,2020-03-31T00:00:00,2020-04-06T00:00:00
11001,DC,,,District of Columbia,84.9,50.71,,1.29,,,,,,,461.29,19.1,,,,,,,,,,,,,,,,,,,2020-04-01T00:00:00,2020-03-26T00:00:00,2020-04-01T00:00:00
11001,DC,,,District of Columbia,96.94,55.14,,1.71,,,,,,,471.29,19.89,,,,,,,,,,,,,,,,,,,2020-04-02T00:00:00,2020-03-27T00:00:00,2020-04-02T00:00:00
11001,DC,,,District of Columbia,99.34,129.0,,0.14,,,,,,,651.14,26.33,,,,,,,,,,,,,,,,,,,2020-04-10T00:00:00,2020-04-04T00:00:00,2020-04-10T00:00:00
11001,DC,,,District of Columbia,99.56,64.71,,2.43,,,,,,,524.29,20.86,,,,,,,,,,,,,,,,,,,2020-04-03T00:00:00,2020-03-28T00:00:00,2020-04-03T00:00:00
11001,DC,,,District of Columbia,109.47,85.29,,1.86,,,,,,,618.71,21.88,,,,,,,,,,,,,,,,,,,2020-04-05T00:00:00,2020-03-30T00:00:00,2020-04-05T00:00:00
11001,DC,,,District of Columbia,125.39,124.29,,1.0,,,,,,,669.86,25.13,,,,,,,,,,,,,,,,,,,2020-04-09T00:00:00,2020-04-03T00:00:00,2020-04-09T00:00:00
11001,DC,,,District of Columbia,129.51,80.0,,2.29,,,,,,,549.86,21.51,,,,,,,,,,,,,,,,,,,2020-04-04T00:00:00,2020-03-29T00:00:00,2020-04-04T00:00:00
11001,DC,,,District of Columbia,140.56,122.0,,1.43,,,,,,,638.71,24.09,,,,,,,,,,,,,,,,,,,2020-04-08T00:00:00,2020-04-02T00:00:00,2020-04-08T00:00:00
11001,DC,,,District of Columbia,165.13,57.57,,1.29,,,,,,,477.29,19.48,,,,,,,,,,,,,,,,,,,2020-03-31T00:00:00,2020-03-25T00:00:00,2020-03-31T00:00:00
11001,DC,,,District of Columbia,187.88,40.71,,1.0,,,,,,,432.86,18.54,,,,,,,,,,,,,,,,,,,2020-03-29T00:00:00,2020-03-23T00:00:00,2020-03-29T00:00:00
11001,DC,,,District of Columbia,190.0,4.14,,0.0,,,,,,,126.29,8.27,,,,,,,,,,,,,,,,,,,2020-03-18T00:00:00,2020-03-12T00:00:00,2020-03-18T00:00:00
11001,DC,,,District of Columbia,197.56,34.86,,0.57,,,,,,,436.71,17.69,,,,,,,,,,,,,,,,,,,2020-03-28T00:00:00,2020-03-22T00:00:00,2020-03-28T00:00:00
11001,DC,,,District of Columbia,211.3,51.14,,1.0,,,,,,,460.29,18.98,,,,,,,,,,,,,,,,,,,2020-03-30T00:00:00,2020-03-24T00:00:00,2020-03-30T00:00:00
11001,DC,,,District of Columbia,221.31,28.0,,0.43,,,,,,,378.71,18.06,,,,,,,,,,,,,,,,,,,2020-03-26T00:00:00,2020-03-20T00:00:00,2020-03-26T00:00:00
11001,DC,,,District of Columbia,238.81,32.43,,0.43,,,,,,,407.0,17.94,,,,,,,,,,,,,,,,,,,2020-03-27T00:00:00,2020-03-21T00:00:00,2020-03-27T00:00:00
11001,DC,,,District of Columbia,350.0,2.57,,0.0,,,,,,,60.29,7.14,,,,,,,,,,,,,,,,,,,2020-03-16T00:00:00,2020-03-10T00:00:00,2020-03-16T00:00:00
11001,DC,,,District of Columbia,412.5,11.71,,0.14,,,,,,,184.71,12.17,,,,,,,,,,,,,,,,,,,2020-03-21T00:00:00,2020-03-15T00:00:00,2020-03-21T00:00:00
11001,DC,,,District of Columbia,462.96,21.71,,0.29,,,,,,,259.29,15.59,,,,,,,,,,,,,,,,,,,2020-03-24T00:00:00,2020-03-18T00:00:00,2020-03-24T00:00:00
11001,DC,,,District of Columbia,510.0,8.71,,0.0,,,,,,,149.43,9.0,,,,,,,,,,,,,,,,,,,2020-03-19T00:00:00,2020-03-13T00:00:00,2020-03-19T00:00:00
11001,DC,,,District of Columbia,538.89,16.43,,0.29,,,,,,,247.29,14.61,,,,,,,,,,,,,,,,,,,2020-03-23T00:00:00,2020-03-17T00:00:00,2020-03-23T00:00:00
11001,DC,,,District of Columbia,560.0,14.14,,0.29,,,,,,,221.0,13.79,,,,,,,,,,,,,,,,,,,2020-03-22T00:00:00,2020-03-16T00:00:00,2020-03-22T00:00:00
11001,DC,,,District of Columbia,562.07,27.43,,0.43,,,,,,,339.86,17.3,,,,,,,,,,,,,,,,,,,2020-03-25T00:00:00,2020-03-19T00:00:00,2020-03-25T00:00:00
11001,DC,,,District of Columbia,570.0,9.57,,0.14,,,,,,,170.0,10.31,,,,,,,,,,,,,,,,,,,2020-03-20T00:00:00,2020-03-14T00:00:00,2020-03-20T00:00:00
11001,DC,,,District of Columbia,575.0,3.86,,0.0,,,,,,,102.57,8.48,,,,,,,,,,,,,,,,,,,2020-03-17T00:00:00,2020-03-11T00:00:00,2020-03-17T00:00:00
11001,DC,,,District of Columbia,650.0,2.14,,0.0,,,,,,,49.14,7.1,,,,,,,,,,,,,,,,,,,2020-03-15T00:00:00,2020-03-09T00:00:00,2020-03-15T00:00:00
11001,DC,District of Columbia,47900,District of Columbia,-41.84,36.14,5.12,2.57,-30.77,0.36,20.57,3.57,0.43,1238.0,1457.29,2.96,2.89,716.0,false,10.0,0.0,0.0,0.0,0.0,0.0,0.0,0.0,0.0,0.0,0.0,104.0,2.5,25.29,0.61,2020-06-21T00:00:00,2020-06-15T00:00:00,2020-06-21T00:00:00
11001,DC,District of Columbia,47900,District of Columbia,-41.5,49.14,6.96,3.57,0.0,0.51,21.71,4.57,0.55,1784.0,1510.29,3.62,3.39,1623.0,false,11.0,0.0,0.0,0.0,0.0,0.0,0.0,0.0,0.0,0.0,0.0,114.14,2.74,26.71,0.64,2020-06-16T00:00:00,2020-06-10T00:00:00,2020-06-16T00:00:00
11001,DC,District of Columbia,47900,District of Columbia,-40.5,44.29,6.27,3.43,-7.69,0.49,19.71,4.14,0.5,1558.0,1588.14,3.46,3.3,2453.0,false,11.0,0.0,0.0,0.0,0.0,0.0,0.0,0.0,0.0,0.0,0.0,109.43,2.64,26.29,0.64,2020-06-17T00:00:00,2020-06-11T00:00:00,2020-06-17T00:00:00
11001,DC,District of Columbia,47900,District of Columbia,-38.67,78.86,11.17,4.29,-25.0,0.61,40.14,4.43,0.56,2340.0,1078.29,9.37,9.67,390.0,false,11.0,0.0,0.0,0.0,0.0,0.0,0.0,0.0,0.0,0.0,0.0,209.0,5.19,35.0,0.87,2020-06-02T00:00:00,2020-05-27T00:00:00,2020-06-02T00:00:00
11001,DC,District of Columbia,47900,District of Columbia,-37.5,39.29,5.57,2.86,-28.57,0.4,21.29,4.0,0.49,1948.0,1519.57,2.88,2.81,944.0,false,10.0,0.0,0.0,0.0,0.0,0.0,0.0,0.0,0.0,0.0,0.0,107.29,2.59,27.43,0.66,2020-06-20T00:00:00,2020-06-14T00:00:00,2020-06-20T00:00:00
11001,DC,District of Columbia,47900,District of Columbia,-36.83,37.0,5.24,2.86,-16.67,0.4,19.57,3.86,0.46,1229.0,1394.57,3.17,3.11,-514.0,false,11.0,0.0,0.0,0.0,0.0,0.0,0.0,0.0,0.0,0.0,0.0,104.29,2.49,24.0,0.57,2020-06-22T00:00:00,2020-06-16T00:00:00,2020-06-22T00:00:00
11001,DC,District of Columbia,47900,District of Columbia,-34.51,42.57,6.03,3.43,-11.11,0.49,20.14,4.0,0.49,709.0,1485.86,2.86,2.78,1259.0,false,11.0,0.0,0.0,0.0,0.0,0.0,0.0,0.0,0.0,0.0,0.0,106.71,2.57,29.14,0.71,2020-06-19T00:00:00,2020-06-13T00:00:00,2020-06-19T00:00:00
11001,DC,District of Columbia,47900,District of Columbia,-33.65,50.14,7.1,1.14,60.0,0.16,18.71,3.57,0.42,3844.0,3510.14,2.01,1.93,-785.0,false,10.0,85.0,12.14,3.17,-0.2273,0.0369,-0.0009,11.0,0.0829,0.0193,11.0,118.43,2.56,29.43,0.64,2020-08-21T00:00:00,2020-08-15T00:00:00,2020-08-21T00:00:00
11001,DC,District of Columbia,47900,District of Columbia,-33.05,44.86,6.36,3.57,-7.41,0.51,19.43,4.0,0.48,1296.0,1616.43,2.99,2.97,2636.0,false,11.0,0.0,0.0,0.0,0.0,0.0,0.0,0.0,0.0,0.0,0.0,106.43,2.56,27.86,0.67,2020-06-18T00:00:00,2020-06-12T00:00:00,2020-06-18T00:00:00
11001,DC,District of Columbia,47900,District of Columbia,-31.16,65.0,9.21,3.86,42.11,0.55,24.0,4.86,0.57,1623.0,1306.0,5.74,5.87,1143.0,false,11.0,0.0,0.0,0.0,0.0,0.0,0.0,0.0,0.0,0.0,0.0,136.0,3.24,25.71,0.61,2020-06-12T00:00:00,2020-06-06T00:00:00,2020-06-12T00:00:00
11001,DC,District of Columbia,47900,District of Columbia,-29.61,207.14,29.35,3.14,-33.33,0.45,54.14,12.57,1.44,4613.0,6708.86,4.33,4.32,-14133.0,false,11.0,208.0,29.71,6.57,-0.2409,0.1046,-0.0078,10.0,0.2082,0.0,10.0,365.71,8.02,44.14,0.97,2021-01-24T00:00:00,2021-01-18T00:00:00,2021-01-24T00:00:00
11001,DC,District of Columbia,47900,District of Columbia,-28.65,87.14,12.35,4.0,-26.32,0.57,36.43,5.0,0.64,1298.0,1125.57,9.14,9.43,930.0,false,11.0,0.0,0.0,0.0,0.0,0.0,0.0,0.0,0.0,0.0,0.0,199.86,4.99,34.43,0.86,2020-06-03T00:00:00,2020-05-28T00:00:00,2020-06-03T00:00:00
11001,DC,District of Columbia,47900,District of Columbia,-27.84,210.29,29.8,3.14,-38.89,0.45,55.29,12.71,1.45,3896.0,6344.57,4.61,4.57,-17944.0,false,11.0,207.0,29.57,6.53,-0.1753,0.1029,-0.009,10.0,0.2071,0.0,10.0,358.86,7.84,43.86,0.96,2021-01-25T00:00:00,2021-01-19T00:00:00,2021-01-25T00:00:00
11001,DC,District of Columbia,47900,District of Columbia,-26.5,78.86,11.17,3.0,-40.0,0.43,28.57,5.14,0.66,1161.0,1180.0,7.86,8.17,1639.0,false,10.0,0.0,0.0,0.0,0.0,0.0,0.0,0.0,0.0,0.0,0.0,178.43,4.45,34.0,0.85,2020-06-06T00:00:00,2020-05-31T00:00:00,2020-06-06T00:00:00
11001,DC,District of Columbia,47900,District of Columbia,-25.96,220.0,31.17,3.29,-32.35,0.47,53.43,12.14,1.38,8029.0,6962.71,4.35,4.34,-11833.0,false,11.0,218.0,31.14,6.88,-0.1517,0.1055,-0.007,10.0,0.2051,0.0,10.0,372.71,8.19,44.43,0.97,2021-01-23T00:00:00,2021-01-17T00:00:00,2021-01-23T00:00:00
11001,DC,District of Columbia,47900,District of Columbia,-25.89,53.57,7.59,1.0,0.0,0.14,20.0,3.71,0.43,3923.0,3705.86,1.98,1.9,1785.0,false,10.0,89.0,12.71,3.36,-0.1442,0.0376,-0.0007,11.0,0.084,0.0164,11.0,121.71,2.62,28.14,0.6,2020-08-22T00:00:00,2020-08-16T00:00:00,2020-08-22T00:00:00
11001,DC,District of Columbia,47900,District of Columbia,-25.32,67.0,9.49,3.86,22.73,0.55,24.0,4.43,0.53,1098.0,1239.86,6.17,6.36,1097.0,false,11.0,0.0,0.0,0.0,0.0,0.0,0.0,0.0,0.0,0.0,0.0,144.29,3.46,25.57,0.61,2020-06-11T00:00:00,2020-06-05T00:00:00,2020-06-11T00:00:00
11001,DC,District of Columbia,47900,District of Columbia,-23.91,55.0,7.79,1.0,0.0,0.14,18.86,4.29,0.5,4453.0,3404.71,2.1,2.01,-4209.0,false,11.0,83.0,11.86,3.14,-0.2243,0.0366,-0.001,11.0,0.0834,0.0261,11.0,118.71,2.58,28.29,0.62,2020-08-20T00:00:00,2020-08-14T00:00:00,2020-08-20T00:00:00
11001,DC,District of Columbia,47900,District of Columbia,-23.76,190.29,26.96,4.0,47.37,0.57,46.14,7.86,1.02,8148.0,8399.29,4.06,4.02,2614.0,false,11.0,203.0,29.0,6.69,-0.024,0.1013,0.0015,9.0,0.2002,0.0112,9.0,348.14,8.25,41.71,0.98,2020-12-25T00:00:00,2020-12-19T00:00:00,2020-12-25T00:00:00
11001,DC,District of Columbia,47900,District of Columbia,-23.75,52.29,7.41,0.57,-42.86,0.08,19.57,8.29,0.95,7524.0,4888.43,1.43,1.37,-4326.0,false,11.0,68.0,9.71,2.24,-0.0286,0.0367,-0.0012,11.0,0.0548,-0.0106,11.0,114.14,2.45,29.29,0.63,2020-10-21T00:00:00,2020-10-15T00:00:00,2020-10-21T00:00:00
11001,DC,District of Columbia,47900,District of Columbia,-23.47,44.71,6.34,0.71,66.67,0.1,15.14,3.0,0.32,4529.0,4660.43,1.23,1.16,1788.0,false,11.0,81.0,11.57,2.69,0.4464,0.0378,0.001,11.0,0.0678,0.0069,11.0,101.57,2.21,24.0,0.52,2020-09-26T00:00:00,2020-09-20T00:00:00,2020-09-26T00:00:00
11001,DC,District of Columbia,47900,District of Columbia,-23.45,56.43,8.0,1.0,16.67,0.14,19.0,4.14,0.49,4628.0,3404.86,2.09,2.0,-2811.0,false,11.0,90.0,12.86,3.43,-0.1,0.0372,-0.0007,11.0,0.0806,0.0261,10.0,118.43,2.59,29.14,0.64,2020-08-19T00:00:00,2020-08-13T00:00:00,2020-08-19T00:00:00
11001,DC,District of Columbia,47900,District of Columbia,-23.15,75.86,10.75,3.29,-32.35,0.47,26.43,4.43,0.56,1882.0,1362.29,8.27,8.34,3537.0,false,10.0,0.0,0.0,0.0,0.0,0.0,0.0,0.0,0.0,0.0,0.0,173.86,4.3,33.86,0.84,2020-06-07T00:00:00,2020-06-01T00:00:00,2020-06-07T00:00:00
11001,DC,District of Columbia,47900,District of Columbia,-22.93,58.57,8.3,3.43,4.35,0.49,22.14,4.57,0.55,1668.0,1468.0,3.94,3.74,475.0,false,11.0,0.0,0.0,0.0,0.0,0.0,0.0,0.0,0.0,0.0,0.0,119.29,2.86,27.71,0.67,2020-06-15T00:00:00,2020-06-09T00:00:00,2020-06-15T00:00:00
11001,DC,District of Columbia,47900,District of Columbia,-21.81,33.29,4.72,2.29,-33.33,0.32,16.86,3.43,0.41,1762.0,1425.0,3.2,3.15,-426.0,false,11.0,0.0,0.0,0.0,0.0,0.0,0.0,0.0,0.0,0.0,0.0,102.14,2.39,19.86,0.47,2020-06-26T00:00:00,2020-06-20T00:00:00,2020-06-26T00:00:00
11001,DC,District of Columbia,47900,District of Columbia,-21.51,205.86,29.17,3.86,-25.0,0.55,54.29,12.29,1.41,6756.0,6313.29,4.6,4.56,-16437.0,false,11.0,225.0,32.14,7.09,0.0227,0.1023,-0.0088,10.0,0.2063,0.0,10.0,347.71,7.64,41.71,0.91,2021-01-26T00:00:00,2021-01-20T00:00:00,2021-01-26T00:00:00
11001,DC,District of Columbia,47900,District of Columbia,-21.47,53.29,7.55,0.57,-33.33,0.08,21.14,9.29,1.06,3390.0,4240.43,1.5,1.48,-12226.0,false,11.0,62.0,8.86,2.04,-0.1842,0.0362,-0.0026,11.0,0.0547,-0.0106,11.0,119.43,2.56,30.14,0.65,2020-10-19T00:00:00,2020-10-13T00:00:00,2020-10-19T00:00:00
11001,DC,District of Columbia,47900,District of Columbia,-21.46,52.29,7.41,1.0,16.67,0.14,19.71,5.14,0.58,2142.0,3529.29,1.89,1.85,1385.0,false,11.0,85.0,12.14,3.18,-0.1237,0.039,0.0,11.0,0.0825,0.0041,11.0,122.14,2.62,29.29,0.63,2020-08-24T00:00:00,2020-08-18T00:00:00,2020-08-24T00:00:00
11001,DC,District of Columbia,47900,District of Columbia,-21.12,44.29,6.27,1.0,133.33,0.14,18.0,4.71,0.52,3262.0,3229.57,1.77,1.61,-4570.0,false,11.0,78.0,11.14,2.73,-0.093,0.0381,0.0031,11.0,0.0701,-0.0015,11.0,109.29,2.33,26.29,0.56,2020-09-09T00:00:00,2020-09-03T00:00:00,2020-09-09T00:00:00
11001,DC,District of Columbia,47900,District of Columbia,-20.77,52.86,7.49,1.0,16.67,0.14,20.57,4.29,0.49,2444.0,3466.86,2.03,1.92,343.0,false,11.0,83.0,11.86,3.14,-0.1942,0.0383,-0.0007,11.0,0.0823,0.0091,11.0,121.43,2.61,29.29,0.63,2020-08-23T00:00:00,2020-08-17T00:00:00,2020-08-23T00:00:00
11001,DC,District of Columbia,47900,District of Columbia,-20.29,62.86,8.91,4.0,33.33,0.57,22.0,4.57,0.54,1712.0,1384.71,5.07,5.14,1433.0,false,10.0,0.0,0.0,0.0,0.0,0.0,0.0,0.0,0.0,0.0,0.0,129.29,3.08,26.29,0.63,2020-06-13T00:00:00,2020-06-07T00:00:00,2020-06-13T00:00:00
11001,DC,District of Columbia,47900,District of Columbia,-20.25,36.0,5.1,1.0,250.0,0.14,14.43,4.0,0.42,5976.0,4598.0,1.35,1.34,-940.0,false,11.0,81.0,11.57,2.72,0.209,0.0374,0.0008,11.0,0.0682,0.0013,11.0,99.14,2.16,26.71,0.58,2020-10-01T00:00:00,2020-09-25T00:00:00,2020-10-01T00:00:00
11001,DC,District of Columbia,47900,District of Columbia,-19.95,44.71,6.34,0.86,500.0,0.12,19.29,4.29,0.47,3671.0,3836.86,1.75,1.62,849.0,false,11.0,81.0,11.57,2.83,0.1739,0.035,-0.0036,11.0,0.0753,-0.0016,11.0,113.86,2.43,25.86,0.55,2020-09-05T00:00:00,2020-08-30T00:00:00,2020-09-05T00:00:00
11001,DC,District of Columbia,47900,District of Columbia,-19.77,39.43,5.59,2.43,-32.0,0.34,17.43,3.29,0.4,1243.0,1317.29,3.29,3.25,-1351.0,false,11.0,0.0,0.0,0.0,0.0,0.0,0.0,0.0,0.0,0.0,0.0,102.86,2.44,22.14,0.53,2020-06-23T00:00:00,2020-06-17T00:00:00,2020-06-23T00:00:00
11001,DC,District of Columbia,47900,District of Columbia,-19.66,40.86,5.79,0.43,-40.0,0.06,16.43,4.14,0.43,2383.0,4729.29,1.2,1.14,3317.0,false,11.0,71.0,10.14,2.36,0.1094,0.0374,0.0004,11.0,0.0687,0.0057,11.0,101.0,2.21,26.29,0.58,2020-09-28T00:00:00,2020-09-22T00:00:00,2020-09-28T00:00:00
11001,DC,District of Columbia,47900,District of Columbia,-19.48,195.43,27.69,4.57,88.24,0.65,45.71,7.86,1.03,4852.0,7723.43,4.37,4.26,-4098.0,false,11.0,188.0,26.86,6.22,-0.1296,0.1013,0.0011,9.0,0.1975,0.0025,9.0,349.29,8.19,41.86,0.98,2020-12-26T00:00:00,2020-12-20T00:00:00,2020-12-26T00:00:00
11001,DC,District of Columbia,47900,District of Columbia,-18.91,208.86,29.59,4.57,0.0,0.65,55.14,12.86,1.44,10344.0,6867.86,4.49,4.42,-10314.0,false,11.0,230.0,32.86,7.25,0.0698,0.1026,-0.0071,10.0,0.2056,0.0,10.0,345.57,7.54,42.29,0.92,2021-01-27T00:00:00,2021-01-21T00:00:00,2021-01-27T00:00:00
11001,DC,District of Columbia,47900,District of Columbia,-18.88,176.14,24.96,4.29,-21.05,0.61,26.43,6.71,0.79,6943.0,5673.29,3.85,3.74,-12408.0,false,10.0,215.0,30.71,6.88,-0.0444,0.0973,0.0,10.0,0.1915,-0.0165,10.0,229.29,5.37,31.71,0.74,2021-02-04T00:00:00,2021-01-29T00:00:00,2021-02-04T00:00:00
11001,DC,District of Columbia,47900,District of Columbia,-18.77,39.57,5.61,1.0,75.0,0.14,19.57,5.43,0.59,1135.0,2634.29,1.86,1.75,-8758.0,false,11.0,89.0,12.71,3.11,0.0854,0.0387,0.0044,11.0,0.0672,-0.0054,11.0,110.0,2.35,28.57,0.61,2020-09-10T00:00:00,2020-09-04T00:00:00,2020-09-10T00:00:00
11001,DC,District of Columbia,47900,District of Columbia,-18.73,42.14,5.97,0.57,0.0,0.08,15.86,3.86,0.41,3244.0,4739.86,1.13,1.11,3067.0,false,11.0,76.0,10.86,2.53,0.2667,0.0378,0.0011,11.0,0.0681,0.005,11.0,100.86,2.17,25.14,0.54,2020-09-27T00:00:00,2020-09-21T00:00:00,2020-09-27T00:00:00
11001,DC,District of Columbia,47900,District of Columbia,-18.65,262.29,37.16,5.14,50.0,0.73,53.29,9.29,1.06,6970.0,8658.29,4.13,4.16,7651.0,false,11.0,220.0,31.43,6.97,-0.2281,0.1111,0.0,9.0,0.2051,0.0179,10.0,384.0,8.53,38.86,0.86,2021-01-19T00:00:00,2021-01-13T00:00:00,2021-01-19T00:00:00
11001,DC,District of Columbia,47900,District of Columbia,-18.53,36.43,5.16,0.71,-16.67,0.1,17.43,6.43,0.71,2993.0,2298.29,2.02,1.95,-10770.0,false,11.0,89.0,12.71,3.13,0.0988,0.0393,0.0043,11.0,0.0624,-0.0129,11.0,107.86,2.31,30.0,0.64,2020-09-12T00:00:00,2020-09-06T00:00:00,2020-09-12T00:00:00
11001,DC,District of Columbia,47900,District of Columbia,-18.47,36.57,5.18,2.29,-36.0,0.32,18.43,3.71,0.45,1019.0,1274.57,3.33,3.27,-2393.0,false,11.0,0.0,0.0,0.0,0.0,0.0,0.0,0.0,0.0,0.0,0.0,102.71,2.42,20.71,0.49,2020-06-25T00:00:00,2020-06-19T00:00:00,2020-06-25T00:00:00
11001,DC,District of Columbia,47900,District of Columbia,-18.08,62.14,8.81,3.71,13.04,0.53,22.0,5.0,0.6,1674.0,1355.0,4.29,4.1,-51.0,false,10.0,0.0,0.0,0.0,0.0,0.0,0.0,0.0,0.0,0.0,0.0,125.14,2.98,26.71,0.64,2020-06-14T00:00:00,2020-06-08T00:00:00,2020-06-14T00:00:00
11001,DC,District of Columbia,47900,District of Columbia,-17.57,36.86,5.22,0.71,0.0,0.1,17.43,4.0,0.43,4273.0,4640.86,1.47,1.47,-137.0,false,10.0,68.0,9.71,2.28,-0.1605,0.0365,-0.0013,11.0,0.0645,-0.0033,11.0,108.43,2.35,28.43,0.62,2020-10-03T00:00:00,2020-09-27T00:00:00,2020-10-03T00:00:00
11001,DC,District of Columbia,47900,District of Columbia,-16.99,55.14,7.81,0.57,-33.33,0.08,20.71,8.71,1.03,4958.0,4303.57,1.43,1.42,-11330.0,false,10.0,52.0,7.43,1.71,-0.35,0.0359,-0.0037,11.0,0.0568,-0.0111,11.0,117.14,2.55,30.0,0.65,2020-10-18T00:00:00,2020-10-12T00:00:00,2020-10-18T00:00:00
11001,DC,District of Columbia,47900,District of Columbia,-16.47,39.86,5.65,0.71,0.0,0.1,15.57,4.0,0.41,4720.0,4918.29,1.22,1.16,5036.0,false,11.0,77.0,11.0,2.56,0.2833,0.0376,0.0008,11.0,0.0703,0.0071,11.0,100.57,2.18,26.0,0.57,2020-09-29T00:00:00,2020-09-23T00:00:00,2020-09-29T00:00:00
11001,DC,District of Columbia,47900,District of Columbia,-16.46,47.14,6.68,0.71,-28.57,0.1,21.57,5.14,0.58,5182.0,3596.14,2.03,1.99,1339.0,false,11.0,83.0,11.86,3.02,-0.0778,0.0399,0.0027,11.0,0.084,0.0034,11.0,124.86,2.68,29.43,0.63,2020-08-26T00:00:00,2020-08-20T00:00:00,2020-08-26T00:00:00
11001,DC,District of Columbia,47900,District of Columbia,-16.4,37.14,5.26,0.86,50.0,0.12,14.86,3.57,0.38,5839.0,4677.43,1.44,1.45,-629.0,false,11.0,79.0,11.29,2.66,0.1618,0.0368,-0.0004,11.0,0.0682,0.002,11.0,101.29,2.21,26.71,0.58,2020-10-02T00:00:00,2020-09-26T00:00:00,2020-10-02T00:00:00
11001,DC,District of Columbia,47900,District of Columbia,-16.4,45.14,6.4,0.29,-33.33,0.04,16.43,3.43,0.38,6921.0,4732.29,1.31,1.25,7523.0,false,11.0,67.0,9.57,2.22,0.1552,0.0366,-0.0017,11.0,0.0668,0.0079,11.0,100.86,2.21,26.0,0.57,2020-09-24T00:00:00,2020-09-18T00:00:00,2020-09-24T00:00:00
11001,DC,District of Columbia,47900,District of Columbia,-16.32,51.29,7.27,0.71,-16.67,0.1,21.0,5.71,0.65,3185.0,3517.0,1.99,1.94,557.0,false,11.0,85.0,12.14,3.1,-0.1237,0.0392,0.0012,11.0,0.0818,0.0014,11.0,123.71,2.66,29.14,0.63,2020-08-25T00:00:00,2020-08-19T00:00:00,2020-08-25T00:00:00
11001,DC,District of Columbia,47900,District of Columbia,-15.82,76.0,10.77,3.29,-17.86,0.47,25.43,5.14,0.63,877.0,1400.14,7.76,8.01,3813.0,false,11.0,0.0,0.0,0.0,0.0,0.0,0.0,0.0,0.0,0.0,0.0,169.0,4.15,31.14,0.77,2020-06-08T00:00:00,2020-06-02T00:00:00,2020-06-08T00:00:00
11001,DC,District of Columbia,47900,District of Columbia,-15.66,33.86,4.8,1.71,-33.33,0.24,17.57,4.14,0.5,1400.0,1837.14,2.46,2.31,3661.0,false,11.0,0.0,0.0,0.0,0.0,0.0,0.0,0.0,0.0,0.0,0.0,107.29,2.45,25.14,0.58,2020-07-01T00:00:00,2020-06-25T00:00:00,2020-07-01T00:00:00
11001,DC,District of Columbia,47900,District of Columbia,-15.64,33.14,4.7,2.43,-15.0,0.34,17.14,4.57,0.56,2025.0,1436.0,3.1,3.0,-585.0,false,10.0,0.0,0.0,0.0,0.0,0.0,0.0,0.0,0.0,0.0,0.0,101.86,2.37,22.29,0.52,2020-06-27T00:00:00,2020-06-21T00:00:00,2020-06-27T00:00:00
11001,DC,District of Columbia,47900,District of Columbia,-15.58,33.29,4.72,2.0,-17.65,0.28,17.43,3.86,0.47,2552.0,1856.57,2.51,2.36,3775.0,false,11.0,0.0,0.0,0.0,0.0,0.0,0.0,0.0,0.0,0.0,0.0,100.43,2.31,24.14,0.56,2020-06-30T00:00:00,2020-06-24T00:00:00,2020-06-30T00:00:00
11001,DC,District of Columbia,47900,District of Columbia,-15.18,217.14,30.77,5.43,72.73,0.77,50.57,11.71,1.34,9152.0,7445.86,4.32,4.25,676.0,false,11.0,225.0,32.14,7.09,0.1139,0.1022,-0.0058,10.0,0.208,0.0058,10.0,324.71,7.22,37.57,0.84,2021-01-28T00:00:00,2021-01-22T00:00:00,2021-01-28T00:00:00
11001,DC,District of Columbia,47900,District of Columbia,-14.87,257.57,36.5,4.57,28.0,0.65,50.71,8.86,1.05,6458.0,8339.0,4.23,4.24,5563.0,false,11.0,215.0,30.71,6.8,-0.2066,0.1097,0.0,10.0,0.2039,0.0085,10.0,377.14,8.44,39.0,0.87,2021-01-20T00:00:00,2021-01-14T00:00:00,2021-01-20T00:00:00
11001,DC,District of Columbia,47900,District of Columbia,-14.59,74.43,10.55,3.71,-7.14,0.53,25.14,5.0,0.6,1013.0,1237.71,6.62,6.75,785.0,false,11.0,0.0,0.0,0.0,0.0,0.0,0.0,0.0,0.0,0.0,0.0,152.43,3.68,30.14,0.73,2020-06-10T00:00:00,2020-06-04T00:00:00,2020-06-10T00:00:00
11001,DC,District of Columbia,47900,District of Columbia,-14.5,215.57,30.55,5.71,60.0,0.81,47.86,12.14,1.4,9140.0,7418.71,4.04,3.9,2498.0,false,11.0,219.0,31.29,6.91,0.0282,0.1018,-0.0055,10.0,0.2085,0.0058,10.0,310.0,6.95,37.29,0.84,2021-01-29T00:00:00,2021-01-23T00:00:00,2021-01-29T00:00:00
11001,DC,District of Columbia,47900,District of Columbia,-14.25,44.71,6.34,0.57,33.33,0.08,17.43,4.29,0.46,2420.0,3492.43,1.74,1.59,-2810.0,false,11.0,76.0,10.86,2.67,-0.0952,0.0375,0.0018,11.0,0.0732,0.0018,11.0,110.86,2.35,26.43,0.56,2020-09-08T00:00:00,2020-09-02T00:00:00,2020-09-08T00:00:00
11001,DC,District of Columbia,47900,District of Columbia,-14.08,50.57,7.17,0.14,-85.71,0.02,19.29,7.14,0.79,6754.0,5865.86,1.44,1.41,10504.0,false,11.0,71.0,10.14,2.34,0.1639,0.0371,0.0005,11.0,0.0559,-0.0051,11.0,117.71,2.49,28.14,0.6,2020-10-23T00:00:00,2020-10-17T00:00:00,2020-10-23T00:00:00
11001,DC,District of Columbia,47900,District of Columbia,-13.86,61.29,8.68,0.86,0.0,0.12,20.57,4.43,0.51,3271.0,3437.43,2.17,2.11,-1202.0,false,9.0,97.0,13.86,3.7,-0.0762,0.038,-0.0007,10.0,0.0804,0.0274,10.0,120.43,2.63,29.57,0.65,2020-08-18T00:00:00,2020-08-12T00:00:00,2020-08-18T00:00:00
11001,DC,District of Columbia,47900,District of Columbia,-13.76,43.86,6.21,0.57,100.0,0.08,16.71,4.0,0.44,7348.0,4435.29,1.34,1.29,9151.0,false,11.0,66.0,9.43,2.19,-0.1081,0.0363,-0.0024,11.0,0.0659,0.0071,11.0,99.57,2.19,24.57,0.54,2020-09-23T00:00:00,2020-09-17T00:00:00,2020-09-23T00:00:00
11001,DC,District of Columbia,47900,District of Columbia,-13.43,256.0,36.27,3.14,-35.29,0.45,51.0,11.14,1.28,5106.0,7348.0,4.35,4.34,-5337.0,false,11.0,202.0,28.86,6.39,-0.2628,0.108,-0.005,10.0,0.2022,0.0,10.0,378.71,8.36,43.0,0.94,2021-01-21T00:00:00,2021-01-15T00:00:00,2021-01-21T00:00:00
11001,DC,District of Columbia,47900,District of Columbia,-13.37,44.43,6.3,0.57,33.33,0.08,16.43,3.86,0.42,5283.0,4767.29,1.26,1.2,4820.0,false,11.0,68.0,9.71,2.25,0.283,0.0373,-0.0001,11.0,0.0661,0.0063,11.0,101.43,2.21,26.29,0.57,2020-09-25T00:00:00,2020-09-19T00:00:00,2020-09-25T00:00:00
11001,DC,District of Columbia,47900,District of Columbia,-13.28,45.71,6.48,0.71,150.0,0.1,18.43,4.29,0.47,2978.0,3904.43,1.66,1.57,1261.0,false,11.0,78.0,11.14,2.72,0.0263,0.0354,-0.0022,11.0,0.0753,0.0002,11.0,115.0,2.45,26.71,0.57,2020-09-06T00:00:00,2020-08-31T00:00:00,2020-09-06T00:00:00
11001,DC,District of Columbia,47900,District of Columbia,-13.18,252.14,35.73,3.57,-24.24,0.51,54.71,10.57,1.21,9330.0,7061.14,4.41,4.42,-10362.0,false,11.0,213.0,30.43,6.73,-0.1514,0.1073,0.0,10.0,0.2027,0.0,10.0,379.29,8.32,42.14,0.92,2021-01-22T00:00:00,2021-01-16T00:00:00,2021-01-22T00:00:00
11001,DC,District of Columbia,47900,District of Columbia,-13.12,249.71,35.38,2.29,14.29,0.32,66.14,12.0,1.39,8898.0,7894.29,4.47,4.4,-1803.0,false,11.0,212.0,30.29,6.87,0.11,0.0962,0.0183,9.0,0.1865,0.0454,9.0,361.71,7.99,46.57,1.03,2020-12-16T00:00:00,2020-12-10T00:00:00,2020-12-16T00:00:00
11001,DC,District of Columbia,47900,District of Columbia,-12.55,64.71,9.17,0.57,33.33,0.08,22.71,6.43,0.73,3295.0,3593.71,2.74,2.62,5069.0,false,10.0,91.0,13.0,4.04,1.7576,0.0444,0.0036,10.0,0.0415,-0.0103,9.0,129.43,2.84,31.71,0.69,2020-08-04T00:00:00,2020-07-29T00:00:00,2020-08-04T00:00:00
11001,DC,District of Columbia,47900,District of Columbia,-12.33,65.0,9.21,0.57,33.33,0.08,24.29,6.71,0.75,2517.0,3511.14,2.63,2.52,3431.0,false,9.0,74.0,10.57,3.57,0.85,0.0434,0.0012,10.0,0.0404,-0.0133,9.0,136.57,2.97,33.0,0.72,2020-08-03T00:00:00,2020-07-28T00:00:00,2020-08-03T00:00:00
11001,DC,District of Columbia,47900,District of Columbia,-12.3,47.86,6.78,0.86,100.0,0.12,18.57,3.43,0.37,3764.0,3871.71,1.7,1.58,1085.0,false,11.0,81.0,11.57,2.79,0.0658,0.0342,-0.0063,11.0,0.0735,-0.0075,11.0,118.0,2.53,26.57,0.57,2020-09-04T00:00:00,2020-08-29T00:00:00,2020-09-04T00:00:00
11001,DC,District of Columbia,47900,District of Columbia,-11.43,48.71,6.9,0.57,0.0,0.08,17.71,3.29,0.36,5302.0,3885.43,1.77,1.64,1197.0,false,11.0,82.0,11.71,2.84,0.025,0.0343,-0.0065,11.0,0.0726,-0.0109,11.0,118.0,2.55,28.0,0.6,2020-09-03T00:00:00,2020-08-28T00:00:00,2020-09-03T00:00:00
11001,DC,District of Columbia,47900,District of Columbia,-10.8,89.71,12.71,3.14,-46.34,0.45,32.86,4.86,0.62,1083.0,1083.14,8.74,8.93,412.0,false,11.0,0.0,0.0,0.0,0.0,0.0,0.0,0.0,0.0,0.0,0.0,191.71,4.8,35.57,0.89,2020-06-04T00:00:00,2020-05-29T00:00:00,2020-06-04T00:00:00
11001,DC,District of Columbia,47900,District of Columbia,-10.8,223.0,31.6,3.43,26.32,0.49,56.0,8.71,1.05,6501.0,8370.0,3.95,3.92,3736.0,false,11.0,206.0,29.43,6.7,-0.0143,0.1014,0.0075,9.0,0.201,0.0208,9.0,363.14,8.18,44.29,1.0,2020-12-22T00:00:00,2020-12-16T00:00:00,2020-12-22T00:00:00
11001,DC,District of Columbia,47900,District of Columbia,-10.67,68.14,9.66,0.57,0.0,0.08,24.57,6.14,0.69,5587.0,3686.29,2.58,2.5,4496.0,false,8.0,41.0,5.86,2.08,-0.3167,0.0386,-0.0025,9.0,0.0356,-0.0166,9.0,134.57,2.94,31.57,0.69,2020-07-31T00:00:00,2020-07-25T00:00:00,2020-07-31T00:00:00
11001,DC,District of Columbia,47900,District of Columbia,-10.58,53.14,7.53,0.14,-80.0,0.02,19.57,6.86,0.75,5800.0,6007.57,1.51,1.47,12231.0,false,10.0,83.0,11.86,2.74,0.5091,0.0379,0.0019,11.0,0.0567,-0.0023,11.0,120.86,2.55,29.71,0.63,2020-10-24T00:00:00,2020-10-18T00:00:00,2020-10-24T00:00:00
11001,DC,District of Columbia,47900,District of Columbia,-10.44,247.43,35.06,2.43,6.25,0.34,64.29,11.43,1.33,9835.0,7901.86,4.46,4.38,-1329.0,false,11.0,214.0,30.57,6.94,0.1204,0.0988,0.0203,9.0,0.1873,0.0432,9.0,356.29,7.86,46.71,1.03,2020-12-17T00:00:00,2020-12-11T00:00:00,2020-12-17T00:00:00
11001,DC,District of Columbia,47900,District of Columbia,-10.1,39.43,5.59,0.86,50.0,0.12,15.29,4.0,0.41,6051.0,4733.0,1.27,1.23,2084.0,false,11.0,71.0,10.14,2.37,0.0758,0.0374,0.001,11.0,0.0695,0.0037,11.0,100.29,2.16,27.57,0.59,2020-09-30T00:00:00,2020-09-24T00:00:00,2020-09-30T00:00:00
11001,DC,District of Columbia,47900,District of Columbia,-9.88,32.57,4.62,2.43,-5.56,0.34,17.14,4.29,0.52,2077.0,1555.86,3.01,2.88,690.0,false,10.0,0.0,0.0,0.0,0.0,0.0,0.0,0.0,0.0,0.0,0.0,103.43,2.39,22.71,0.53,2020-06-28T00:00:00,2020-06-22T00:00:00,2020-06-28T00:00:00
11001,DC,District of Columbia,47900,District of Columbia,-9.77,33.0,4.68,1.57,-31.25,0.22,16.29,4.0,0.48,2097.0,1991.14,2.3,2.24,5016.0,false,11.0,0.0,0.0,0.0,0.0,0.0,0.0,0.0,0.0,0.0,0.0,107.43,2.44,26.71,0.61,2020-07-02T00:00:00,2020-06-26T00:00:00,2020-07-02T00:00:00
11001,DC,District of Columbia,47900,District of Columbia,-9.65,33.43,4.74,2.29,-20.0,0.32,16.57,3.86,0.47,2025.0,1669.57,2.79,2.66,1925.0,false,11.0,0.0,0.0,0.0,0.0,0.0,0.0,0.0,0.0,0.0,0.0,101.86,2.34,23.71,0.55,2020-06-29T00:00:00,2020-06-23T00:00:00,2020-06-29T00:00:00
11001,DC,District of Columbia,47900,District of Columbia,-9.65,151.14,21.42,1.43,0.0,0.2,44.43,9.57,1.14,7464.0,9686.29,2.96,2.88,14518.0,false,10.0,127.0,18.14,4.14,0.0855,0.0595,0.0078,11.0,0.1026,0.0245,11.0,275.43,6.1,47.57,1.06,2020-11-26T00:00:00,2020-11-20T00:00:00,2020-11-26T00:00:00
11001,DC,District of Columbia,47900,District of Columbia,-9.38,53.86,7.63,0.71,-16.67,0.1,20.0,9.43,1.07,6207.0,4527.29,1.44,1.39,-9360.0,false,11.0,65.0,9.29,2.14,-0.058,0.0365,-0.0016,11.0,0.0543,-0.0105,11.0,116.57,2.51,31.43,0.68,2020-10-20T00:00:00,2020-10-14T00:00:00,2020-10-20T00:00:00
11001,DC,District of Columbia,47900,District of Columbia,-9.35,40.14,5.69,2.57,-25.0,0.36,18.29,3.29,0.4,1536.0,1314.14,3.24,3.2,-1918.0,false,11.0,0.0,0.0,0.0,0.0,0.0,0.0,0.0,0.0,0.0,0.0,101.71,2.4,20.71,0.49,2020-06-24T00:00:00,2020-06-18T00:00:00,2020-06-24T00:00:00
11001,DC,District of Columbia,47900,District of Columbia,-8.81,38.43,5.45,1.0,75.0,0.14,18.43,4.57,0.51,3132.0,4624.86,1.5,1.49,-805.0,false,10.0,71.0,10.14,2.38,-0.0658,0.0367,-0.0011,11.0,0.0654,-0.0027,11.0,113.14,2.44,30.29,0.65,2020-10-04T00:00:00,2020-09-28T00:00:00,2020-10-04T00:00:00
11001,DC,District of Columbia,47900,District of Columbia,-8.76,190.57,27.0,4.43,-3.13,0.63,29.14,7.14,0.85,5777.0,5988.86,3.83,3.71,-6153.0,false,11.0,195.0,27.86,6.16,-0.1522,0.0966,-0.006,10.0,0.1943,-0.0113,10.0,244.71,5.7,31.14,0.72,2021-02-03T00:00:00,2021-01-28T00:00:00,2021-02-03T00:00:00
11001,DC,District of Columbia,47900,District of Columbia,-8.5,46.14,6.54,0.57,33.33,0.08,18.14,4.43,0.49,1210.0,3777.71,1.71,1.55,419.0,false,11.0,79.0,11.29,2.78,0.0128,0.0365,0.0,11.0,0.0741,0.0009,11.0,113.29,2.43,27.86,0.6,2020-09-07T00:00:00,2020-09-01T00:00:00,2020-09-07T00:00:00
11001,DC,District of Columbia,47900,District of Columbia,-8.36,43.86,6.21,0.71,-16.67,0.1,18.29,5.14,0.56,2090.0,2395.14,2.07,2.0,-10336.0,false,11.0,89.0,12.71,3.17,0.0988,0.0395,0.0053,11.0,0.0652,-0.0083,11.0,107.86,2.31,29.14,0.63,2020-09-11T00:00:00,2020-09-05T00:00:00,2020-09-11T00:00:00
11001,DC,District of Columbia,47900,District of Columbia,-8.2,64.0,9.07,0.71,25.0,0.1,21.0,5.57,0.63,3753.0,3449.0,2.91,2.82,-1352.0,false,10.0,102.0,14.57,4.03,0.7895,0.0419,0.0008,10.0,0.0476,0.0098,9.0,131.14,2.87,31.29,0.69,2020-08-08T00:00:00,2020-08-02T00:00:00,2020-08-08T00:00:00
11001,DC,District of Columbia,47900,District of Columbia,-8.09,250.0,35.42,2.71,18.75,0.38,66.71,12.43,1.41,7358.0,7836.14,4.62,4.57,-2162.0,false,11.0,209.0,29.86,6.77,0.0296,0.0939,0.0172,9.0,0.1802,0.0424,9.0,368.43,7.98,47.57,1.03,2020-12-15T00:00:00,2020-12-09T00:00:00,2020-12-15T00:00:00
11001,DC,District of Columbia,47900,District of Columbia,-7.48,53.0,7.51,0.57,0.0,0.08,18.43,7.43,0.84,7420.0,5534.14,1.44,1.4,4780.0,false,10.0,65.0,9.29,2.15,0.0,0.0367,-0.0006,11.0,0.056,-0.0081,11.0,112.57,2.42,27.29,0.59,2020-10-22T00:00:00,2020-10-16T00:00:00,2020-10-22T00:00:00
11001,DC,District of Columbia,47900,District of Columbia,-7.3,228.71,32.41,4.43,40.91,0.63,44.86,8.14,1.07,3298.0,7387.71,4.9,4.51,-5307.0,false,11.0,192.0,27.43,6.36,-0.0254,0.1011,0.001,9.0,0.1952,-0.0038,9.0,352.29,8.23,43.86,1.02,2020-12-27T00:00:00,2020-12-21T00:00:00,2020-12-27T00:00:00
11001,DC,District of Columbia,47900,District of Columbia,-7.27,229.43,32.51,4.43,82.35,0.63,48.43,8.29,1.03,9598.0,8607.57,3.92,3.89,4940.0,false,11.0,199.0,28.43,6.51,-0.0701,0.1015,0.0027,9.0,0.2006,0.0133,9.0,358.14,8.12,43.14,0.98,2020-12-24T00:00:00,2020-12-18T00:00:00,2020-12-24T00:00:00
11001,DC,District of Columbia,47900,District of Columbia,-7.09,232.0,32.87,4.43,93.75,0.63,52.14,8.71,1.04,10798.0,8641.43,3.9,3.87,5230.0,false,11.0,206.0,29.43,6.71,-0.0283,0.102,0.0058,9.0,0.1992,0.0127,9.0,360.86,7.98,44.86,0.99,2020-12-23T00:00:00,2020-12-17T00:00:00,2020-12-23T00:00:00
11001,DC,District of Columbia,47900,District of Columbia,-6.93,249.57,35.36,2.71,18.75,0.38,63.43,11.14,1.29,9606.0,8025.86,4.42,4.33,273.0,false,11.0,208.0,29.71,6.74,0.04,0.0998,0.0195,9.0,0.1891,0.0414,9.0,356.57,7.91,46.57,1.03,2020-12-18T00:00:00,2020-12-12T00:00:00,2020-12-18T00:00:00
11001,DC,District of Columbia,47900,District of Columbia,-6.69,69.71,9.88,0.57,33.33,0.08,24.29,6.14,0.69,2861.0,3642.14,2.56,2.49,4046.0,false,8.0,57.0,8.14,2.91,0.0755,0.0412,-0.0004,9.0,0.0379,-0.0199,9.0,137.14,2.98,32.57,0.71,2020-08-01T00:00:00,2020-07-26T00:00:00,2020-08-01T00:00:00
11001,DC,District of Columbia,47900,District of Columbia,-6.56,67.14,9.51,0.57,-55.56,0.08,23.86,5.71,0.65,3913.0,3177.14,2.68,2.65,1443.0,false,5.0,25.0,3.57,1.38,-0.5968,0.0389,-0.0001,5.0,0.0344,-0.0066,5.0,136.0,2.97,30.86,0.67,2020-07-29T00:00:00,2020-07-23T00:00:00,2020-07-29T00:00:00
11001,DC,District of Columbia,47900,District of Columbia,-6.52,59.43,8.42,0.71,-28.57,0.1,21.0,9.14,1.1,4808.0,4260.29,1.41,1.41,-10110.0,false,10.0,55.0,7.86,1.8,-0.2949,0.036,-0.0038,11.0,0.0589,-0.0095,11.0,120.43,2.63,30.0,0.66,2020-10-17T00:00:00,2020-10-11T00:00:00,2020-10-17T00:00:00
11001,DC,District of Columbia,47900,District of Columbia,-6.1,153.86,21.8,1.14,-33.33,0.16,44.29,9.14,1.08,5400.0,9049.43,3.43,3.23,3067.0,false,10.0,128.0,18.29,4.22,-0.0303,0.063,0.0089,9.0,0.1121,0.0299,9.0,284.71,6.21,50.43,1.11,2020-11-28T00:00:00,2020-11-22T00:00:00,2020-11-28T00:00:00
11001,DC,District of Columbia,47900,District of Columbia,-5.88,228.86,32.43,4.14,11.54,0.59,46.14,8.29,1.08,4018.0,6744.71,5.11,4.66,-12234.0,false,11.0,193.0,27.57,6.41,-0.0585,0.1002,-0.0006,9.0,0.1946,-0.0044,10.0,348.57,8.09,42.43,0.98,2020-12-28T00:00:00,2020-12-22T00:00:00,2020-12-28T00:00:00
11001,DC,District of Columbia,47900,District of Columbia,-5.67,66.57,9.43,0.86,20.0,0.12,21.29,4.29,0.49,1705.0,3331.43,2.37,2.28,-2710.0,false,10.0,97.0,13.86,3.71,-0.1101,0.039,0.0002,10.0,0.0784,0.028,10.0,120.14,2.63,28.29,0.62,2020-08-17T00:00:00,2020-08-11T00:00:00,2020-08-17T00:00:00
11001,DC,District of Columbia,47900,District of Columbia,-5.67,218.86,31.01,4.14,-6.45,0.59,49.57,7.86,1.0,6339.0,6113.71,5.62,5.29,-17694.0,false,11.0,196.0,28.0,6.53,-0.0485,0.0989,-0.0031,9.0,0.1934,-0.0058,10.0,362.0,8.24,43.71,0.99,2020-12-30T00:00:00,2020-12-24T00:00:00,2020-12-30T00:00:00
11001,DC,District of Columbia,47900,District of Columbia,-5.53,63.43,8.99,0.43,-25.0,0.06,22.71,5.29,0.61,3475.0,3531.14,2.8,2.69,2478.0,false,10.0,105.0,15.0,4.32,3.2,0.045,0.0062,10.0,0.0466,0.0122,9.0,128.0,2.81,30.43,0.67,2020-08-05T00:00:00,2020-07-30T00:00:00,2020-08-05T00:00:00
11001,DC,District of Columbia,47900,District of Columbia,-5.14,65.86,9.33,0.43,0.0,0.06,21.0,5.14,0.6,3057.0,3292.29,2.75,2.65,-516.0,false,10.0,111.0,15.86,4.55,4.55,0.0452,0.0092,10.0,0.0476,0.0178,9.0,129.86,2.85,31.29,0.69,2020-08-06T00:00:00,2020-07-31T00:00:00,2020-08-06T00:00:00
11001,DC,District of Columbia,47900,District of Columbia,-4.95,43.86,6.21,0.71,25.0,0.1,17.57,8.0,0.89,2781.0,2584.57,1.83,1.82,-8352.0,false,11.0,82.0,11.71,2.81,0.038,0.0387,0.0022,11.0,0.0592,-0.0149,11.0,106.29,2.25,30.57,0.65,2020-09-14T00:00:00,2020-09-08T00:00:00,2020-09-14T00:00:00
11001,DC,District of Columbia,47900,District of Columbia,-4.82,70.57,10.0,0.71,66.67,0.1,24.29,5.86,0.66,2254.0,3636.71,2.63,2.53,4017.0,false,10.0,69.0,9.86,3.41,0.4681,0.0421,-0.0002,10.0,0.0397,-0.0172,9.0,136.29,2.95,31.86,0.69,2020-08-02T00:00:00,2020-07-27T00:00:00,2020-08-02T00:00:00
11001,DC,District of Columbia,47900,District of Columbia,-4.7,31.86,4.51,1.43,-37.5,0.2,16.29,3.71,0.46,1760.0,2035.57,2.77,2.62,2562.0,false,11.0,0.0,0.0,0.0,0.0,0.0,0.0,0.0,0.0,0.0,0.0,104.29,2.4,24.0,0.55,2020-07-06T00:00:00,2020-06-30T00:00:00,2020-07-06T00:00:00
11001,DC,District of Columbia,47900,District of Columbia,-4.07,242.71,34.39,2.43,-5.56,0.34,63.43,11.14,1.29,9583.0,8308.86,4.31,4.2,2454.0,false,10.0,216.0,30.86,7.0,0.0746,0.1002,0.0164,9.0,0.1951,0.0416,9.0,359.14,8.04,46.71,1.04,2020-12-19T00:00:00,2020-12-13T00:00:00,2020-12-19T00:00:00
11001,DC,District of Columbia,47900,District of Columbia,-3.67,221.0,31.31,4.29,-3.23,0.61,54.29,8.14,1.0,8113.0,5901.57,5.77,5.55,-18942.0,false,11.0,198.0,28.29,6.59,-0.005,0.0981,-0.0034,9.0,0.1919,-0.0087,10.0,370.14,8.23,45.0,1.0,2020-12-31T00:00:00,2020-12-25T00:00:00,2020-12-31T00:00:00
11001,DC,District of Columbia,47900,District of Columbia,-3.55,50.43,7.15,0.43,-57.14,0.06,19.86,3.57,0.4,2097.0,3717.86,2.01,1.93,1320.0,false,11.0,78.0,11.14,2.73,-0.0824,0.0364,-0.0026,11.0,0.0732,-0.0093,11.0,119.0,2.59,29.29,0.64,2020-08-31T00:00:00,2020-08-25T00:00:00,2020-08-31T00:00:00
11001,DC,District of Columbia,47900,District of Columbia,-3.44,253.0,35.85,2.57,5.88,0.36,65.0,10.29,1.16,7600.0,7957.86,4.57,4.5,3422.0,false,10.0,201.0,28.71,6.53,0.0415,0.0838,0.0104,9.0,0.1534,0.0228,9.0,360.29,7.85,45.29,0.99,2020-12-12T00:00:00,2020-12-06T00:00:00,2020-12-12T00:00:00
11001,DC,District of Columbia,47900,District of Columbia,-3.22,150.14,21.27,1.71,50.0,0.24,47.0,9.43,1.05,8700.0,10045.43,2.8,2.75,19622.0,false,10.0,124.0,17.71,4.02,0.0248,0.0583,0.0072,11.0,0.0969,0.0197,11.0,277.43,5.95,49.0,1.06,2020-11-25T00:00:00,2020-11-19T00:00:00,2020-11-25T00:00:00
11001,DC,District of Columbia,47900,District of Columbia,-3.17,157.14,22.27,1.86,333.33,0.26,45.43,9.71,1.08,7820.0,10120.86,2.65,2.62,22300.0,false,11.0,128.0,18.29,4.15,0.0667,0.0571,0.0068,11.0,0.0925,0.0171,11.0,278.86,5.99,48.43,1.05,2020-11-24T00:00:00,2020-11-18T00:00:00,2020-11-24T00:00:00
11001,DC,District of Columbia,47900,District of Columbia,-3.04,68.43,9.7,0.71,0.0,0.1,22.0,5.86,0.67,4348.0,3748.14,2.72,2.68,780.0,false,10.0,101.0,14.43,3.98,0.4638,0.0404,-0.0017,10.0,0.0487,0.009,9.0,129.43,2.84,31.29,0.69,2020-08-09T00:00:00,2020-08-03T00:00:00,2020-08-09T00:00:00
11001,DC,District of Columbia,47900,District of Columbia,-2.94,66.14,9.37,0.57,0.0,0.08,20.0,5.0,0.58,5792.0,3321.57,2.75,2.65,-2553.0,false,10.0,102.0,14.57,4.14,1.4878,0.0439,0.0052,10.0,0.0464,0.0108,9.0,129.0,2.81,31.0,0.68,2020-08-07T00:00:00,2020-08-01T00:00:00,2020-08-07T00:00:00
11001,DC,District of Columbia,47900,District of Columbia,-2.72,245.57,34.8,2.14,-28.57,0.3,66.29,12.86,1.46,6093.0,7964.57,4.57,4.52,150.0,false,11.0,209.0,29.86,6.78,0.0347,0.0911,0.0159,9.0,0.1749,0.0421,9.0,363.71,7.91,48.0,1.04,2020-12-14T00:00:00,2020-12-08T00:00:00,2020-12-14T00:00:00
11001,DC,District of Columbia,47900,District of Columbia,-2.51,66.71,9.45,0.86,20.0,0.12,20.57,5.29,0.59,4117.0,3417.86,2.37,2.29,-2312.0,false,10.0,103.0,14.71,3.9,0.0198,0.039,-0.0014,10.0,0.0733,0.0245,10.0,120.57,2.63,28.0,0.61,2020-08-16T00:00:00,2020-08-10T00:00:00,2020-08-16T00:00:00
11001,DC,District of Columbia,47900,District of Columbia,-2.5,223.14,31.62,3.71,-10.34,0.53,59.43,7.57,0.87,6634.0,6268.0,5.62,5.57,-3337.0,false,11.0,231.0,33.0,7.6,0.1969,0.1002,0.0,9.0,0.1901,-0.0045,10.0,403.43,8.6,43.86,0.94,2021-01-04T00:00:00,2020-12-29T00:00:00,2021-01-04T00:00:00
11001,DC,District of Columbia,47900,District of Columbia,-2.44,223.14,31.62,3.71,-16.13,0.53,59.29,8.0,0.9,3959.0,5894.29,5.66,5.61,-10454.0,false,11.0,236.0,33.71,7.78,0.2292,0.0991,-0.002,9.0,0.1917,-0.0035,10.0,391.57,8.39,43.29,0.93,2021-01-03T00:00:00,2020-12-28T00:00:00,2021-01-03T00:00:00
11001,DC,District of Columbia,47900,District of Columbia,-2.35,291.43,41.29,5.14,50.0,0.73,54.86,9.71,1.11,6442.0,8903.86,4.19,4.22,10608.0,false,11.0,251.0,35.86,7.94,-0.0738,0.1119,0.0,9.0,0.2071,0.0238,10.0,389.14,8.63,38.14,0.85,2021-01-18T00:00:00,2021-01-12T00:00:00,2021-01-18T00:00:00
11001,DC,District of Columbia,47900,District of Columbia,-2.19,44.71,6.34,0.71,0.0,0.1,18.29,8.29,0.94,3411.0,2360.14,2.01,1.93,-10810.0,false,11.0,87.0,12.43,3.03,0.1154,0.0391,0.0037,11.0,0.06,-0.0154,11.0,107.71,2.31,31.29,0.67,2020-09-13T00:00:00,2020-09-07T00:00:00,2020-09-13T00:00:00
11001,DC,District of Columbia,47900,District of Columbia,-1.9,58.86,8.34,1.0,40.0,0.14,21.43,8.71,1.03,4432.0,4365.29,1.44,1.44,-8105.0,false,11.0,61.0,8.71,2.03,-0.2561,0.0366,-0.0028,11.0,0.0611,-0.0047,11.0,121.71,2.65,30.71,0.67,2020-10-16T00:00:00,2020-10-10T00:00:00,2020-10-16T00:00:00
11001,DC,District of Columbia,47900,District of Columbia,-1.82,69.43,9.84,0.43,-57.14,0.06,24.0,6.0,0.68,4729.0,3366.0,2.64,2.61,1464.0,false,9.0,20.0,2.86,1.04,-0.7015,0.036,-0.0056,9.0,0.0298,-0.0209,9.0,132.57,2.9,32.43,0.71,2020-07-30T00:00:00,2020-07-24T00:00:00,2020-07-30T00:00:00
11001,DC,District of Columbia,47900,District of Columbia,-1.47,57.29,8.12,0.57,-33.33,0.08,20.71,7.71,0.91,2900.0,4851.29,1.37,1.34,-2708.0,false,11.0,65.0,9.29,2.17,-0.1558,0.0373,-0.001,11.0,0.0641,0.0006,11.0,124.29,2.69,31.71,0.69,2020-10-15T00:00:00,2020-10-09T00:00:00,2020-10-15T00:00:00
11001,DC,District of Columbia,47900,District of Columbia,-1.14,161.29,22.85,1.14,-33.33,0.16,43.14,9.43,1.12,9099.0,9571.0,3.05,2.96,10268.0,false,10.0,140.0,20.0,4.6,0.1966,0.062,0.0097,11.0,0.1098,0.0299,11.0,278.29,6.09,48.57,1.07,2020-11-27T00:00:00,2020-11-21T00:00:00,2020-11-27T00:00:00
11001,DC,District of Columbia,47900,District of Columbia,-1.05,40.43,5.73,1.0,133.33,0.14,18.86,5.57,0.61,3378.0,4767.0,1.52,1.51,264.0,false,11.0,76.0,10.86,2.54,0.0704,0.0374,0.0,11.0,0.0682,-0.0005,11.0,119.71,2.52,32.71,0.69,2020-10-05T00:00:00,2020-09-29T00:00:00,2020-10-05T00:00:00
11001,DC,District of Columbia,47900,District of Columbia,-0.99,243.14,34.45,3.71,73.33,0.53,59.86,8.86,1.04,8519.0,8492.43,4.03,4.0,3692.0,false,11.0,205.0,29.29,6.66,-0.0191,0.1008,0.0097,9.0,0.199,0.0241,9.0,364.71,8.16,43.57,0.97,2020-12-21T00:00:00,2020-12-15T00:00:00,2020-12-21T00:00:00
11001,DC,District of Columbia,47900,District of Columbia,-0.63,246.71,34.96,3.14,22.22,0.45,63.29,10.14,1.18,5648.0,8145.86,4.14,4.07,16.0,false,10.0,197.0,28.14,6.39,-0.0922,0.1001,0.0121,9.0,0.199,0.0364,9.0,357.71,8.07,44.86,1.01,2020-12-20T00:00:00,2020-12-14T00:00:00,2020-12-20T00:00:00
11001,DC,District of Columbia,47900,District of Columbia,-0.43,33.0,4.68,1.29,-47.06,0.18,16.57,3.0,0.36,1743.0,1933.14,2.66,2.54,3480.0,false,10.0,0.0,0.0,0.0,0.0,0.0,0.0,0.0,0.0,0.0,0.0,107.14,2.46,24.29,0.55,2020-07-04T00:00:00,2020-06-28T00:00:00,2020-07-04T00:00:00
11001,DC,District of Columbia,47900,District of Columbia,-0.27,52.71,7.47,0.29,-71.43,0.04,19.0,3.71,0.41,2505.0,3724.29,1.93,1.88,1802.0,false,11.0,76.0,10.86,2.66,-0.0843,0.0375,-0.0008,11.0,0.0751,-0.0072,11.0,121.0,2.61,30.14,0.65,2020-08-30T00:00:00,2020-08-24T00:00:00,2020-08-30T00:00:00
11001,DC,District of Columbia,47900,District of Columbia,-0.24,233.0,33.01,3.71,-16.13,0.53,61.86,8.14,0.92,7461.0,6399.14,5.62,5.59,-2461.0,false,11.0,250.0,35.71,8.21,0.3158,0.1018,0.0022,9.0,0.1897,-0.004,10.0,414.29,8.8,45.57,0.97,2021-01-05T00:00:00,2020-12-30T00:00:00,2021-01-05T00:00:00
11001,DC,District of Columbia,47900,District of Columbia,-0.21,205.43,29.11,4.71,22.22,0.67,33.29,8.0,0.95,4999.0,6641.29,3.81,3.73,2296.0,false,11.0,187.0,26.71,5.9,-0.1689,0.0977,0.0,10.0,0.2016,0.0,10.0,258.86,6.02,33.14,0.77,2021-02-02T00:00:00,2021-01-27T00:00:00,2021-02-02T00:00:00
11001,DC,District of Columbia,47900,District of Columbia,0.0,55.0,7.79,0.57,-42.86,0.08,21.29,5.43,0.61,5281.0,3714.43,2.03,1.98,2168.0,false,11.0,80.0,11.43,2.92,-0.0361,0.0409,0.0043,11.0,0.0834,0.0,11.0,122.57,2.62,30.43,0.65,2020-08-27T00:00:00,2020-08-21T00:00:00,2020-08-27T00:00:00
11001,DC,District of Columbia,47900,District of Columbia,1.63,294.29,41.7,4.71,43.48,0.67,59.14,9.14,1.04,6387.0,8722.57,4.64,4.52,7884.0,false,11.0,274.0,39.14,8.65,0.0745,0.1124,0.0006,9.0,0.2075,0.0237,10.0,393.0,8.61,38.57,0.84,2021-01-17T00:00:00,2021-01-11T00:00:00,2021-01-17T00:00:00
11001,DC,District of Columbia,47900,District of Columbia,1.67,52.14,7.39,0.43,-40.0,0.06,19.29,3.71,0.41,4417.0,3893.86,1.88,1.8,2638.0,false,11.0,84.0,12.0,2.92,-0.0118,0.0357,-0.0035,11.0,0.0714,-0.0104,11.0,117.29,2.55,30.14,0.65,2020-09-01T00:00:00,2020-08-26T00:00:00,2020-09-01T00:00:00
11001,DC,District of Columbia,47900,District of Columbia,2.11,214.71,30.42,5.29,68.18,0.75,37.14,8.14,0.96,2209.0,6892.29,3.81,3.74,3834.0,false,11.0,200.0,28.57,6.31,-0.0338,0.099,0.0,10.0,0.2028,0.0,10.0,262.43,6.08,31.57,0.73,2021-02-01T00:00:00,2021-01-26T00:00:00,2021-02-01T00:00:00
11001,DC,District of Columbia,47900,District of Columbia,2.15,265.0,37.55,3.0,-34.38,0.43,60.57,8.71,0.95,8323.0,7030.0,5.68,5.65,9649.0,false,11.0,276.0,39.43,8.99,0.3731,0.1092,0.0117,9.0,0.1867,-0.0046,10.0,431.29,8.99,41.43,0.86,2021-01-08T00:00:00,2021-01-02T00:00:00,2021-01-08T00:00:00
11001,DC,District of Columbia,47900,District of Columbia,2.48,94.43,13.38,2.71,-54.76,0.38,30.43,5.0,0.64,1160.0,1142.71,8.43,8.65,1359.0,false,11.0,0.0,0.0,0.0,0.0,0.0,0.0,0.0,0.0,0.0,0.0,183.57,4.61,33.71,0.85,2020-06-05T00:00:00,2020-05-30T00:00:00,2020-06-05T00:00:00
11001,DC,District of Columbia,47900,District of Columbia,2.63,33.43,4.74,1.29,-47.06,0.18,16.57,3.43,0.43,3059.0,2073.43,2.63,2.49,3623.0,false,10.0,0.0,0.0,0.0,0.0,0.0,0.0,0.0,0.0,0.0,0.0,104.43,2.4,24.14,0.55,2020-07-05T00:00:00,2020-06-29T00:00:00,2020-07-05T00:00:00
11001,DC,District of Columbia,47900,District of Columbia,2.77,47.71,6.76,0.71,0.0,0.1,16.14,4.0,0.45,3397.0,4198.86,1.41,1.4,9927.0,false,11.0,60.0,8.57,2.0,-0.2208,0.0367,-0.0015,11.0,0.0632,0.0041,11.0,98.57,2.17,24.43,0.54,2020-09-22T00:00:00,2020-09-16T00:00:00,2020-09-22T00:00:00
11001,DC,District of Columbia,47900,District of Columbia,2.85,56.71,8.04,0.14,-75.0,0.02,20.29,6.57,0.71,3010.0,5729.29,1.67,1.57,9980.0,false,10.0,86.0,12.29,2.84,0.6538,0.0384,0.0025,11.0,0.058,0.0012,11.0,124.29,2.65,30.0,0.64,2020-10-25T00:00:00,2020-10-19T00:00:00,2020-10-25T00:00:00
11001,DC,District of Columbia,47900,District of Columbia,2.92,226.43,32.08,5.57,69.57,0.79,44.86,10.71,1.26,6896.0,7256.71,4.0,3.86,2053.0,false,11.0,214.0,30.57,6.75,-0.0184,0.1009,0.0,10.0,0.2068,0.0,10.0,300.29,6.75,36.0,0.81,2021-01-30T00:00:00,2021-01-24T00:00:00,2021-01-30T00:00:00
11001,DC,District of Columbia,47900,District of Columbia,2.94,180.29,25.55,1.14,-33.33,0.16,50.71,11.14,1.25,4766.0,6857.0,4.07,3.9,-23905.0,false,11.0,142.0,20.29,4.72,0.0365,0.0654,0.0083,9.0,0.1167,0.0277,9.0,298.14,6.39,54.86,1.17,2020-11-30T00:00:00,2020-11-24T00:00:00,2020-11-30T00:00:00
11001,DC,District of Columbia,47900,District of Columbia,2.96,248.29,35.18,2.57,5.88,0.36,65.86,11.57,1.31,6789.0,8143.14,4.53,4.49,3975.0,false,10.0,217.0,31.0,7.04,0.1361,0.088,0.0146,9.0,0.1626,0.0315,9.0,365.0,7.9,47.14,1.02,2020-12-13T00:00:00,2020-12-07T00:00:00,2020-12-13T00:00:00
11001,DC,District of Columbia,47900,District of Columbia,3.67,92.71,13.14,1.14,60.0,0.16,30.14,9.29,1.01,4805.0,5876.71,2.68,2.64,-1011.0,false,11.0,94.0,13.43,3.08,0.119,0.0388,-0.0037,11.0,0.0608,-0.0073,11.0,176.43,3.73,37.43,0.79,2020-11-09T00:00:00,2020-11-03T00:00:00,2020-11-09T00:00:00
11001,DC,District of Columbia,47900,District of Columbia,3.83,46.43,6.58,0.71,25.0,0.1,18.14,7.57,0.86,3793.0,2780.71,1.81,1.77,-4982.0,false,11.0,77.0,11.0,2.63,0.0132,0.0383,0.0007,11.0,0.0591,-0.0141,11.0,106.86,2.29,30.14,0.65,2020-09-15T00:00:00,2020-09-09T00:00:00,2020-09-15T00:00:00
11001,DC,District of Columbia,47900,District of Columbia,3.86,34.57,4.9,1.43,-28.57,0.2,16.14,3.86,0.48,2386.0,2011.86,2.89,2.78,1087.0,false,9.0,0.0,0.0,0.0,0.0,0.0,0.0,0.0,0.0,0.0,0.0,106.71,2.43,24.86,0.57,2020-07-07T00:00:00,2020-07-01T00:00:00,2020-07-07T00:00:00
11001,DC,District of Columbia,47900,District of Columbia,4.27,55.86,7.91,0.14,-85.71,0.02,19.0,4.57,0.51,3915.0,3715.57,1.92,1.87,68.0,false,11.0,69.0,9.86,2.41,-0.2247,0.0386,0.001,11.0,0.0769,-0.0071,11.0,120.71,2.61,31.14,0.67,2020-08-29T00:00:00,2020-08-23T00:00:00,2020-08-29T00:00:00
11001,DC,District of Columbia,47900,District of Columbia,4.74,233.57,33.1,4.43,29.17,0.63,47.71,8.14,1.04,6543.0,6750.71,5.39,4.93,-11335.0,false,11.0,190.0,27.14,6.33,-0.0777,0.0996,-0.0018,9.0,0.1936,-0.0074,10.0,347.71,7.99,42.29,0.97,2020-12-29T00:00:00,2020-12-23T00:00:00,2020-12-29T00:00:00
11001,DC,District of Columbia,47900,District of Columbia,4.98,90.29,12.79,1.14,100.0,0.16,28.71,10.0,1.12,4653.0,5893.57,2.49,2.48,-470.0,false,10.0,84.0,12.0,2.75,0.012,0.037,-0.0061,11.0,0.0606,-0.0097,11.0,166.71,3.62,36.29,0.79,2020-11-08T00:00:00,2020-11-02T00:00:00,2020-11-08T00:00:00
11001,DC,District of Columbia,47900,District of Columbia,5.02,92.71,13.14,1.43,233.33,0.2,31.71,9.0,0.96,5286.0,5883.14,2.87,2.8,-574.0,false,11.0,102.0,14.57,3.33,0.186,0.0405,-0.0013,11.0,0.0622,-0.0059,11.0,189.14,3.9,39.29,0.81,2020-11-10T00:00:00,2020-11-04T00:00:00,2020-11-10T00:00:00
11001,DC,District of Columbia,47900,District of Columbia,6.52,84.0,11.9,3.57,-16.67,0.51,26.43,5.57,0.68,1488.0,1278.43,7.2,7.27,1401.0,false,11.0,0.0,0.0,0.0,0.0,0.0,0.0,0.0,0.0,0.0,0.0,165.43,4.01,32.29,0.79,2020-06-09T00:00:00,2020-06-03T00:00:00,2020-06-09T00:00:00
11001,DC,District of Columbia,47900,District of Columbia,6.78,297.14,42.1,4.86,61.9,0.69,60.71,8.71,0.98,8715.0,8648.71,4.87,4.67,9282.0,false,11.0,257.0,36.71,8.13,-0.0191,0.1125,0.0018,9.0,0.206,0.0211,10.0,394.71,8.62,38.57,0.84,2021-01-16T00:00:00,2021-01-10T00:00:00,2021-01-16T00:00:00
11001,DC,District of Columbia,47900,District of Columbia,7.3,35.71,5.06,1.29,-43.75,0.18,16.0,3.71,0.45,1638.0,1973.43,2.57,2.45,3839.0,false,11.0,0.0,0.0,0.0,0.0,0.0,0.0,0.0,0.0,0.0,0.0,106.57,2.43,26.43,0.61,2020-07-03T00:00:00,2020-06-27T00:00:00,2020-07-03T00:00:00
11001,DC,District of Columbia,47900,District of Columbia,7.69,74.0,10.49,0.43,-75.0,0.06,24.0,4.0,0.46,2717.0,2869.57,2.78,2.74,-1395.0,false,6.0,33.0,4.71,1.69,-0.3265,0.0408,0.0086,5.0,0.0518,0.0129,5.0,136.0,3.01,28.71,0.64,2020-07-28T00:00:00,2020-07-22T00:00:00,2020-07-28T00:00:00
11001,DC,District of Columbia,47900,District of Columbia,8.28,278.29,39.43,3.0,-30.0,0.43,58.57,9.0,0.98,7939.0,7322.71,5.72,5.69,10660.0,false,11.0,262.0,37.43,8.5,0.1593,0.1107,0.0126,9.0,0.1849,-0.0067,10.0,429.57,9.07,43.0,0.91,2021-01-09T00:00:00,2021-01-03T00:00:00,2021-01-09T00:00:00
11001,DC,District of Columbia,47900,District of Columbia,8.34,224.43,31.8,5.86,86.36,0.83,41.57,9.43,1.1,3749.0,7133.29,3.97,3.83,2971.0,false,11.0,200.0,28.57,6.31,-0.0385,0.0997,0.0,10.0,0.2024,-0.0058,10.0,283.29,6.48,33.71,0.77,2021-01-31T00:00:00,2021-01-25T00:00:00,2021-01-31T00:00:00
11001,DC,District of Columbia,47900,District of Columbia,8.57,70.57,10.0,0.71,25.0,0.1,20.57,5.71,0.64,2310.0,3718.57,2.75,2.7,1452.0,false,10.0,109.0,15.57,4.17,0.473,0.0388,-0.0046,10.0,0.0504,0.01,9.0,126.29,2.75,30.14,0.66,2020-08-10T00:00:00,2020-08-04T00:00:00,2020-08-10T00:00:00
11001,DC,District of Columbia,47900,District of Columbia,8.83,54.57,7.73,0.43,-62.5,0.06,20.43,5.0,0.57,3860.0,3716.71,1.94,1.89,1446.0,false,11.0,76.0,10.86,2.74,-0.1059,0.0405,0.0035,11.0,0.0809,-0.002,11.0,120.71,2.62,29.71,0.64,2020-08-28T00:00:00,2020-08-22T00:00:00,2020-08-28T00:00:00
11001,DC,District of Columbia,47900,District of Columbia,9.6,290.43,41.15,4.71,57.14,0.67,59.71,9.29,1.04,11334.0,8537.86,5.06,4.85,10555.0,false,11.0,251.0,35.86,7.96,-0.0906,0.1122,0.0029,9.0,0.2033,0.0166,10.0,400.29,8.74,41.57,0.91,2021-01-15T00:00:00,2021-01-09T00:00:00,2021-01-15T00:00:00
11001,DC,District of Columbia,47900,District of Columbia,9.76,72.29,10.24,1.0,133.33,0.14,22.29,5.14,0.56,4454.0,4006.0,2.58,2.47,4996.0,false,10.0,107.0,15.29,4.02,-0.036,0.0375,-0.0077,10.0,0.0574,0.0098,10.0,127.14,2.77,29.0,0.63,2020-08-13T00:00:00,2020-08-07T00:00:00,2020-08-13T00:00:00
11001,DC,District of Columbia,47900,District of Columbia,9.93,71.14,10.08,0.86,50.0,0.12,21.14,5.0,0.56,2529.0,3609.14,2.73,2.67,108.0,false,9.0,105.0,15.0,4.06,0.1538,0.0387,-0.0057,10.0,0.0531,0.0115,9.0,129.57,2.81,29.43,0.64,2020-08-11T00:00:00,2020-08-05T00:00:00,2020-08-11T00:00:00
11001,DC,District of Columbia,47900,District of Columbia,10.48,185.29,26.25,1.43,0.0,0.2,47.29,9.29,1.08,4750.0,8087.71,3.83,3.55,-8879.0,false,10.0,138.0,19.71,4.57,0.0455,0.0644,0.0085,9.0,0.1137,0.028,9.0,287.43,6.24,49.86,1.09,2020-11-29T00:00:00,2020-11-23T00:00:00,2020-11-29T00:00:00
11001,DC,District of Columbia,47900,District of Columbia,10.74,61.86,8.76,1.57,57.14,0.22,22.29,3.86,0.44,3689.0,3043.14,2.74,2.73,2046.0,false,8.0,42.0,6.0,13.87,0.0,0.0331,0.0,2.0,0.04,0.0,2.0,122.43,2.7,27.29,0.6,2020-07-20T00:00:00,2020-07-14T00:00:00,2020-07-20T00:00:00
11001,DC,District of Columbia,47900,District of Columbia,11.02,56.14,7.96,1.43,-9.09,0.2,22.14,4.43,0.5,3029.0,3017.29,2.74,2.76,2855.0,false,5.0,29.0,4.14,2.8,0.0,0.0446,0.0,2.0,0.0333,0.0,2.0,120.86,2.66,27.14,0.6,2020-07-18T00:00:00,2020-07-12T00:00:00,2020-07-18T00:00:00
11001,DC,District of Columbia,47900,District of Columbia,11.61,89.29,12.65,1.14,100.0,0.16,27.86,8.86,0.99,5295.0,5873.57,2.37,2.39,893.0,false,10.0,72.0,10.29,2.36,-0.1724,0.0369,-0.0059,11.0,0.0611,-0.0068,11.0,159.0,3.49,33.29,0.73,2020-11-07T00:00:00,2020-11-01T00:00:00,2020-11-07T00:00:00
11001,DC,District of Columbia,47900,District of Columbia,11.8,59.57,8.44,0.14,-75.0,0.02,21.14,5.86,0.64,4500.0,5887.86,1.67,1.58,11532.0,false,11.0,80.0,11.43,2.63,0.2903,0.0394,0.0033,11.0,0.062,0.0073,11.0,122.71,2.63,27.86,0.6,2020-10-26T00:00:00,2020-10-20T00:00:00,2020-10-26T00:00:00
11001,DC,District of Columbia,47900,District of Columbia,12.53,246.29,34.9,3.71,-10.34,0.53,62.0,7.86,0.89,8855.0,6758.57,5.61,5.56,4514.0,false,11.0,260.0,37.14,8.53,0.3265,0.1041,0.0052,9.0,0.1871,-0.0063,10.0,413.71,8.81,43.57,0.93,2021-01-06T00:00:00,2020-12-31T00:00:00,2021-01-06T00:00:00
11001,DC,District of Columbia,47900,District of Columbia,12.95,72.29,10.24,1.0,40.0,0.14,21.71,5.43,0.61,2553.0,3450.86,2.43,2.36,13.0,false,9.0,104.0,14.86,3.95,0.0196,0.0384,-0.0036,10.0,0.0676,0.0199,10.0,121.57,2.66,28.71,0.63,2020-08-15T00:00:00,2020-08-09T00:00:00,2020-08-15T00:00:00
11001,DC,District of Columbia,47900,District of Columbia,13.22,86.86,12.31,0.71,66.67,0.1,26.43,9.0,1.02,6443.0,5785.86,2.22,2.26,-48.0,false,11.0,76.0,10.86,2.5,-0.1163,0.0395,-0.0019,11.0,0.0657,0.0032,11.0,145.14,3.26,31.57,0.71,2020-11-05T00:00:00,2020-10-30T00:00:00,2020-11-05T00:00:00
11001,DC,District of Columbia,47900,District of Columbia,13.42,59.14,8.38,1.43,11.11,0.2,21.71,4.43,0.5,2301.0,2998.43,2.8,2.8,3349.0,false,5.0,35.0,5.0,5.4,0.0,0.0385,0.0,2.0,0.0417,0.0,2.0,118.43,2.62,26.86,0.59,2020-07-19T00:00:00,2020-07-13T00:00:00,2020-07-19T00:00:00
11001,DC,District of Columbia,47900,District of Columbia,14.22,252.43,35.77,3.14,-26.67,0.45,60.0,8.0,0.9,8088.0,6755.0,5.77,5.76,5974.0,false,11.0,261.0,37.29,8.53,0.3182,0.1067,0.0086,9.0,0.1864,-0.0055,10.0,422.71,8.99,42.43,0.91,2021-01-07T00:00:00,2021-01-01T00:00:00,2021-01-07T00:00:00
11001,DC,District of Columbia,47900,District of Columbia,14.25,75.57,10.71,0.71,25.0,0.1,22.57,5.86,0.64,3106.0,3622.29,2.66,2.58,2105.0,false,8.0,110.0,15.71,4.17,0.0784,0.0378,-0.0061,10.0,0.0637,0.0173,10.0,126.43,2.76,28.71,0.63,2020-08-14T00:00:00,2020-08-08T00:00:00,2020-08-14T00:00:00
11001,DC,District of Columbia,47900,District of Columbia,14.84,50.86,7.21,0.29,-71.43,0.04,17.29,7.29,0.82,5693.0,3128.0,1.75,1.69,-711.0,false,11.0,74.0,10.57,2.53,-0.0513,0.0387,0.0006,11.0,0.0588,-0.0113,11.0,106.86,2.3,29.29,0.63,2020-09-16T00:00:00,2020-09-10T00:00:00,2020-09-16T00:00:00
11001,DC,District of Columbia,47900,District of Columbia,15.96,50.86,7.21,0.71,0.0,0.1,16.57,4.14,0.46,2457.0,4255.43,1.45,1.44,11696.0,false,11.0,64.0,9.14,2.13,-0.2195,0.037,-0.0017,11.0,0.0629,0.0038,11.0,100.43,2.2,24.14,0.53,2020-09-21T00:00:00,2020-09-15T00:00:00,2020-09-21T00:00:00
11001,DC,District of Columbia,47900,District of Columbia,15.97,51.86,7.35,0.57,-20.0,0.08,15.86,4.71,0.52,2688.0,4301.71,1.51,1.47,13591.0,false,11.0,60.0,8.57,2.0,-0.3103,0.0367,-0.0024,11.0,0.0631,0.0031,11.0,99.43,2.17,25.29,0.55,2020-09-20T00:00:00,2020-09-14T00:00:00,2020-09-20T00:00:00
11001,DC,District of Columbia,47900,District of Columbia,16.0,182.29,25.83,1.71,-7.69,0.24,52.43,10.71,1.21,6850.0,6718.43,4.23,4.07,-23828.0,false,11.0,148.0,21.14,4.93,0.1563,0.0671,0.01,9.0,0.119,0.0265,9.0,308.71,6.59,52.86,1.13,2020-12-01T00:00:00,2020-11-25T00:00:00,2020-12-01T00:00:00
11001,DC,District of Columbia,47900,District of Columbia,16.22,73.71,10.44,0.86,100.0,0.12,21.29,5.14,0.56,4856.0,3806.43,2.61,2.53,1927.0,false,10.0,100.0,14.29,3.8,-0.0476,0.0379,-0.0072,10.0,0.0545,0.0079,10.0,128.14,2.79,29.57,0.64,2020-08-12T00:00:00,2020-08-06T00:00:00,2020-08-12T00:00:00
11001,DC,District of Columbia,47900,District of Columbia,16.88,39.57,5.61,1.57,-8.33,0.22,17.86,3.71,0.46,2824.0,2215.29,2.84,2.73,2647.0,false,10.0,0.0,0.0,0.0,0.0,0.0,0.0,0.0,0.0,0.0,0.0,105.71,2.39,25.86,0.58,2020-07-08T00:00:00,2020-07-02T00:00:00,2020-07-08T00:00:00
11001,DC,District of Columbia,47900,District of Columbia,16.94,51.29,7.27,0.43,-40.0,0.06,17.29,7.86,0.89,5038.0,4078.71,1.52,1.5,11785.0,false,11.0,53.0,7.57,1.77,-0.4045,0.0374,-0.0021,11.0,0.0598,-0.0054,11.0,104.57,2.25,27.86,0.6,2020-09-18T00:00:00,2020-09-12T00:00:00,2020-09-18T00:00:00
11001,DC,District of Columbia,47900,District of Columbia,17.15,295.71,41.9,4.86,54.55,0.69,60.14,9.86,1.09,12047.0,8107.71,5.18,4.99,9469.0,false,11.0,274.0,39.14,8.7,0.0498,0.113,0.0063,9.0,0.2015,0.0151,10.0,403.14,8.7,41.14,0.89,2021-01-14T00:00:00,2021-01-08T00:00:00,2021-01-14T00:00:00
11001,DC,District of Columbia,47900,District of Columbia,18.12,46.57,6.6,0.57,-33.33,0.08,22.29,6.43,0.7,7502.0,5022.43,1.52,1.51,2026.0,false,11.0,78.0,11.14,2.6,0.0986,0.0384,0.001,11.0,0.0636,-0.0059,11.0,128.43,2.69,33.71,0.7,2020-10-07T00:00:00,2020-10-01T00:00:00,2020-10-07T00:00:00
11001,DC,District of Columbia,47900,District of Columbia,18.18,59.43,8.42,0.86,20.0,0.12,21.86,6.86,0.8,4199.0,5864.43,1.32,1.29,7345.0,false,11.0,69.0,9.86,2.3,-0.1266,0.0382,0.0002,11.0,0.0648,-0.0018,11.0,123.71,2.67,28.71,0.62,2020-10-13T00:00:00,2020-10-07T00:00:00,2020-10-13T00:00:00
11001,DC,District of Columbia,47900,District of Columbia,19.09,56.14,7.96,0.43,-40.0,0.06,19.14,4.0,0.44,5102.0,3882.43,1.88,1.8,2004.0,false,11.0,86.0,12.29,2.99,0.0361,0.035,-0.0049,11.0,0.0717,-0.0123,11.0,117.57,2.54,30.43,0.66,2020-09-02T00:00:00,2020-08-27T00:00:00,2020-09-02T00:00:00
11001,DC,District of Columbia,47900,District of Columbia,19.86,74.14,10.51,0.43,-72.73,0.06,24.43,3.57,0.41,3396.0,3021.0,2.81,2.76,-155.0,false,8.0,40.0,5.71,2.14,-0.0476,0.0422,0.0091,5.0,0.0536,0.0136,4.0,133.29,2.96,29.0,0.64,2020-07-27T00:00:00,2020-07-21T00:00:00,2020-07-27T00:00:00
11001,DC,District of Columbia,47900,District of Columbia,20.29,167.71,23.76,1.43,66.67,0.2,44.71,10.29,1.14,11479.0,9354.57,2.71,2.68,22682.0,false,10.0,132.0,18.86,4.28,0.0909,0.0559,0.0067,11.0,0.0857,0.0133,11.0,274.29,5.89,49.86,1.07,2020-11-22T00:00:00,2020-11-16T00:00:00,2020-11-22T00:00:00
11001,DC,District of Columbia,47900,District of Columbia,20.78,53.14,7.53,1.29,-30.77,0.18,22.57,4.14,0.46,4135.0,2886.14,2.59,2.62,2305.0,false,8.0,22.0,3.14,1.54,0.0,0.0833,0.0,2.0,0.0333,0.0,2.0,122.86,2.73,27.57,0.61,2020-07-17T00:00:00,2020-07-11T00:00:00,2020-07-17T00:00:00
11001,DC,District of Columbia,47900,District of Columbia,21.12,92.57,13.12,0.86,50.0,0.12,27.0,8.86,1.0,7546.0,5718.57,2.25,2.29,-1782.0,false,11.0,68.0,9.71,2.23,-0.2184,0.0377,-0.0047,11.0,0.0638,0.0001,11.0,152.0,3.38,32.0,0.71,2020-11-06T00:00:00,2020-10-31T00:00:00,2020-11-06T00:00:00
11001,DC,District of Columbia,47900,District of Columbia,21.65,268.14,37.99,2.29,0.0,0.32,66.14,9.86,1.09,8737.0,7986.71,4.5,4.44,6032.0,false,11.0,200.0,28.57,6.5,0.0753,0.0804,0.0075,9.0,0.1477,0.0175,9.0,358.14,7.83,45.57,1.0,2020-12-11T00:00:00,2020-12-05T00:00:00,2020-12-11T00:00:00
11001,DC,District of Columbia,47900,District of Columbia,22.28,65.86,9.33,0.29,-60.0,0.04,23.14,5.71,0.63,5633.0,5805.86,1.83,1.75,8950.0,false,11.0,78.0,11.14,2.57,0.2,0.0398,0.0033,11.0,0.062,0.0077,11.0,127.14,2.72,26.86,0.58,2020-10-27T00:00:00,2020-10-21T00:00:00,2020-10-27T00:00:00
11001,DC,District of Columbia,47900,District of Columbia,22.85,302.57,42.87,3.57,-3.85,0.51,58.71,10.43,1.15,8699.0,7542.14,5.46,5.36,5485.0,false,11.0,271.0,38.71,8.63,0.0423,0.1128,0.0087,9.0,0.1954,0.0083,10.0,410.86,8.83,40.71,0.88,2021-01-13T00:00:00,2021-01-07T00:00:00,2021-01-13T00:00:00
11001,DC,District of Columbia,47900,District of Columbia,23.2,44.0,6.23,1.86,44.44,0.26,20.29,3.71,0.46,2188.0,2556.86,2.54,2.46,4084.0,false,10.0,0.0,0.0,0.0,0.0,0.0,0.0,0.0,0.0,0.0,0.0,109.86,2.46,24.14,0.54,2020-07-10T00:00:00,2020-07-04T00:00:00,2020-07-10T00:00:00
11001,DC,District of Columbia,47900,District of Columbia,23.89,111.14,15.75,1.43,233.33,0.2,35.29,9.14,0.96,7088.0,5873.71,3.12,3.11,-71.0,false,11.0,110.0,15.71,3.58,0.25,0.0422,0.0013,11.0,0.0638,-0.0035,11.0,201.0,4.13,40.86,0.84,2020-11-11T00:00:00,2020-11-05T00:00:00,2020-11-11T00:00:00
11001,DC,District of Columbia,47900,District of Columbia,24.27,163.86,23.22,1.71,200.0,0.24,47.43,10.29,1.12,9048.0,8610.14,3.0,2.91,19086.0,false,10.0,132.0,18.86,4.28,0.056,0.0541,0.0056,11.0,0.0821,0.0108,11.0,269.14,5.74,48.43,1.03,2020-11-21T00:00:00,2020-11-15T00:00:00,2020-11-21T00:00:00
11001,DC,District of Columbia,47900,District of Columbia,24.69,70.71,10.02,1.0,16.67,0.14,23.71,3.57,0.41,3407.0,3156.86,2.85,2.81,3842.0,false,6.0,67.0,9.57,7.83,3.4667,0.0416,-0.051,5.0,0.0508,0.0174,4.0,130.0,2.88,27.71,0.61,2020-07-23T00:00:00,2020-07-17T00:00:00,2020-07-23T00:00:00
11001,DC,District of Columbia,47900,District of Columbia,25.11,41.29,5.85,2.0,27.27,0.28,18.71,3.43,0.42,3938.0,2478.29,2.79,2.62,3410.0,false,10.0,0.0,0.0,0.0,0.0,0.0,0.0,0.0,0.0,0.0,0.0,105.0,2.38,23.71,0.54,2020-07-09T00:00:00,2020-07-03T00:00:00,2020-07-09T00:00:00
11001,DC,District of Columbia,47900,District of Columbia,25.36,74.14,10.51,0.43,-70.0,0.06,24.43,3.71,0.43,2292.0,3062.86,2.81,2.77,451.0,false,5.0,47.0,6.71,2.84,0.3429,0.0423,0.0038,5.0,0.057,0.0153,4.0,132.71,2.96,29.14,0.65,2020-07-26T00:00:00,2020-07-20T00:00:00,2020-07-26T00:00:00
11001,DC,District of Columbia,47900,District of Columbia,25.49,175.14,24.82,1.71,140.0,0.24,44.71,9.43,1.05,13381.0,10270.43,2.6,2.59,26928.0,false,11.0,137.0,19.57,4.44,0.2232,0.0571,0.0079,11.0,0.0889,0.0143,11.0,278.86,5.99,47.57,1.03,2020-11-23T00:00:00,2020-11-17T00:00:00,2020-11-23T00:00:00
11001,DC,District of Columbia,47900,District of Columbia,26.16,50.29,7.13,0.71,0.0,0.1,20.86,6.0,0.65,5057.0,4815.14,1.54,1.53,-722.0,false,11.0,79.0,11.29,2.64,0.026,0.0379,0.0004,11.0,0.0665,-0.0038,11.0,125.14,2.62,34.57,0.72,2020-10-06T00:00:00,2020-09-30T00:00:00,2020-10-06T00:00:00
11001,DC,District of Columbia,47900,District of Columbia,26.17,189.43,26.84,1.86,8.33,0.26,55.14,11.29,1.26,8445.0,6679.71,4.34,4.22,-23548.0,false,11.0,170.0,24.29,5.65,0.371,0.0687,0.0104,9.0,0.1225,0.0256,9.0,321.71,6.83,53.43,1.14,2020-12-02T00:00:00,2020-11-26T00:00:00,2020-12-02T00:00:00
11001,DC,District of Columbia,47900,District of Columbia,27.59,68.71,9.74,1.71,71.43,0.24,21.71,4.0,0.46,3777.0,3068.86,2.73,2.72,1015.0,false,9.0,49.0,7.0,14.52,0.0,0.0322,0.0,2.0,0.0389,0.0,2.0,125.0,2.75,29.43,0.65,2020-07-21T00:00:00,2020-07-15T00:00:00,2020-07-21T00:00:00
11001,DC,District of Columbia,47900,District of Columbia,29.77,289.57,41.03,3.29,-11.54,0.47,58.29,9.0,0.98,5872.0,7596.0,5.75,5.72,11912.0,false,11.0,255.0,36.43,8.24,0.0805,0.1117,0.0126,9.0,0.1838,-0.0079,10.0,426.14,9.02,42.57,0.9,2021-01-10T00:00:00,2021-01-04T00:00:00,2021-01-10T00:00:00
11001,DC,District of Columbia,47900,District of Columbia,29.78,67.86,9.61,0.29,-50.0,0.04,25.0,7.14,0.78,7723.0,5834.29,1.89,1.81,6621.0,false,11.0,75.0,10.71,2.47,0.1029,0.0405,0.0038,11.0,0.0621,0.0072,11.0,132.57,2.83,29.86,0.64,2020-10-28T00:00:00,2020-10-22T00:00:00,2020-10-28T00:00:00
11001,DC,District of Columbia,47900,District of Columbia,30.15,241.14,34.17,2.43,70.0,0.34,63.29,10.43,1.1,5492.0,7574.86,4.47,4.45,-3575.0,false,10.0,191.0,27.29,6.22,0.3841,0.0734,0.009,9.0,0.1311,0.0174,9.0,345.86,7.34,51.0,1.07,2020-12-06T00:00:00,2020-11-30T00:00:00,2020-12-06T00:00:00
11001,DC,District of Columbia,47900,District of Columbia,30.66,163.14,23.12,1.71,140.0,0.24,47.57,10.71,1.17,9906.0,8103.43,3.23,3.1,15745.0,false,11.0,117.0,16.71,3.79,-0.1136,0.0524,0.0055,11.0,0.0799,0.0116,11.0,266.86,5.7,50.29,1.07,2020-11-20T00:00:00,2020-11-14T00:00:00,2020-11-20T00:00:00
11001,DC,District of Columbia,47900,District of Columbia,30.99,71.86,10.18,1.29,28.57,0.18,22.29,3.86,0.44,1760.0,2971.0,2.85,2.8,709.0,false,9.0,62.0,8.86,10.14,14.5,0.0389,0.0,5.0,0.041,0.0,4.0,127.43,2.82,29.71,0.66,2020-07-22T00:00:00,2020-07-16T00:00:00,2020-07-22T00:00:00
11001,DC,District of Columbia,47900,District of Columbia,31.51,257.0,36.42,4.29,-6.25,0.61,59.43,8.57,0.99,5890.0,5799.86,5.9,5.74,-13465.0,false,11.0,226.0,32.29,7.47,0.2021,0.0981,-0.0032,9.0,0.1916,-0.0059,10.0,387.57,8.31,45.43,0.98,2021-01-02T00:00:00,2020-12-27T00:00:00,2021-01-02T00:00:00
11001,DC,District of Columbia,47900,District of Columbia,32.21,89.71,12.71,0.43,50.0,0.06,26.14,9.57,1.1,7154.0,5883.86,2.17,2.19,347.0,false,11.0,88.0,12.57,2.89,0.1733,0.0409,0.0004,11.0,0.0673,0.0052,11.0,141.29,3.2,31.71,0.72,2020-11-04T00:00:00,2020-10-29T00:00:00,2020-11-04T00:00:00
11001,DC,District of Columbia,47900,District of Columbia,33.08,74.71,10.59,0.43,-70.0,0.06,24.29,3.43,0.39,3170.0,3064.14,2.76,2.73,328.0,false,6.0,53.0,7.57,3.81,0.8276,0.0416,-0.003,5.0,0.0578,0.0245,4.0,128.86,2.87,28.0,0.62,2020-07-25T00:00:00,2020-07-19T00:00:00,2020-07-25T00:00:00
11001,DC,District of Columbia,47900,District of Columbia,33.74,298.43,42.29,3.43,-7.69,0.49,59.71,8.86,0.97,5179.0,7388.14,5.85,5.8,7841.0,false,11.0,271.0,38.71,8.7,0.1732,0.1125,0.0123,9.0,0.1832,-0.0069,10.0,422.0,9.01,43.14,0.92,2021-01-11T00:00:00,2021-01-05T00:00:00,2021-01-11T00:00:00
11001,DC,District of Columbia,47900,District of Columbia,34.06,88.29,12.51,0.43,50.0,0.06,27.29,10.0,1.14,5241.0,5965.14,2.1,2.1,1115.0,false,11.0,86.0,12.29,2.82,0.1026,0.0418,0.002,11.0,0.0682,0.0062,11.0,141.29,3.17,32.86,0.73,2020-11-03T00:00:00,2020-10-28T00:00:00,2020-11-03T00:00:00
11001,DC,District of Columbia,47900,District of Columbia,34.88,124.86,17.69,0.71,-16.67,0.1,37.14,9.43,0.98,6462.0,5854.14,3.29,3.31,949.0,false,11.0,132.0,18.86,4.28,0.9412,0.0468,0.0091,11.0,0.0683,0.0046,11.0,212.71,4.35,44.14,0.9,2020-11-13T00:00:00,2020-11-07T00:00:00,2020-11-13T00:00:00
11001,DC,District of Columbia,47900,District of Columbia,34.97,204.0,28.91,2.14,50.0,0.3,59.29,10.57,1.11,10203.0,7071.29,4.51,4.44,-18295.0,false,11.0,186.0,26.57,6.14,0.4646,0.0714,0.0119,9.0,0.1271,0.0244,9.0,331.71,6.85,53.71,1.11,2020-12-03T00:00:00,2020-11-27T00:00:00,2020-12-03T00:00:00
11001,DC,District of Columbia,47900,District of Columbia,35.43,276.29,39.15,2.29,6.67,0.32,66.57,10.71,1.18,9782.0,8091.0,4.51,4.44,7138.0,false,11.0,191.0,27.29,6.2,0.0269,0.0785,0.0071,9.0,0.1441,0.017,9.0,356.86,7.81,47.14,1.03,2020-12-10T00:00:00,2020-12-04T00:00:00,2020-12-10T00:00:00
11001,DC,District of Columbia,47900,District of Columbia,35.69,117.86,16.7,1.0,40.0,0.14,36.29,9.57,1.0,7390.0,6009.0,3.22,3.22,1562.0,false,11.0,126.0,18.0,4.09,0.6579,0.0444,0.0049,11.0,0.0657,0.0,11.0,212.14,4.34,44.14,0.9,2020-11-12T00:00:00,2020-11-06T00:00:00,2020-11-12T00:00:00
11001,DC,District of Columbia,47900,District of Columbia,36.34,259.43,36.76,4.57,14.29,0.65,56.43,8.86,1.05,6398.0,5651.57,5.95,5.79,-19234.0,false,11.0,201.0,28.71,6.66,-0.0098,0.0975,-0.0038,9.0,0.1913,-0.0089,10.0,378.43,8.19,46.86,1.02,2021-01-01T00:00:00,2020-12-26T00:00:00,2021-01-01T00:00:00
11001,DC,District of Columbia,47900,District of Columbia,36.46,54.0,7.65,0.43,-57.14,0.06,16.71,7.43,0.84,4842.0,3657.57,1.69,1.62,7163.0,false,11.0,58.0,8.29,1.98,-0.3483,0.0383,-0.0004,11.0,0.059,-0.0082,11.0,104.14,2.24,28.14,0.61,2020-09-17T00:00:00,2020-09-11T00:00:00,2020-09-17T00:00:00
11001,DC,District of Columbia,47900,District of Columbia,36.67,220.43,31.23,2.29,100.0,0.32,63.0,11.86,1.25,9469.0,7124.43,4.61,4.56,-17116.0,false,11.0,186.0,26.57,6.09,0.3286,0.0728,0.0108,9.0,0.1302,0.0204,9.0,340.14,7.06,53.71,1.11,2020-12-04T00:00:00,2020-11-28T00:00:00,2020-12-04T00:00:00
11001,DC,District of Columbia,47900,District of Columbia,37.37,56.71,8.04,0.86,-57.14,0.12,22.43,4.14,0.46,2106.0,2608.0,2.61,2.65,908.0,false,6.0,15.0,2.14,0.83,0.0,0.0926,0.0,2.0,0.0333,0.0,2.0,124.14,2.76,27.57,0.61,2020-07-16T00:00:00,2020-07-10T00:00:00,2020-07-16T00:00:00
11001,DC,District of Columbia,47900,District of Columbia,38.38,322.43,45.69,3.43,-7.69,0.49,59.29,9.14,1.01,8695.0,7564.43,5.64,5.57,8157.0,false,11.0,285.0,40.71,9.11,0.14,0.1128,0.011,9.0,0.1872,-0.0024,10.0,416.43,8.95,40.0,0.86,2021-01-12T00:00:00,2021-01-06T00:00:00,2021-01-12T00:00:00
11001,DC,District of Columbia,47900,District of Columbia,38.63,54.86,7.77,1.0,-36.36,0.14,22.14,3.71,0.42,2445.0,2869.71,2.51,2.52,4581.0,false,8.0,4.0,0.57,0.18,0.0,0.0,0.0,1.0,0.0,0.0,1.0,120.0,2.67,25.14,0.56,2020-07-15T00:00:00,2020-07-09T00:00:00,2020-07-15T00:00:00
11001,DC,District of Columbia,47900,District of Columbia,39.59,155.14,21.98,1.14,-20.0,0.16,43.0,10.86,1.17,9235.0,7241.86,3.37,3.28,9577.0,false,11.0,121.0,17.29,3.91,0.1,0.0511,0.0089,11.0,0.0772,0.0134,11.0,247.43,5.23,47.14,1.0,2020-11-18T00:00:00,2020-11-12T00:00:00,2020-11-18T00:00:00
11001,DC,District of Columbia,47900,District of Columbia,40.02,252.43,35.77,3.0,162.5,0.43,63.14,9.14,0.99,7343.0,7942.71,4.53,4.49,7612.0,false,11.0,202.0,28.86,6.56,0.4225,0.0751,0.0097,9.0,0.1328,0.0162,9.0,342.71,7.38,48.29,1.04,2020-12-07T00:00:00,2020-12-01T00:00:00,2020-12-07T00:00:00
11001,DC,District of Columbia,47900,District of Columbia,41.94,167.29,23.7,1.43,42.86,0.2,45.71,11.0,1.2,9977.0,7611.43,3.31,3.19,11217.0,false,11.0,117.0,16.71,3.79,-0.0714,0.0517,0.0073,11.0,0.0781,0.0124,11.0,252.43,5.38,47.57,1.01,2020-11-19T00:00:00,2020-11-13T00:00:00,2020-11-19T00:00:00
11001,DC,District of Columbia,47900,District of Columbia,43.55,76.29,10.81,0.57,-55.56,0.08,23.29,3.57,0.41,3345.0,3044.0,2.85,2.81,1105.0,false,5.0,60.0,8.57,5.5,1.7273,0.0411,-0.0422,5.0,0.0522,0.0189,4.0,128.86,2.87,28.86,0.64,2020-07-24T00:00:00,2020-07-18T00:00:00,2020-07-24T00:00:00
11001,DC,District of Columbia,47900,District of Columbia,44.74,76.71,10.87,0.43,-25.0,0.06,26.14,8.29,0.92,7129.0,5792.71,1.96,1.91,1810.0,false,11.0,86.0,12.29,2.82,0.3231,0.0414,0.0047,11.0,0.0625,0.0065,11.0,134.86,2.9,31.0,0.67,2020-10-29T00:00:00,2020-10-23T00:00:00,2020-10-29T00:00:00
11001,DC,District of Columbia,47900,District of Columbia,47.24,68.57,9.72,1.0,75.0,0.14,20.43,7.29,0.85,4996.0,5506.43,1.34,1.3,3388.0,false,11.0,70.0,10.0,2.33,-0.1026,0.0378,-0.0006,11.0,0.0654,0.0018,11.0,123.71,2.68,29.43,0.64,2020-10-14T00:00:00,2020-10-08T00:00:00,2020-10-14T00:00:00
11001,DC,District of Columbia,47900,District of Columbia,47.68,131.86,18.68,0.57,-50.0,0.08,39.71,10.43,1.1,5501.0,5883.57,3.48,3.48,70.0,false,10.0,125.0,17.86,4.05,0.7361,0.0484,0.0115,11.0,0.0714,0.0103,11.0,220.71,4.54,46.0,0.94,2020-11-14T00:00:00,2020-11-08T00:00:00,2020-11-14T00:00:00
11001,DC,District of Columbia,47900,District of Columbia,49.22,272.0,38.54,2.29,33.33,0.32,63.57,9.86,1.07,8258.0,8144.43,4.53,4.49,9998.0,false,11.0,203.0,29.0,6.58,0.3716,0.0767,0.0096,9.0,0.1378,0.0189,9.0,344.14,7.47,49.43,1.07,2020-12-08T00:00:00,2020-12-02T00:00:00,2020-12-08T00:00:00
11001,DC,District of Columbia,47900,District of Columbia,50.12,89.43,12.67,0.71,400.0,0.1,28.0,9.29,1.06,4923.0,6021.14,2.12,2.12,933.0,false,10.0,84.0,12.0,2.76,0.05,0.0424,0.003,11.0,0.0681,0.0061,11.0,143.14,3.17,31.57,0.7,2020-11-02T00:00:00,2020-10-27T00:00:00,2020-11-02T00:00:00
11001,DC,District of Columbia,47900,District of Columbia,50.54,80.0,11.34,0.57,300.0,0.08,27.29,8.71,0.99,4210.0,5746.0,2.11,2.1,-1831.0,false,10.0,87.0,12.43,2.85,0.0482,0.0428,0.0049,11.0,0.0679,0.0112,11.0,136.57,3.0,29.71,0.66,2020-10-31T00:00:00,2020-10-25T00:00:00,2020-10-31T00:00:00
11001,DC,District of Columbia,47900,District of Columbia,50.54,139.57,19.78,0.71,-37.5,0.1,43.0,11.14,1.18,6970.0,6423.57,3.64,3.63,3828.0,false,11.0,112.0,16.0,3.62,0.1915,0.0492,0.0104,11.0,0.0746,0.0139,11.0,237.43,4.92,48.57,1.01,2020-11-16T00:00:00,2020-11-10T00:00:00,2020-11-16T00:00:00
11001,DC,District of Columbia,47900,District of Columbia,51.13,76.43,10.83,0.57,300.0,0.08,26.0,8.43,0.94,8017.0,5973.14,2.09,2.07,751.0,false,11.0,87.0,12.43,2.86,0.2254,0.0424,0.0053,11.0,0.0637,0.0078,11.0,133.71,2.9,30.29,0.66,2020-10-30T00:00:00,2020-10-24T00:00:00,2020-10-30T00:00:00
11001,DC,District of Columbia,47900,District of Columbia,51.64,86.0,12.19,0.57,300.0,0.08,27.86,8.43,0.95,4513.0,5960.71,2.09,2.09,1620.0,false,10.0,83.0,11.86,2.72,-0.0349,0.0431,0.0047,11.0,0.0703,0.0123,11.0,139.29,3.05,28.29,0.62,2020-11-01T00:00:00,2020-10-26T00:00:00,2020-11-01T00:00:00
11001,DC,District of Columbia,47900,District of Columbia,51.73,287.43,40.73,2.0,7.69,0.28,65.14,10.0,1.1,8492.0,8151.14,4.68,4.64,10297.0,false,11.0,191.0,27.29,6.19,0.1235,0.0779,0.0091,9.0,0.1411,0.0186,9.0,348.86,7.63,48.0,1.05,2020-12-09T00:00:00,2020-12-03T00:00:00,2020-12-09T00:00:00
11001,DC,District of Columbia,47900,District of Columbia,53.25,50.57,7.17,1.57,22.22,0.22,19.0,3.57,0.43,2111.0,2609.43,2.43,2.38,4734.0,false,10.0,0.0,0.0,0.0,0.0,0.0,0.0,0.0,0.0,0.0,0.0,111.0,2.47,25.14,0.56,2020-07-11T00:00:00,2020-07-05T00:00:00,2020-07-11T00:00:00
11001,DC,District of Columbia,47900,District of Columbia,54.43,139.43,19.76,0.86,-25.0,0.12,42.14,10.57,1.11,6268.0,6114.29,3.68,3.67,1545.0,false,10.0,121.0,17.29,3.91,0.4405,0.0491,0.0122,11.0,0.0724,0.0119,11.0,228.0,4.7,47.71,0.98,2020-11-15T00:00:00,2020-11-09T00:00:00,2020-11-15T00:00:00
11001,DC,District of Columbia,47900,District of Columbia,55.79,53.86,7.63,1.0,-30.0,0.14,23.57,3.86,0.43,3597.0,2923.86,2.55,2.56,6384.0,false,3.0,0.0,0.0,0.0,0.0,0.0,0.0,0.0,0.0,0.0,0.0,120.0,2.65,26.43,0.58,2020-07-14T00:00:00,2020-07-08T00:00:00,2020-07-14T00:00:00
11001,DC,District of Columbia,47900,District of Columbia,55.98,52.14,7.39,1.29,0.0,0.18,19.57,3.29,0.38,2433.0,2520.0,2.48,2.43,3126.0,false,10.0,0.0,0.0,0.0,0.0,0.0,0.0,0.0,0.0,0.0,0.0,116.86,2.59,25.86,0.57,2020-07-12T00:00:00,2020-07-06T00:00:00,2020-07-12T00:00:00
11001,DC,District of Columbia,47900,District of Columbia,60.39,58.43,8.28,0.43,-40.0,0.06,16.71,6.29,0.71,5277.0,4405.0,1.49,1.47,14747.0,false,11.0,56.0,8.0,1.87,-0.3708,0.0368,-0.0025,11.0,0.061,-0.0014,11.0,101.86,2.2,27.86,0.6,2020-09-19T00:00:00,2020-09-13T00:00:00,2020-09-19T00:00:00
11001,DC,District of Columbia,47900,District of Columbia,61.51,58.14,8.24,0.86,-14.29,0.12,24.14,6.86,0.74,7486.0,5238.14,1.45,1.42,4481.0,false,11.0,77.0,11.0,2.54,-0.0494,0.0384,0.0009,11.0,0.0635,-0.0046,11.0,131.43,2.73,33.0,0.68,2020-10-08T00:00:00,2020-10-02T00:00:00,2020-10-08T00:00:00
11001,DC,District of Columbia,47900,District of Columbia,61.54,60.0,8.5,0.71,-16.67,0.1,24.0,7.14,0.76,7834.0,5523.14,1.39,1.33,5920.0,false,11.0,82.0,11.71,2.69,0.038,0.0394,0.0025,11.0,0.0658,-0.0024,11.0,133.0,2.78,34.86,0.73,2020-10-09T00:00:00,2020-10-03T00:00:00,2020-10-09T00:00:00
11001,DC,District of Columbia,47900,District of Columbia,67.84,67.86,9.61,0.86,-14.29,0.12,21.29,6.71,0.78,3832.0,5987.0,1.32,1.3,8540.0,false,11.0,76.0,10.86,2.53,0.0,0.0388,0.0014,11.0,0.0653,-0.0029,11.0,122.14,2.63,30.14,0.65,2020-10-12T00:00:00,2020-10-06T00:00:00,2020-10-12T00:00:00
11001,DC,District of Columbia,47900,District of Columbia,70.29,262.0,37.12,2.43,112.5,0.34,63.0,11.29,1.2,7801.0,7468.57,4.45,4.42,-11052.0,false,10.0,193.0,27.57,6.29,0.5078,0.0733,0.0103,9.0,0.1306,0.0186,9.0,343.29,7.19,53.0,1.11,2020-12-05T00:00:00,2020-11-29T00:00:00,2020-12-05T00:00:00
11001,DC,District of Columbia,47900,District of Columbia,72.48,63.57,9.01,1.0,40.0,0.14,23.29,7.43,0.8,5543.0,5704.57,1.41,1.34,7446.0,false,9.0,78.0,11.14,2.6,0.1471,0.0398,0.0033,11.0,0.0684,0.0039,11.0,128.43,2.7,34.86,0.73,2020-10-10T00:00:00,2020-10-04T00:00:00,2020-10-10T00:00:00
11001,DC,District of Columbia,47900,District of Columbia,72.86,66.43,9.41,0.86,-14.29,0.12,22.29,6.71,0.73,4655.0,5922.14,1.36,1.32,9081.0,false,10.0,80.0,11.43,2.66,0.1268,0.0396,0.0029,11.0,0.0679,0.0025,11.0,126.43,2.68,32.43,0.68,2020-10-11T00:00:00,2020-10-05T00:00:00,2020-10-11T00:00:00
11001,DC,District of Columbia,47900,District of Columbia,75.04,162.29,22.99,0.43,-70.0,0.06,43.86,11.0,1.18,8867.0,6935.14,3.61,3.57,7364.0,false,11.0,120.0,17.14,3.88,0.1765,0.0503,0.0098,11.0,0.0754,0.0131,11.0,242.14,5.09,47.29,0.99,2020-11-17T00:00:00,2020-11-11T00:00:00,2020-11-17T00:00:00
11001,DC,District of Columbia,47900,District of Columbia,75.34,55.86,7.91,1.0,-30.0,0.14,21.0,3.57,0.41,3376.0,2750.86,2.51,2.51,5007.0,false,11.0,0.0,0.0,0.0,0.0,0.0,0.0,0.0,0.0,0.0,0.0,118.43,2.62,26.0,0.57,2020-07-13T00:00:00,2020-07-07T00:00:00,2020-07-13T00:00:00
