runid,Date,Location,ShortName,LongName,Census2019,Administered_Fed_LTC,Administered_Fed_LTC_Dose1,Administered_Fed_LTC_Dose2,Administered_Fed_LTC_Dose1_Residents,Administered_Fed_LTC_Dose1_Staff,Administered_Fed_LTC_Dose1_Unk,Administered_Fed_LTC_Dose2_Residents,Administered_Fed_LTC_Dose2_Staff,Administered_Fed_LTC_Dose2_Unk
1798,2021-02-12,AK,AKA,Alaska,731545,4874,3653,1209,,,,,,
1798,2021-02-12,AL,ALA,Alabama,4903185,61574,43609,17824,,,,,,
1798,2021-02-12,AR,ARA,Arkansas,3017804,21737,17970,3692,,,,,,
1798,2021-02-12,AS,ASA,American Samoa,55689,0,0,0,,,,,,
1798,2021-02-12,AZ,AZA,Arizona,7278717,64271,55835,8251,,,,,,
1798,2021-02-12,BP2,BP2,Bureau of Prisons,0,0,0,0,,,,,,
1798,2021-02-12,CA,CAA,California,39512223,509962,384229,123884,,,,,,
1798,2021-02-12,CO,COA,Colorado,5758736,100710,71254,28979,,,,,,
1798,2021-02-12,CT,CTA,Connecticut,3565287,110016,70237,39157,,,,,,
1798,2021-02-12,DC,DCA,District of Columbia,705749,6351,4686,1565,,,,,,
1798,2021-02-12,DD2,DD2,Dept of Defense,0,0,0,0,,,,,,
1798,2021-02-12,DE,DEA,Delaware,973764,27342,21586,5628,,,,,,
1798,2021-02-12,FL,FLA,Florida,21477737,329177,218582,108666,,,,,,
1798,2021-02-12,FM,FMA,Federated States of Micronesia,103643,56,56,0,,,,,,
1798,2021-02-12,GA,GAA,Georgia,10617423,91662,62622,28647,,,,,,
1798,2021-02-12,GU,GUA,Guam,165768,0,0,0,,,,,,
1798,2021-02-12,HI,HIA,Hawaii,1415872,17912,12420,5486,,,,,,
1798,2021-02-12,IA,IAA,Iowa,3155070,112074,80904,30548,,,,,,
1798,2021-02-12,ID,IDA,Idaho,1787065,19904,14505,5342,,,,,,
1798,2021-02-12,IH2,IH2,Indian Health Svc,0,0,0,0,,,,,,
1798,2021-02-12,IL,ILA,Illinois,12671821,290474,230148,59731,,,,,,
1798,2021-02-12,IN,INA,Indiana,6732219,89448,68364,20905,,,,,,
1798,2021-02-12,KS,KSA,Kansas,2913314,74940,51393,23402,,,,,,
1798,2021-02-12,KY,KYA,Kentucky,4467673,78881,55197,23456,,,,,,
1798,2021-02-12,LA,LAA,Louisiana,4648794,78512,64997,13172,,,,,,
1798,2021-02-12,MA,MAA,Massachusetts,6892503,232773,160844,70676,,,,,,
1798,2021-02-12,MD,MDA,Maryland,6045680,106938,80857,25528,,,,,,
1798,2021-02-12,ME,MEA,Maine,1344212,30752,21075,9612,,,,,,
1798,2021-02-12,MH,MHA,Marshall Islands,58413,0,0,0,,,,,,
1798,2021-02-12,MI,MIA,Michigan,9986857,181562,145286,35515,,,,,,
1798,2021-02-12,MN,MNA,Minnesota,5639632,102320,83075,18904,,,,,,
1798,2021-02-12,MO,MOA,Missouri,6137428,101381,79665,21483,,,,,,
1798,2021-02-12,MP,MPA,Northern Mariana Islands,56882,1,1,0,,,,,,
1798,2021-02-12,MS,MSA,Mississippi,2976149,38459,28089,10277,,,,,,
1798,2021-02-12,MT,MTA,Montana,1068778,16528,12252,4257,,,,,,
1798,2021-02-12,NC,NCA,North Carolina,10488084,148534,113984,34077,,,,,,
1798,2021-02-12,ND,NDA,North Dakota,762062,5870,3501,2341,,,,,,
1798,2021-02-12,NE,NEA,Nebraska,1934408,52183,36423,15625,,,,,,
1798,2021-02-12,NH,NHA,New Hampshire,1359711,37394,23788,13472,,,,,,
1798,2021-02-12,NJ,NJA,New Jersey,8882190,181842,125634,55499,,,,,,
1798,2021-02-12,NM,NMA,New Mexico,2096829,26756,20474,6122,,,,,,
1798,2021-02-12,NV,NVA,Nevada,3080156,52517,43645,8799,,,,,,
1798,2021-02-12,NY,NYA,New York State,19453561,313297,217092,93013,,,,,,
1798,2021-02-12,OH,OHA,Ohio,11689100,306361,214341,89448,,,,,,
1798,2021-02-12,OK,OKA,Oklahoma,3956971,51904,39197,12444,,,,,,
1798,2021-02-12,OR,ORA,Oregon,4217737,77110,58984,18006,,,,,,
1798,2021-02-12,PA,PAA,Pennsylvania,12801989,287673,201517,84717,,,,,,
1798,2021-02-12,PR,PRA,Puerto Rico,3193694,45462,41614,3829,,,,,,
1798,2021-02-12,RI,RIA,Rhode Island,1059361,33109,24173,8813,,,,,,
1798,2021-02-12,RP,RPA,Republic of Palau,17907,0,0,0,,,,,,
1798,2021-02-12,SC,SCA,South Carolina,5148714,75396,55693,19227,,,,,,
1798,2021-02-12,SD,SDA,South Dakota,884659,10996,8011,2975,,,,,,
1798,2021-02-12,TN,TNA,Tennessee,6829174,71538,57700,13684,,,,,,
1798,2021-02-12,TX,TXA,Texas,28995881,388555,262188,124344,,,,,,
1798,2021-02-12,UT,UTA,Utah,3205958,46855,32091,14544,,,,,,
1798,2021-02-12,VA,VAA,Virginia,8535519,151892,106396,44333,,,,,,
1798,2021-02-12,VA2,VA2,Veterans Health,0,0,0,0,,,,,,
1798,2021-02-12,VI,VIA,Virgin Islands,104680,8,6,2,,,,,,
1798,2021-02-12,VT,VTA,Vermont,623989,15623,10706,4849,,,,,,
1798,2021-02-12,WA,WAA,Washington,7614893,100360,80517,19446,,,,,,
1798,2021-02-12,WI,WIA,Wisconsin,5822434,101406,83460,17785,,,,,,
1798,2021-02-12,WV,WVA,West Virginia,1792147,19276,13938,5309,,,,,,
1798,2021-02-12,WY,WYA,Wyoming,578759,5277,3458,1804,,,,,,
1798,2021-02-12,US,USA,United States,331996199,5507785,4021922,1460303,1813410,1270747,937765,761448,527314,171541
1796,2021-02-11,AK,AKA,Alaska,731545,4737,3618,1114,,,,,,
1796,2021-02-11,AL,ALA,Alabama,4903185,59277,42894,16254,,,,,,
1796,2021-02-11,AR,ARA,Arkansas,3017804,21153,17851,3286,,,,,,
1796,2021-02-11,AS,ASA,American Samoa,55689,0,0,0,,,,,,
1796,2021-02-11,AZ,AZA,Arizona,7278717,61982,53911,7887,,,,,,
1796,2021-02-11,BP2,BP2,Bureau of Prisons,0,0,0,0,,,,,,
1796,2021-02-11,CA,CAA,California,39512223,492934,377937,113407,,,,,,
1796,2021-02-11,CO,COA,Colorado,5758736,97530,69912,27167,,,,,,
1796,2021-02-11,CT,CTA,Connecticut,3565287,107441,69576,37254,,,,,,
1796,2021-02-11,DC,DCA,District of Columbia,705749,6104,4577,1432,,,,,,
1796,2021-02-11,DD2,DD2,Dept of Defense,0,0,0,0,,,,,,
1796,2021-02-11,DE,DEA,Delaware,973764,26835,21405,5311,,,,,,
1796,2021-02-11,FL,FLA,Florida,21477737,317220,215167,100254,,,,,,
1796,2021-02-11,FM,FMA,Federated States of Micronesia,103643,56,56,0,,,,,,
1796,2021-02-11,GA,GAA,Georgia,10617423,88535,61525,26637,,,,,,
1796,2021-02-11,GU,GUA,Guam,165768,0,0,0,,,,,,
1796,2021-02-11,HI,HIA,Hawaii,1415872,17487,12364,5117,,,,,,
1796,2021-02-11,IA,IAA,Iowa,3155070,109287,79962,28765,,,,,,
1796,2021-02-11,ID,IDA,Idaho,1787065,19282,14383,4846,,,,,,
1796,2021-02-11,IH2,IH2,Indian Health Svc,0,0,0,0,,,,,,
1796,2021-02-11,IL,ILA,Illinois,12671821,281760,225257,55939,,,,,,
1796,2021-02-11,IN,INA,Indiana,6732219,85744,67267,18309,,,,,,
1796,2021-02-11,KS,KSA,Kansas,2913314,73616,51067,22407,,,,,,
1796,2021-02-11,KY,KYA,Kentucky,4467673,77823,54896,22706,,,,,,
1796,2021-02-11,LA,LAA,Louisiana,4648794,75959,64060,11562,,,,,,
1796,2021-02-11,MA,MAA,Massachusetts,6892503,227855,159105,67528,,,,,,
1796,2021-02-11,MD,MDA,Maryland,6045680,103305,77876,24886,,,,,,
1796,2021-02-11,ME,MEA,Maine,1344212,30083,20662,9358,,,,,,
1796,2021-02-11,MH,MHA,Marshall Islands,58413,0,0,0,,,,,,
1796,2021-02-11,MI,MIA,Michigan,9986857,175140,142536,31911,,,,,,
1796,2021-02-11,MN,MNA,Minnesota,5639632,99139,81931,16882,,,,,,
1796,2021-02-11,MO,MOA,Missouri,6137428,97110,78388,18507,,,,,,
1796,2021-02-11,MP,MPA,Northern Mariana Islands,56882,1,1,0,,,,,,
1796,2021-02-11,MS,MSA,Mississippi,2976149,37131,27724,9320,,,,,,
1796,2021-02-11,MT,MTA,Montana,1068778,16303,12184,4100,,,,,,
1796,2021-02-11,NC,NCA,North Carolina,10488084,142227,112155,29640,,,,,,
1796,2021-02-11,ND,NDA,North Dakota,762062,5827,3491,2309,,,,,,
1796,2021-02-11,NE,NEA,Nebraska,1934408,51419,36310,14974,,,,,,
1796,2021-02-11,NH,NHA,New Hampshire,1359711,36941,23664,13145,,,,,,
1796,2021-02-11,NJ,NJA,New Jersey,8882190,177629,123904,53035,,,,,,
1796,2021-02-11,NM,NMA,New Mexico,2096829,25760,20148,5461,,,,,,
1796,2021-02-11,NV,NVA,Nevada,3080156,50930,42863,7996,,,,,,
1796,2021-02-11,NY,NYA,New York State,19453561,306795,215112,88569,,,,,,
1796,2021-02-11,OH,OHA,Ohio,11689100,299338,211294,85539,,,,,,
1796,2021-02-11,OK,OKA,Oklahoma,3956971,50631,38757,11626,,,,,,
1796,2021-02-11,OR,ORA,Oregon,4217737,74327,57848,16366,,,,,,
1796,2021-02-11,PA,PAA,Pennsylvania,12801989,280590,198759,80423,,,,,,
1796,2021-02-11,PR,PRA,Puerto Rico,3193694,44154,41005,3130,,,,,,
1796,2021-02-11,RI,RIA,Rhode Island,1059361,31935,23660,8154,,,,,,
1796,2021-02-11,RP,RPA,Republic of Palau,17907,0,0,0,,,,,,
1796,2021-02-11,SC,SCA,South Carolina,5148714,73015,54857,17684,,,,,,
1796,2021-02-11,SD,SDA,South Dakota,884659,10883,7989,2884,,,,,,
1796,2021-02-11,TN,TNA,Tennessee,6829174,67996,56525,11325,,,,,,
1796,2021-02-11,TX,TXA,Texas,28995881,382140,260301,119880,,,,,,
1796,2021-02-11,UT,UTA,Utah,3205958,45431,31765,13506,,,,,,
1796,2021-02-11,VA,VAA,Virginia,8535519,147896,105030,41725,,,,,,
1796,2021-02-11,VA2,VA2,Veterans Health,0,0,0,0,,,,,,
1796,2021-02-11,VI,VIA,Virgin Islands,104680,8,6,2,,,,,,
1796,2021-02-11,VT,VTA,Vermont,623989,15274,10495,4711,,,,,,
1796,2021-02-11,WA,WAA,Washington,7614893,96251,78656,17212,,,,,,
1796,2021-02-11,WI,WIA,Wisconsin,5822434,97395,80870,16382,,,,,,
1796,2021-02-11,WV,WVA,West Virginia,1792147,18153,13822,4307,,,,,,
1796,2021-02-11,WY,WYA,Wyoming,578759,5001,3422,1566,,,,,,
1796,2021-02-11,US,USA,United States,331996199,5348775,3960800,1363697,1788470,1251087,921243,712646,497276,153775
1795,2021-02-10,AK,AKA,Alaska,731545,4642,3587,1050,,,,,,
1795,2021-02-10,AL,ALA,Alabama,4903185,56610,41911,14587,,,,,,
1795,2021-02-10,AR,ARA,Arkansas,3017804,20813,17714,3083,,,,,,
1795,2021-02-10,AS,ASA,American Samoa,55689,0,0,0,,,,,,
1795,2021-02-10,AZ,AZA,Arizona,7278717,58961,51884,6905,,,,,,
1795,2021-02-10,BP2,BP2,Bureau of Prisons,0,0,0,0,,,,,,
1795,2021-02-10,CA,CAA,California,39512223,477862,369687,106842,,,,,,
1795,2021-02-10,CO,COA,Colorado,5758736,94899,68778,25727,,,,,,
1795,2021-02-10,CT,CTA,Connecticut,3565287,104844,68558,35695,,,,,,
1795,2021-02-10,DC,DCA,District of Columbia,705749,5763,4457,1212,,,,,,
1795,2021-02-10,DD2,DD2,Dept of Defense,0,0,0,0,,,,,,
1795,2021-02-10,DE,DEA,Delaware,973764,26156,20904,5142,,,,,,
1795,2021-02-10,FL,FLA,Florida,21477737,305736,212445,91587,,,,,,
1795,2021-02-10,FM,FMA,Federated States of Micronesia,103643,56,56,0,,,,,,
1795,2021-02-10,GA,GAA,Georgia,10617423,85210,60410,24469,,,,,,
1795,2021-02-10,GU,GUA,Guam,165768,0,0,0,,,,,,
1795,2021-02-10,HI,HIA,Hawaii,1415872,17257,12301,4950,,,,,,
1795,2021-02-10,IA,IAA,Iowa,3155070,105830,77839,27455,,,,,,
1795,2021-02-10,ID,IDA,Idaho,1787065,18560,14156,4352,,,,,,
1795,2021-02-10,IH2,IH2,Indian Health Svc,0,0,0,0,,,,,,
1795,2021-02-10,IL,ILA,Illinois,12671821,270769,217871,52371,,,,,,
1795,2021-02-10,IN,INA,Indiana,6732219,82420,66327,15926,,,,,,
1795,2021-02-10,KS,KSA,Kansas,2913314,71617,50097,21380,,,,,,
1795,2021-02-10,KY,KYA,Kentucky,4467673,76636,54607,21819,,,,,,
1795,2021-02-10,LA,LAA,Louisiana,4648794,73147,62569,10280,,,,,,
1795,2021-02-10,MA,MAA,Massachusetts,6892503,221940,156307,64453,,,,,,
1795,2021-02-10,MD,MDA,Maryland,6045680,100006,75189,24289,,,,,,
1795,2021-02-10,ME,MEA,Maine,1344212,29334,20226,9059,,,,,,
1795,2021-02-10,MH,MHA,Marshall Islands,58413,0,0,0,,,,,,
1795,2021-02-10,MI,MIA,Michigan,9986857,168382,139564,28135,,,,,,
1795,2021-02-10,MN,MNA,Minnesota,5639632,95016,80387,14361,,,,,,
1795,2021-02-10,MO,MOA,Missouri,6137428,93154,77140,15814,,,,,,
1795,2021-02-10,MP,MPA,Northern Mariana Islands,56882,1,1,0,,,,,,
1795,2021-02-10,MS,MSA,Mississippi,2976149,35692,27275,8334,,,,,,
1795,2021-02-10,MT,MTA,Montana,1068778,15741,11949,3778,,,,,,
1795,2021-02-10,NC,NCA,North Carolina,10488084,135317,109858,25041,,,,,,
1795,2021-02-10,ND,NDA,North Dakota,762062,5776,3485,2265,,,,,,
1795,2021-02-10,NE,NEA,Nebraska,1934408,50244,36030,14081,,,,,,
1795,2021-02-10,NH,NHA,New Hampshire,1359711,35885,23320,12454,,,,,,
1795,2021-02-10,NJ,NJA,New Jersey,8882190,172856,122024,50226,,,,,,
1795,2021-02-10,NM,NMA,New Mexico,2096829,24450,19720,4582,,,,,,
1795,2021-02-10,NV,NVA,Nevada,3080156,49337,41615,7653,,,,,,
1795,2021-02-10,NY,NYA,New York State,19453561,295481,209766,82762,,,,,,
1795,2021-02-10,OH,OHA,Ohio,11689100,292016,208314,81268,,,,,,
1795,2021-02-10,OK,OKA,Oklahoma,3956971,49002,38198,10574,,,,,,
1795,2021-02-10,OR,ORA,Oregon,4217737,71397,56312,14983,,,,,,
1795,2021-02-10,PA,PAA,Pennsylvania,12801989,274133,196234,76541,,,,,,
1795,2021-02-10,PR,PRA,Puerto Rico,3193694,43000,40699,2283,,,,,,
1795,2021-02-10,RI,RIA,Rhode Island,1059361,30524,22695,7712,,,,,,
1795,2021-02-10,RP,RPA,Republic of Palau,17907,0,0,0,,,,,,
1795,2021-02-10,SC,SCA,South Carolina,5148714,71228,54367,16389,,,,,,
1795,2021-02-10,SD,SDA,South Dakota,884659,10730,7942,2778,,,,,,
1795,2021-02-10,TN,TNA,Tennessee,6829174,64867,55366,9360,,,,,,
1795,2021-02-10,TX,TXA,Texas,28995881,374570,258252,114480,,,,,,
1795,2021-02-10,UT,UTA,Utah,3205958,43380,31121,12154,,,,,,
1795,2021-02-10,VA,VAA,Virginia,8535519,143775,103554,39111,,,,,,
1795,2021-02-10,VA2,VA2,Veterans Health,0,0,0,0,,,,,,
1795,2021-02-10,VI,VIA,Virgin Islands,104680,7,6,1,,,,,,
1795,2021-02-10,VT,VTA,Vermont,623989,14793,10279,4447,,,,,,
1795,2021-02-10,WA,WAA,Washington,7614893,92429,76711,15354,,,,,,
1795,2021-02-10,WI,WIA,Wisconsin,5822434,92699,77762,14829,,,,,,
1795,2021-02-10,WV,WVA,West Virginia,1792147,16951,13716,3213,,,,,,
1795,2021-02-10,WY,WYA,Wyoming,578759,4598,3358,1227,,,,,,
1795,2021-02-10,US,USA,United States,331996199,5176499,3884900,1268823,1761979,1229534,893387,666939,468452,133432
1793,2021-02-09,AK,AKA,Alaska,731545,4497,3519,973,,,,,,
1793,2021-02-09,AL,ALA,Alabama,4903185,55073,41396,13569,,,,,,
1793,2021-02-09,AR,ARA,Arkansas,3017804,20381,17605,2764,,,,,,
1793,2021-02-09,AS,ASA,American Samoa,55689,0,0,0,,,,,,
1793,2021-02-09,AZ,AZA,Arizona,7278717,55867,49617,6082,,,,,,
1793,2021-02-09,BP2,BP2,Bureau of Prisons,0,0,0,0,,,,,,
1793,2021-02-09,CA,CAA,California,39512223,462518,362195,99104,,,,,,
1793,2021-02-09,CO,COA,Colorado,5758736,92013,67515,24166,,,,,,
1793,2021-02-09,CT,CTA,Connecticut,3565287,102465,67771,34116,,,,,,
1793,2021-02-09,DC,DCA,District of Columbia,705749,5435,4310,1061,,,,,,
1793,2021-02-09,DD2,DD2,Dept of Defense,0,0,0,0,,,,,,
1793,2021-02-09,DE,DEA,Delaware,973764,25421,20399,4913,,,,,,
1793,2021-02-09,FL,FLA,Florida,21477737,296923,210182,85108,,,,,,
1793,2021-02-09,FM,FMA,Federated States of Micronesia,103643,56,56,0,,,,,,
1793,2021-02-09,GA,GAA,Georgia,10617423,82323,59454,22551,,,,,,
1793,2021-02-09,GU,GUA,Guam,165768,0,0,0,,,,,,
1793,2021-02-09,HI,HIA,Hawaii,1415872,16781,12220,4555,,,,,,
1793,2021-02-09,IA,IAA,Iowa,3155070,101001,75221,25254,,,,,,
1793,2021-02-09,ID,IDA,Idaho,1787065,17862,13965,3849,,,,,,
1793,2021-02-09,IH2,IH2,Indian Health Svc,0,0,0,0,,,,,,
1793,2021-02-09,IL,ILA,Illinois,12671821,260111,210612,49006,,,,,,
1793,2021-02-09,IN,INA,Indiana,6732219,78245,64888,13231,,,,,,
1793,2021-02-09,KS,KSA,Kansas,2913314,69613,48813,20698,,,,,,
1793,2021-02-09,KY,KYA,Kentucky,4467673,75209,54089,20913,,,,,,
1793,2021-02-09,LA,LAA,Louisiana,4648794,69775,61009,8493,,,,,,
1793,2021-02-09,MA,MAA,Massachusetts,6892503,215983,153542,61286,,,,,,
1793,2021-02-09,MD,MDA,Maryland,6045680,96861,72765,23582,,,,,,
1793,2021-02-09,ME,MEA,Maine,1344212,28697,19982,8668,,,,,,
1793,2021-02-09,MH,MHA,Marshall Islands,58413,0,0,0,,,,,,
1793,2021-02-09,MI,MIA,Michigan,9986857,161474,136044,24754,,,,,,
1793,2021-02-09,MN,MNA,Minnesota,5639632,92383,79084,13032,,,,,,
1793,2021-02-09,MO,MOA,Missouri,6137428,89304,75949,13159,,,,,,
1793,2021-02-09,MP,MPA,Northern Mariana Islands,56882,1,1,0,,,,,,
1793,2021-02-09,MS,MSA,Mississippi,2976149,34680,26896,7711,,,,,,
1793,2021-02-09,MT,MTA,Montana,1068778,15229,11765,3455,,,,,,
1793,2021-02-09,NC,NCA,North Carolina,10488084,129526,107446,21680,,,,,,
1793,2021-02-09,ND,NDA,North Dakota,762062,5547,3455,2066,,,,,,
1793,2021-02-09,NE,NEA,Nebraska,1934408,49000,35720,13148,,,,,,
1793,2021-02-09,NH,NHA,New Hampshire,1359711,35232,23096,12032,,,,,,
1793,2021-02-09,NJ,NJA,New Jersey,8882190,168170,120136,47450,,,,,,
1793,2021-02-09,NM,NMA,New Mexico,2096829,23380,19432,3801,,,,,,
1793,2021-02-09,NV,NVA,Nevada,3080156,46926,39636,7223,,,,,,
1793,2021-02-09,NY,NYA,New York State,19453561,286712,204837,78980,,,,,,
1793,2021-02-09,OH,OHA,Ohio,11689100,287146,206326,78469,,,,,,
1793,2021-02-09,OK,OKA,Oklahoma,3956971,47998,37812,9959,,,,,,
1793,2021-02-09,OR,ORA,Oregon,4217737,68230,54555,13573,,,,,,
1793,2021-02-09,PA,PAA,Pennsylvania,12801989,266621,192740,72563,,,,,,
1793,2021-02-09,PR,PRA,Puerto Rico,3193694,41477,39922,1537,,,,,,
1793,2021-02-09,RI,RIA,Rhode Island,1059361,29539,22243,7188,,,,,,
1793,2021-02-09,RP,RPA,Republic of Palau,17907,0,0,0,,,,,,
1793,2021-02-09,SC,SCA,South Carolina,5148714,68564,53437,14682,,,,,,
1793,2021-02-09,SD,SDA,South Dakota,884659,10539,7861,2668,,,,,,
1793,2021-02-09,TN,TNA,Tennessee,6829174,61547,53772,7640,,,,,,
1793,2021-02-09,TX,TXA,Texas,28995881,366667,256116,108828,,,,,,
1793,2021-02-09,UT,UTA,Utah,3205958,42302,30731,11468,,,,,,
1793,2021-02-09,VA,VAA,Virginia,8535519,139971,102330,36564,,,,,,
1793,2021-02-09,VA2,VA2,Veterans Health,0,0,0,0,,,,,,
1793,2021-02-09,VI,VIA,Virgin Islands,104680,6,6,0,,,,,,
1793,2021-02-09,VT,VTA,Vermont,623989,14412,10101,4244,,,,,,
1793,2021-02-09,WA,WAA,Washington,7614893,89491,75190,13959,,,,,,
1793,2021-02-09,WI,WIA,Wisconsin,5822434,89494,75362,14026,,,,,,
1793,2021-02-09,WV,WVA,West Virginia,1792147,16063,13580,2463,,,,,,
1793,2021-02-09,WY,WYA,Wyoming,578759,4483,3333,1137,,,,,,
1793,2021-02-09,US,USA,United States,331996199,5015224,3810039,1183401,1735321,1207293,867425,624849,440591,117961
1792,2021-02-08,AK,AKA,Alaska,731545,4380,3475,900,,,,,,
1792,2021-02-08,AL,ALA,Alabama,4903185,54792,41301,13387,,,,,,
1792,2021-02-08,AR,ARA,Arkansas,3017804,20260,17533,2716,,,,,,
1792,2021-02-08,AS,ASA,American Samoa,55689,0,0,0,,,,,,
1792,2021-02-08,AZ,AZA,Arizona,7278717,55654,49419,6070,,,,,,
1792,2021-02-08,BP2,BP2,Bureau of Prisons,0,0,0,0,,,,,,
1792,2021-02-08,CA,CAA,California,39512223,452904,358228,93491,,,,,,
1792,2021-02-08,CO,COA,Colorado,5758736,91094,67114,23652,,,,,,
1792,2021-02-08,CT,CTA,Connecticut,3565287,101254,67451,33232,,,,,,
1792,2021-02-08,DC,DCA,District of Columbia,705749,5336,4272,1004,,,,,,
1792,2021-02-08,DD2,DD2,Dept of Defense,0,0,0,0,,,,,,
1792,2021-02-08,DE,DEA,Delaware,973764,25344,20385,4852,,,,,,
1792,2021-02-08,FL,FLA,Florida,21477737,291702,208806,81314,,,,,,
1792,2021-02-08,FM,FMA,Federated States of Micronesia,103643,56,56,0,,,,,,
1792,2021-02-08,GA,GAA,Georgia,10617423,81525,59286,21924,,,,,,
1792,2021-02-08,GU,GUA,Guam,165768,0,0,0,,,,,,
1792,2021-02-08,HI,HIA,Hawaii,1415872,16282,12137,4139,,,,,,
1792,2021-02-08,IA,IAA,Iowa,3155070,98482,73769,24190,,,,,,
1792,2021-02-08,ID,IDA,Idaho,1787065,17685,13859,3778,,,,,,
1792,2021-02-08,IH2,IH2,Indian Health Svc,0,0,0,0,,,,,,
1792,2021-02-08,IL,ILA,Illinois,12671821,253920,205114,48316,,,,,,
1792,2021-02-08,IN,INA,Indiana,6732219,77527,64677,12724,,,,,,
1792,2021-02-08,KS,KSA,Kansas,2913314,69245,48690,20454,,,,,,
1792,2021-02-08,KY,KYA,Kentucky,4467673,74783,53950,20630,,,,,,
1792,2021-02-08,LA,LAA,Louisiana,4648794,68951,60454,8224,,,,,,
1792,2021-02-08,MA,MAA,Massachusetts,6892503,211245,151554,58562,,,,,,
1792,2021-02-08,MD,MDA,Maryland,6045680,93790,70823,22472,,,,,,
1792,2021-02-08,ME,MEA,Maine,1344212,28595,19962,8589,,,,,,
1792,2021-02-08,MH,MHA,Marshall Islands,58413,0,0,0,,,,,,
1792,2021-02-08,MI,MIA,Michigan,9986857,160300,135590,24065,,,,,,
1792,2021-02-08,MN,MNA,Minnesota,5639632,91582,78895,12423,,,,,,
1792,2021-02-08,MO,MOA,Missouri,6137428,88430,75631,12605,,,,,,
1792,2021-02-08,MP,MPA,Northern Mariana Islands,56882,1,1,0,,,,,,
1792,2021-02-08,MS,MSA,Mississippi,2976149,34635,26858,7705,,,,,,
1792,2021-02-08,MT,MTA,Montana,1068778,15075,11735,3331,,,,,,
1792,2021-02-08,NC,NCA,North Carolina,10488084,128134,106858,20916,,,,,,
1792,2021-02-08,ND,NDA,North Dakota,762062,5504,3450,2028,,,,,,
1792,2021-02-08,NE,NEA,Nebraska,1934408,48772,35668,12972,,,,,,
1792,2021-02-08,NH,NHA,New Hampshire,1359711,34995,23038,11856,,,,,,
1792,2021-02-08,NJ,NJA,New Jersey,8882190,164776,118815,45386,,,,,,
1792,2021-02-08,NM,NMA,New Mexico,2096829,22822,19240,3436,,,,,,
1792,2021-02-08,NV,NVA,Nevada,3080156,46491,39447,6979,,,,,,
1792,2021-02-08,NY,NYA,New York State,19453561,284134,204110,77145,,,,,,
1792,2021-02-08,OH,OHA,Ohio,11689100,284775,205449,76995,,,,,,
1792,2021-02-08,OK,OKA,Oklahoma,3956971,47598,37614,9760,,,,,,
1792,2021-02-08,OR,ORA,Oregon,4217737,66759,53535,13122,,,,,,
1792,2021-02-08,PA,PAA,Pennsylvania,12801989,263429,190589,71536,,,,,,
1792,2021-02-08,PR,PRA,Puerto Rico,3193694,41103,39681,1405,,,,,,
1792,2021-02-08,RI,RIA,Rhode Island,1059361,29171,22002,7062,,,,,,
1792,2021-02-08,RP,RPA,Republic of Palau,17907,0,0,0,,,,,,
1792,2021-02-08,SC,SCA,South Carolina,5148714,68063,53283,14336,,,,,,
1792,2021-02-08,SD,SDA,South Dakota,884659,10537,7859,2668,,,,,,
1792,2021-02-08,TN,TNA,Tennessee,6829174,61482,53748,7598,,,,,,
1792,2021-02-08,TX,TXA,Texas,28995881,363254,255081,106455,,,,,,
1792,2021-02-08,UT,UTA,Utah,3205958,41482,30367,11025,,,,,,
1792,2021-02-08,VA,VAA,Virginia,8535519,138396,101860,35469,,,,,,
1792,2021-02-08,VA2,VA2,Veterans Health,0,0,0,0,,,,,,
1792,2021-02-08,VI,VIA,Virgin Islands,104680,6,6,0,,,,,,
1792,2021-02-08,VT,VTA,Vermont,623989,14123,9959,4098,,,,,,
1792,2021-02-08,WA,WAA,Washington,7614893,87824,74178,13329,,,,,,
1792,2021-02-08,WI,WIA,Wisconsin,5822434,87829,74543,13181,,,,,,
1792,2021-02-08,WV,WVA,West Virginia,1792147,15713,13560,2133,,,,,,
1792,2021-02-08,WY,WYA,Wyoming,578759,4482,3333,1136,,,,,,
1792,2021-02-08,US,USA,United States,331996199,4946483,3778298,1146775,1722858,1197428,858012,604782,427314,114679
1790,2021-02-07,AK,AKA,Alaska,731545,4305,3446,854,,,,,,
1790,2021-02-07,AL,ALA,Alabama,4903185,54342,41033,13206,,,,,,
1790,2021-02-07,AR,ARA,Arkansas,3017804,19878,17383,2485,,,,,,
1790,2021-02-07,AS,ASA,American Samoa,55689,0,0,0,,,,,,
1790,2021-02-07,AZ,AZA,Arizona,7278717,54507,48588,5755,,,,,,
1790,2021-02-07,BP2,BP2,Bureau of Prisons,0,0,0,0,,,,,,
1790,2021-02-07,CA,CAA,California,39512223,437668,349217,87316,,,,,,
1790,2021-02-07,CO,COA,Colorado,5758736,88756,66166,22280,,,,,,
1790,2021-02-07,CT,CTA,Connecticut,3565287,99458,66955,31933,,,,,,
1790,2021-02-07,DC,DCA,District of Columbia,705749,5175,4223,893,,,,,,
1790,2021-02-07,DD2,DD2,Dept of Defense,0,0,0,0,,,,,,
1790,2021-02-07,DE,DEA,Delaware,973764,25331,20373,4851,,,,,,
1790,2021-02-07,FL,FLA,Florida,21477737,285319,206354,77520,,,,,,
1790,2021-02-07,FM,FMA,Federated States of Micronesia,103643,56,56,0,,,,,,
1790,2021-02-07,GA,GAA,Georgia,10617423,80703,59007,21389,,,,,,
1790,2021-02-07,GU,GUA,Guam,165768,0,0,0,,,,,,
1790,2021-02-07,HI,HIA,Hawaii,1415872,15823,12060,3758,,,,,,
1790,2021-02-07,IA,IAA,Iowa,3155070,95091,71715,22929,,,,,,
1790,2021-02-07,ID,IDA,Idaho,1787065,17313,13611,3654,,,,,,
1790,2021-02-07,IH2,IH2,Indian Health Svc,0,0,0,0,,,,,,
1790,2021-02-07,IL,ILA,Illinois,12671821,244337,196912,46942,,,,,,
1790,2021-02-07,IN,INA,Indiana,6732219,76571,64154,12292,,,,,,
1790,2021-02-07,KS,KSA,Kansas,2913314,68146,48042,20022,,,,,,
1790,2021-02-07,KY,KYA,Kentucky,4467673,73875,53335,20337,,,,,,
1790,2021-02-07,LA,LAA,Louisiana,4648794,67799,59709,7854,,,,,,
1790,2021-02-07,MA,MAA,Massachusetts,6892503,205203,149105,55084,,,,,,
1790,2021-02-07,MD,MDA,Maryland,6045680,90949,68956,21518,,,,,,
1790,2021-02-07,ME,MEA,Maine,1344212,28376,19858,8475,,,,,,
1790,2021-02-07,MH,MHA,Marshall Islands,58413,0,0,0,,,,,,
1790,2021-02-07,MI,MIA,Michigan,9986857,158816,134871,23303,,,,,,
1790,2021-02-07,MN,MNA,Minnesota,5639632,89365,78056,11114,,,,,,
1790,2021-02-07,MO,MOA,Missouri,6137428,87089,75116,11780,,,,,,
1790,2021-02-07,MP,MPA,Northern Mariana Islands,56882,1,1,0,,,,,,
1790,2021-02-07,MS,MSA,Mississippi,2976149,34141,26545,7524,,,,,,
1790,2021-02-07,MT,MTA,Montana,1068778,14558,11480,3070,,,,,,
1790,2021-02-07,NC,NCA,North Carolina,10488084,125948,106138,19461,,,,,,
1790,2021-02-07,ND,NDA,North Dakota,762062,5468,3449,1993,,,,,,
1790,2021-02-07,NE,NEA,Nebraska,1934408,48260,35428,12703,,,,,,
1790,2021-02-07,NH,NHA,New Hampshire,1359711,34748,23009,11638,,,,,,
1790,2021-02-07,NJ,NJA,New Jersey,8882190,160533,116894,43076,,,,,,
1790,2021-02-07,NM,NMA,New Mexico,2096829,22266,19013,3133,,,,,,
1790,2021-02-07,NV,NVA,Nevada,3080156,45073,38447,6565,,,,,,
1790,2021-02-07,NY,NYA,New York State,19453561,281170,202772,75539,,,,,,
1790,2021-02-07,OH,OHA,Ohio,11689100,279163,201759,75155,,,,,,
1790,2021-02-07,OK,OKA,Oklahoma,3956971,46396,36820,9355,,,,,,
1790,2021-02-07,OR,ORA,Oregon,4217737,64699,52112,12489,,,,,,
1790,2021-02-07,PA,PAA,Pennsylvania,12801989,258894,186728,70879,,,,,,
1790,2021-02-07,PR,PRA,Puerto Rico,3193694,40087,38923,1147,,,,,,
1790,2021-02-07,RI,RIA,Rhode Island,1059361,28572,21527,6938,,,,,,
1790,2021-02-07,RP,RPA,Republic of Palau,17907,0,0,0,,,,,,
1790,2021-02-07,SC,SCA,South Carolina,5148714,67254,53011,13799,,,,,,
1790,2021-02-07,SD,SDA,South Dakota,884659,10529,7856,2663,,,,,,
1790,2021-02-07,TN,TNA,Tennessee,6829174,61273,53590,7549,,,,,,
1790,2021-02-07,TX,TXA,Texas,28995881,356160,252611,101862,,,,,,
1790,2021-02-07,UT,UTA,Utah,3205958,40040,29688,10280,,,,,,
1790,2021-02-07,VA,VAA,Virginia,8535519,135569,100430,34089,,,,,,
1790,2021-02-07,VA2,VA2,Veterans Health,0,0,0,0,,,,,,
1790,2021-02-07,VI,VIA,Virgin Islands,104680,6,6,0,,,,,,
1790,2021-02-07,VT,VTA,Vermont,623989,13790,9825,3899,,,,,,
1790,2021-02-07,WA,WAA,Washington,7614893,85349,72430,12611,,,,,,
1790,2021-02-07,WI,WIA,Wisconsin,5822434,85470,73039,12331,,,,,,
1790,2021-02-07,WV,WVA,West Virginia,1792147,15009,13472,1519,,,,,,
1790,2021-02-07,WY,WYA,Wyoming,578759,4467,3322,1132,,,,,,
1790,2021-02-07,US,USA,United States,331996199,4839144,3718626,1099943,1699843,1178902,839881,578764,411681,109498
1789,2021-02-06,AK,AKA,Alaska,731545,4066,3361,701,,,,,,
1789,2021-02-06,AL,ALA,Alabama,4903185,52506,40324,12081,,,,,,
1789,2021-02-06,AR,ARA,Arkansas,3017804,19249,17248,1992,,,,,,
1789,2021-02-06,AS,ASA,American Samoa,55689,0,0,0,,,,,,
1789,2021-02-06,AZ,AZA,Arizona,7278717,51588,46405,5024,,,,,,
1789,2021-02-06,BP2,BP2,Bureau of Prisons,0,0,0,0,,,,,,
1789,2021-02-06,CA,CAA,California,39512223,413338,336161,76253,,,,,,
1789,2021-02-06,CO,COA,Colorado,5758736,84996,64659,20081,,,,,,
1789,2021-02-06,CT,CTA,Connecticut,3565287,96925,66013,30347,,,,,,
1789,2021-02-06,DC,DCA,District of Columbia,705749,5006,4155,792,,,,,,
1789,2021-02-06,DD2,DD2,Dept of Defense,0,0,0,0,,,,,,
1789,2021-02-06,DE,DEA,Delaware,973764,24526,19711,4709,,,,,,
1789,2021-02-06,FL,FLA,Florida,21477737,274117,201701,71043,,,,,,
1789,2021-02-06,FM,FMA,Federated States of Micronesia,103643,56,56,0,,,,,,
1789,2021-02-06,GA,GAA,Georgia,10617423,78089,57979,19809,,,,,,
1789,2021-02-06,GU,GUA,Guam,165768,0,0,0,,,,,,
1789,2021-02-06,HI,HIA,Hawaii,1415872,15150,11850,3296,,,,,,
1789,2021-02-06,IA,IAA,Iowa,3155070,89878,68589,20858,,,,,,
1789,2021-02-06,ID,IDA,Idaho,1787065,16775,13341,3386,,,,,,
1789,2021-02-06,IH2,IH2,Indian Health Svc,0,0,0,0,,,,,,
1789,2021-02-06,IL,ILA,Illinois,12671821,229019,185977,42614,,,,,,
1789,2021-02-06,IN,INA,Indiana,6732219,73035,62860,10054,,,,,,
1789,2021-02-06,KS,KSA,Kansas,2913314,65516,47319,18118,,,,,,
1789,2021-02-06,KY,KYA,Kentucky,4467673,71765,52030,19541,,,,,,
1789,2021-02-06,LA,LAA,Louisiana,4648794,64590,57647,6721,,,,,,
1789,2021-02-06,MA,MAA,Massachusetts,6892503,195450,144862,49656,,,,,,
1789,2021-02-06,MD,MDA,Maryland,6045680,86425,65190,20777,,,,,,
1789,2021-02-06,ME,MEA,Maine,1344212,27308,19536,7731,,,,,,
1789,2021-02-06,MH,MHA,Marshall Islands,58413,0,0,0,,,,,,
1789,2021-02-06,MI,MIA,Michigan,9986857,151096,130601,19860,,,,,,
1789,2021-02-06,MN,MNA,Minnesota,5639632,86196,76423,9599,,,,,,
1789,2021-02-06,MO,MOA,Missouri,6137428,84437,73710,10540,,,,,,
1789,2021-02-06,MP,MPA,Northern Mariana Islands,56882,1,1,0,,,,,,
1789,2021-02-06,MS,MSA,Mississippi,2976149,32528,25731,6728,,,,,,
1789,2021-02-06,MT,MTA,Montana,1068778,13875,11078,2790,,,,,,
1789,2021-02-06,NC,NCA,North Carolina,10488084,120975,104105,16581,,,,,,
1789,2021-02-06,ND,NDA,North Dakota,762062,5414,3441,1953,,,,,,
1789,2021-02-06,NE,NEA,Nebraska,1934408,47499,35083,12287,,,,,,
1789,2021-02-06,NH,NHA,New Hampshire,1359711,33745,22423,11222,,,,,,
1789,2021-02-06,NJ,NJA,New Jersey,8882190,154891,114254,40174,,,,,,
1789,2021-02-06,NM,NMA,New Mexico,2096829,21409,18681,2620,,,,,,
1789,2021-02-06,NV,NVA,Nevada,3080156,42013,35909,6046,,,,,,
1789,2021-02-06,NY,NYA,New York State,19453561,269637,196545,70288,,,,,,
1789,2021-02-06,OH,OHA,Ohio,11689100,270256,196367,71676,,,,,,
1789,2021-02-06,OK,OKA,Oklahoma,3956971,45453,36314,8919,,,,,,
1789,2021-02-06,OR,ORA,Oregon,4217737,61453,49512,11845,,,,,,
1789,2021-02-06,PA,PAA,Pennsylvania,12801989,250069,180110,68732,,,,,,
1789,2021-02-06,PR,PRA,Puerto Rico,3193694,37768,37051,703,,,,,,
1789,2021-02-06,RI,RIA,Rhode Island,1059361,27888,20945,6837,,,,,,
1789,2021-02-06,RP,RPA,Republic of Palau,17907,0,0,0,,,,,,
1789,2021-02-06,SC,SCA,South Carolina,5148714,63915,51808,11901,,,,,,
1789,2021-02-06,SD,SDA,South Dakota,884659,10265,7719,2536,,,,,,
1789,2021-02-06,TN,TNA,Tennessee,6829174,58664,52301,6237,,,,,,
1789,2021-02-06,TX,TXA,Texas,28995881,339800,246718,91455,,,,,,
1789,2021-02-06,UT,UTA,Utah,3205958,38227,28785,9374,,,,,,
1789,2021-02-06,VA,VAA,Virginia,8535519,129233,97700,30526,,,,,,
1789,2021-02-06,VA2,VA2,Veterans Health,0,0,0,0,,,,,,
1789,2021-02-06,VI,VIA,Virgin Islands,104680,5,5,0,,,,,,
1789,2021-02-06,VT,VTA,Vermont,623989,13241,9521,3656,,,,,,
1789,2021-02-06,WA,WAA,Washington,7614893,81717,69975,11491,,,,,,
1789,2021-02-06,WI,WIA,Wisconsin,5822434,79528,69617,9850,,,,,,
1789,2021-02-06,WV,WVA,West Virginia,1792147,14130,13372,742,,,,,,
1789,2021-02-06,WY,WYA,Wyoming,578759,4261,3238,1014,,,,,,
1789,2021-02-06,US,USA,United States,331996199,4628962,3606017,1003766,1658639,1148489,798889,529455,382733,91578
1788,2021-02-05,AK,AKA,Alaska,731545,3982,3317,662,,,,,,
1788,2021-02-05,AL,ALA,Alabama,4903185,50575,39550,10934,,,,,,
1788,2021-02-05,AR,ARA,Arkansas,3017804,18602,17028,1567,,,,,,
1788,2021-02-05,AS,ASA,American Samoa,55689,0,0,0,,,,,,
1788,2021-02-05,AZ,AZA,Arizona,7278717,48615,44575,3883,,,,,,
1788,2021-02-05,BP2,BP2,Bureau of Prisons,0,0,0,0,,,,,,
1788,2021-02-05,CA,CAA,California,39512223,390804,323480,66436,,,,,,
1788,2021-02-05,CO,COA,Colorado,5758736,81950,63601,18157,,,,,,
1788,2021-02-05,CT,CTA,Connecticut,3565287,94584,65358,28666,,,,,,
1788,2021-02-05,DC,DCA,District of Columbia,705749,4428,3814,555,,,,,,
1788,2021-02-05,DD2,DD2,Dept of Defense,0,0,0,0,,,,,,
1788,2021-02-05,DE,DEA,Delaware,973764,23898,19355,4445,,,,,,
1788,2021-02-05,FL,FLA,Florida,21477737,262761,197760,63704,,,,,,
1788,2021-02-05,FM,FMA,Federated States of Micronesia,103643,56,56,0,,,,,,
1788,2021-02-05,GA,GAA,Georgia,10617423,74164,56572,17323,,,,,,
1788,2021-02-05,GU,GUA,Guam,165768,0,0,0,,,,,,
1788,2021-02-05,HI,HIA,Hawaii,1415872,14246,11564,2680,,,,,,
1788,2021-02-05,IA,IAA,Iowa,3155070,84918,65693,18829,,,,,,
1788,2021-02-05,ID,IDA,Idaho,1787065,15645,13048,2555,,,,,,
1788,2021-02-05,IH2,IH2,Indian Health Svc,0,0,0,0,,,,,,
1788,2021-02-05,IL,ILA,Illinois,12671821,214949,176617,37917,,,,,,
1788,2021-02-05,IN,INA,Indiana,6732219,69774,61686,7973,,,,,,
1788,2021-02-05,KS,KSA,Kansas,2913314,62328,46154,16097,,,,,,
1788,2021-02-05,KY,KYA,Kentucky,4467673,69880,51352,18337,,,,,,
1788,2021-02-05,LA,LAA,Louisiana,4648794,60955,55573,5221,,,,,,
1788,2021-02-05,MA,MAA,Massachusetts,6892503,186795,141314,44565,,,,,,
1788,2021-02-05,MD,MDA,Maryland,6045680,82736,62362,19925,,,,,,
1788,2021-02-05,ME,MEA,Maine,1344212,26144,19187,6917,,,,,,
1788,2021-02-05,MH,MHA,Marshall Islands,58413,0,0,0,,,,,,
1788,2021-02-05,MI,MIA,Michigan,9986857,143221,126104,16600,,,,,,
1788,2021-02-05,MN,MNA,Minnesota,5639632,82710,74350,8200,,,,,,
1788,2021-02-05,MO,MOA,Missouri,6137428,81349,72344,8827,,,,,,
1788,2021-02-05,MP,MPA,Northern Mariana Islands,56882,1,1,0,,,,,,
1788,2021-02-05,MS,MSA,Mississippi,2976149,30647,24905,5676,,,,,,
1788,2021-02-05,MT,MTA,Montana,1068778,13113,10811,2295,,,,,,
1788,2021-02-05,NC,NCA,North Carolina,10488084,114456,101670,12528,,,,,,
1788,2021-02-05,ND,NDA,North Dakota,762062,5241,3404,1817,,,,,,
1788,2021-02-05,NE,NEA,Nebraska,1934408,46779,34886,11770,,,,,,
1788,2021-02-05,NH,NHA,New Hampshire,1359711,33255,22268,10889,,,,,,
1788,2021-02-05,NJ,NJA,New Jersey,8882190,147529,111516,35582,,,,,,
1788,2021-02-05,NM,NMA,New Mexico,2096829,19955,18035,1824,,,,,,
1788,2021-02-05,NV,NVA,Nevada,3080156,39871,34148,5666,,,,,,
1788,2021-02-05,NY,NYA,New York State,19453561,259792,193051,63973,,,,,,
1788,2021-02-05,OH,OHA,Ohio,11689100,258801,189994,66680,,,,,,
1788,2021-02-05,OK,OKA,Oklahoma,3956971,43728,35597,7928,,,,,,
1788,2021-02-05,OR,ORA,Oregon,4217737,58485,47376,11018,,,,,,
1788,2021-02-05,PA,PAA,Pennsylvania,12801989,240360,174389,64836,,,,,,
1788,2021-02-05,PR,PRA,Puerto Rico,3193694,35513,35064,436,,,,,,
1788,2021-02-05,RI,RIA,Rhode Island,1059361,26556,19999,6452,,,,,,
1788,2021-02-05,RP,RPA,Republic of Palau,17907,0,0,0,,,,,,
1788,2021-02-05,SC,SCA,South Carolina,5148714,60384,50410,9769,,,,,,
1788,2021-02-05,SD,SDA,South Dakota,884659,10049,7626,2413,,,,,,
1788,2021-02-05,TN,TNA,Tennessee,6829174,56327,50937,5285,,,,,,
1788,2021-02-05,TX,TXA,Texas,28995881,327434,241803,84050,,,,,,
1788,2021-02-05,UT,UTA,Utah,3205958,36547,28175,8310,,,,,,
1788,2021-02-05,VA,VAA,Virginia,8535519,122871,94877,27057,,,,,,
1788,2021-02-05,VA2,VA2,Veterans Health,0,0,0,0,,,,,,
1788,2021-02-05,VI,VIA,Virgin Islands,104680,5,5,0,,,,,,
1788,2021-02-05,VT,VTA,Vermont,623989,12637,9355,3219,,,,,,
1788,2021-02-05,WA,WAA,Washington,7614893,77568,67371,9967,,,,,,
1788,2021-02-05,WI,WIA,Wisconsin,5822434,73882,66466,7368,,,,,,
1788,2021-02-05,WV,WVA,West Virginia,1792147,13580,13246,319,,,,,,
1788,2021-02-05,WY,WYA,Wyoming,578759,4198,3224,965,,,,,,
1788,2021-02-05,US,USA,United States,331996199,4419633,3502423,899067,1622095,1118244,762084,476196,349217,73654
1787,2021-02-04,AK,AKA,Alaska,731545,3815,3249,563,,,,,,
1787,2021-02-04,AL,ALA,Alabama,4903185,47911,38046,9780,,,,,,
1787,2021-02-04,AR,ARA,Arkansas,3017804,18004,16619,1378,,,,,,
1787,2021-02-04,AS,ASA,American Samoa,55689,0,0,0,,,,,,
1787,2021-02-04,AZ,AZA,Arizona,7278717,45778,42416,3220,,,,,,
1787,2021-02-04,BP2,BP2,Bureau of Prisons,0,0,0,0,,,,,,
1787,2021-02-04,CA,CAA,California,39512223,367460,310934,55769,,,,,,
1787,2021-02-04,CO,COA,Colorado,5758736,77679,62011,15490,,,,,,
1787,2021-02-04,CT,CTA,Connecticut,3565287,92142,64727,26874,,,,,,
1787,2021-02-04,DC,DCA,District of Columbia,705749,3935,3556,339,,,,,,
1787,2021-02-04,DD2,DD2,Dept of Defense,0,0,0,0,,,,,,
1787,2021-02-04,DE,DEA,Delaware,973764,23305,19040,4174,,,,,,
1787,2021-02-04,FL,FLA,Florida,21477737,250171,193783,55203,,,,,,
1787,2021-02-04,FM,FMA,Federated States of Micronesia,103643,56,56,0,,,,,,
1787,2021-02-04,GA,GAA,Georgia,10617423,70005,55212,14549,,,,,,
1787,2021-02-04,GU,GUA,Guam,165768,0,0,0,,,,,,
1787,2021-02-04,HI,HIA,Hawaii,1415872,13776,11408,2366,,,,,,
1787,2021-02-04,IA,IAA,Iowa,3155070,81732,64342,17009,,,,,,
1787,2021-02-04,ID,IDA,Idaho,1787065,14996,12821,2158,,,,,,
1787,2021-02-04,IH2,IH2,Indian Health Svc,0,0,0,0,,,,,,
1787,2021-02-04,IL,ILA,Illinois,12671821,204924,169678,34856,,,,,,
1787,2021-02-04,IN,INA,Indiana,6732219,66402,59827,6509,,,,,,
1787,2021-02-04,KS,KSA,Kansas,2913314,58948,45229,13647,,,,,,
1787,2021-02-04,KY,KYA,Kentucky,4467673,67613,50487,16955,,,,,,
1787,2021-02-04,LA,LAA,Louisiana,4648794,56890,52690,4054,,,,,,
1787,2021-02-04,MA,MAA,Massachusetts,6892503,178153,137913,39349,,,,,,
1787,2021-02-04,MD,MDA,Maryland,6045680,76433,58846,17170,,,,,,
1787,2021-02-04,ME,MEA,Maine,1344212,24694,18532,6134,,,,,,
1787,2021-02-04,MH,MHA,Marshall Islands,58413,0,0,0,,,,,,
1787,2021-02-04,MI,MIA,Michigan,9986857,135218,121446,13324,,,,,,
1787,2021-02-04,MN,MNA,Minnesota,5639632,78680,71808,6761,,,,,,
1787,2021-02-04,MO,MOA,Missouri,6137428,77165,70157,6883,,,,,,
1787,2021-02-04,MP,MPA,Northern Mariana Islands,56882,1,1,0,,,,,,
1787,2021-02-04,MS,MSA,Mississippi,2976149,28668,24227,4384,,,,,,
1787,2021-02-04,MT,MTA,Montana,1068778,12688,10627,2054,,,,,,
1787,2021-02-04,NC,NCA,North Carolina,10488084,108253,98172,9863,,,,,,
1787,2021-02-04,ND,NDA,North Dakota,762062,5007,3376,1611,,,,,,
1787,2021-02-04,NE,NEA,Nebraska,1934408,45454,34367,10966,,,,,,
1787,2021-02-04,NH,NHA,New Hampshire,1359711,31659,21354,10213,,,,,,
1787,2021-02-04,NJ,NJA,New Jersey,8882190,139979,108787,30770,,,,,,
1787,2021-02-04,NM,NMA,New Mexico,2096829,19141,17574,1474,,,,,,
1787,2021-02-04,NV,NVA,Nevada,3080156,38195,33010,5129,,,,,,
1787,2021-02-04,NY,NYA,New York State,19453561,252462,190306,59419,,,,,,
1787,2021-02-04,OH,OHA,Ohio,11689100,249036,184997,62028,,,,,,
1787,2021-02-04,OK,OKA,Oklahoma,3956971,42541,34954,7385,,,,,,
1787,2021-02-04,OR,ORA,Oregon,4217737,54810,44345,10378,,,,,,
1787,2021-02-04,PA,PAA,Pennsylvania,12801989,228929,167854,59967,,,,,,
1787,2021-02-04,PR,PRA,Puerto Rico,3193694,33471,33104,357,,,,,,
1787,2021-02-04,RI,RIA,Rhode Island,1059361,25415,19185,6150,,,,,,
1787,2021-02-04,RP,RPA,Republic of Palau,17907,0,0,0,,,,,,
1787,2021-02-04,SC,SCA,South Carolina,5148714,56511,48511,7823,,,,,,
1787,2021-02-04,SD,SDA,South Dakota,884659,9782,7552,2221,,,,,,
1787,2021-02-04,TN,TNA,Tennessee,6829174,53858,49219,4542,,,,,,
1787,2021-02-04,TX,TXA,Texas,28995881,314345,236705,76163,,,,,,
1787,2021-02-04,UT,UTA,Utah,3205958,35355,27722,7572,,,,,,
1787,2021-02-04,VA,VAA,Virginia,8535519,116496,92439,23204,,,,,,
1787,2021-02-04,VA2,VA2,Veterans Health,0,0,0,0,,,,,,
1787,2021-02-04,VI,VIA,Virgin Islands,104680,5,5,0,,,,,,
1787,2021-02-04,VT,VTA,Vermont,623989,12104,9215,2826,,,,,,
1787,2021-02-04,WA,WAA,Washington,7614893,73755,65022,8509,,,,,,
1787,2021-02-04,WI,WIA,Wisconsin,5822434,69105,63134,5931,,,,,,
1787,2021-02-04,WV,WVA,West Virginia,1792147,13152,13032,107,,,,,,
1787,2021-02-04,WY,WYA,Wyoming,578759,3965,3192,764,,,,,,
1787,2021-02-04,US,USA,United States,331996199,4210027,3396821,796324,1580529,1085318,730974,422777,313609,59938
1783,2021-02-03,AK,AKA,Alaska,731545,3601,3133,465,,,,,,
1783,2021-02-03,AL,ALA,Alabama,4903185,45487,37039,8366,,,,,,
1783,2021-02-03,AR,ARA,Arkansas,3017804,17551,16415,1130,,,,,,
1783,2021-02-03,AS,ASA,American Samoa,55689,0,0,0,,,,,,
1783,2021-02-03,AZ,AZA,Arizona,7278717,42214,39465,2680,,,,,,
1783,2021-02-03,BP2,BP2,Bureau of Prisons,0,0,0,0,,,,,,
1783,2021-02-03,CA,CAA,California,39512223,348056,299297,48059,,,,,,
1783,2021-02-03,CO,COA,Colorado,5758736,74292,60902,13225,,,,,,
1783,2021-02-03,CT,CTA,Connecticut,3565287,89515,63903,25097,,,,,,
1783,2021-02-03,DC,DCA,District of Columbia,705749,3567,3355,186,,,,,,
1783,2021-02-03,DD2,DD2,Dept of Defense,0,0,0,0,,,,,,
1783,2021-02-03,DE,DEA,Delaware,973764,22691,18792,3808,,,,,,
1783,2021-02-03,FL,FLA,Florida,21477737,239647,190525,48057,,,,,,
1783,2021-02-03,FM,FMA,Federated States of Micronesia,103643,56,56,0,,,,,,
1783,2021-02-03,GA,GAA,Georgia,10617423,66059,53605,12219,,,,,,
1783,2021-02-03,GU,GUA,Guam,165768,0,0,0,,,,,,
1783,2021-02-03,HI,HIA,Hawaii,1415872,13377,11129,2246,,,,,,
1783,2021-02-03,IA,IAA,Iowa,3155070,78649,63302,15057,,,,,,
1783,2021-02-03,ID,IDA,Idaho,1787065,14261,12513,1731,,,,,,
1783,2021-02-03,IH2,IH2,Indian Health Svc,0,0,0,0,,,,,,
1783,2021-02-03,IL,ILA,Illinois,12671821,195000,163643,30995,,,,,,
1783,2021-02-03,IN,INA,Indiana,6732219,63054,57763,5226,,,,,,
1783,2021-02-03,KS,KSA,Kansas,2913314,56134,44254,11809,,,,,,
1783,2021-02-03,KY,KYA,Kentucky,4467673,64741,49338,15241,,,,,,
1783,2021-02-03,LA,LAA,Louisiana,4648794,54245,50974,3138,,,,,,
1783,2021-02-03,MA,MAA,Massachusetts,6892503,170004,134325,34802,,,,,,
1783,2021-02-03,MD,MDA,Maryland,6045680,72559,55818,16329,,,,,,
1783,2021-02-03,ME,MEA,Maine,1344212,24566,18467,6071,,,,,,
1783,2021-02-03,MH,MHA,Marshall Islands,58413,0,0,0,,,,,,
1783,2021-02-03,MI,MIA,Michigan,9986857,127368,116674,10435,,,,,,
1783,2021-02-03,MN,MNA,Minnesota,5639632,75858,70049,5701,,,,,,
1783,2021-02-03,MO,MOA,Missouri,6137428,73309,68022,5166,,,,,,
1783,2021-02-03,MP,MPA,Northern Mariana Islands,56882,1,1,0,,,,,,
1783,2021-02-03,MS,MSA,Mississippi,2976149,26777,23517,3206,,,,,,
1783,2021-02-03,MT,MTA,Montana,1068778,12181,10333,1841,,,,,,
1783,2021-02-03,NC,NCA,North Carolina,10488084,101624,94492,6936,,,,,,
1783,2021-02-03,ND,NDA,North Dakota,762062,4833,3348,1466,,,,,,
1783,2021-02-03,NE,NEA,Nebraska,1934408,44176,33932,10167,,,,,,
1783,2021-02-03,NH,NHA,New Hampshire,1359711,31283,21192,9999,,,,,,
1783,2021-02-03,NJ,NJA,New Jersey,8882190,135904,107075,28438,,,,,,
1783,2021-02-03,NM,NMA,New Mexico,2096829,18491,17158,1240,,,,,,
1783,2021-02-03,NV,NVA,Nevada,3080156,37307,32646,4619,,,,,,
1783,2021-02-03,NY,NYA,New York State,19453561,247086,188076,56358,,,,,,
1783,2021-02-03,OH,OHA,Ohio,11689100,240000,180247,58224,,,,,,
1783,2021-02-03,OK,OKA,Oklahoma,3956971,40699,33964,6536,,,,,,
1783,2021-02-03,OR,ORA,Oregon,4217737,52281,42746,9451,,,,,,
1783,2021-02-03,PA,PAA,Pennsylvania,12801989,219033,162253,55804,,,,,,
1783,2021-02-03,PR,PRA,Puerto Rico,3193694,31357,31165,184,,,,,,
1783,2021-02-03,RI,RIA,Rhode Island,1059361,24125,18545,5501,,,,,,
1783,2021-02-03,RP,RPA,Republic of Palau,17907,0,0,0,,,,,,
1783,2021-02-03,SC,SCA,South Carolina,5148714,53135,46608,6386,,,,,,
1783,2021-02-03,SD,SDA,South Dakota,884659,9554,7462,2083,,,,,,
1783,2021-02-03,TN,TNA,Tennessee,6829174,50756,47289,3376,,,,,,
1783,2021-02-03,TX,TXA,Texas,28995881,299527,230818,67297,,,,,,
1783,2021-02-03,UT,UTA,Utah,3205958,33520,26968,6507,,,,,,
1783,2021-02-03,VA,VAA,Virginia,8535519,111162,90350,20000,,,,,,
1783,2021-02-03,VA2,VA2,Veterans Health,0,0,0,0,,,,,,
1783,2021-02-03,VI,VIA,Virgin Islands,104680,4,4,0,,,,,,
1783,2021-02-03,VT,VTA,Vermont,623989,11668,9021,2587,,,,,,
1783,2021-02-03,WA,WAA,Washington,7614893,69976,62622,7136,,,,,,
1783,2021-02-03,WI,WIA,Wisconsin,5822434,63618,59506,4072,,,,,,
1783,2021-02-03,WV,WVA,West Virginia,1792147,12887,12796,78,,,,,,
1783,2021-02-03,WY,WYA,Wyoming,578759,3581,3061,512,,,,,,
1783,2021-02-03,US,USA,United States,331996199,4022407,3299953,707243,1543328,1056216,700409,376143,284501,46599
1782,2021-02-02,AK,AKA,Alaska,731545,3547,3114,430,,,,,,
1782,2021-02-02,AL,ALA,Alabama,4903185,42998,35813,7105,,,,,,
1782,2021-02-02,AR,ARA,Arkansas,3017804,16927,15969,952,,,,,,
1782,2021-02-02,AS,ASA,American Samoa,55689,0,0,0,,,,,,
1782,2021-02-02,AZ,AZA,Arizona,7278717,39991,37789,2134,,,,,,
1782,2021-02-02,BP2,BP2,Bureau of Prisons,0,0,0,0,,,,,,
1782,2021-02-02,CA,CAA,California,39512223,324162,283426,40085,,,,,,
1782,2021-02-02,CO,COA,Colorado,5758736,70564,59401,11005,,,,,,
1782,2021-02-02,CT,CTA,Connecticut,3565287,87603,63160,23948,,,,,,
1782,2021-02-02,DC,DCA,District of Columbia,705749,3378,3249,103,,,,,,
1782,2021-02-02,DD2,DD2,Dept of Defense,0,0,0,0,,,,,,
1782,2021-02-02,DE,DEA,Delaware,973764,21800,18502,3210,,,,,,
1782,2021-02-02,FL,FLA,Florida,21477737,230030,187520,41606,,,,,,
1782,2021-02-02,FM,FMA,Federated States of Micronesia,103643,56,56,0,,,,,,
1782,2021-02-02,GA,GAA,Georgia,10617423,62443,52164,10095,,,,,,
1782,2021-02-02,GU,GUA,Guam,165768,0,0,0,,,,,,
1782,2021-02-02,HI,HIA,Hawaii,1415872,12757,10809,1946,,,,,,
1782,2021-02-02,IA,IAA,Iowa,3155070,75506,62071,13168,,,,,,
1782,2021-02-02,ID,IDA,Idaho,1787065,13270,12021,1233,,,,,,
1782,2021-02-02,IH2,IH2,Indian Health Svc,0,0,0,0,,,,,,
1782,2021-02-02,IL,ILA,Illinois,12671821,185208,157253,27626,,,,,,
1782,2021-02-02,IN,INA,Indiana,6732219,60321,56471,3800,,,,,,
1782,2021-02-02,KS,KSA,Kansas,2913314,53536,43236,10245,,,,,,
1782,2021-02-02,KY,KYA,Kentucky,4467673,62627,48597,13874,,,,,,
1782,2021-02-02,LA,LAA,Louisiana,4648794,51445,48930,2396,,,,,,
1782,2021-02-02,MA,MAA,Massachusetts,6892503,163414,130889,31655,,,,,,
1782,2021-02-02,MD,MDA,Maryland,6045680,70148,54233,15509,,,,,,
1782,2021-02-02,ME,MEA,Maine,1344212,23940,18186,5726,,,,,,
1782,2021-02-02,MH,MHA,Marshall Islands,58413,0,0,0,,,,,,
1782,2021-02-02,MI,MIA,Michigan,9986857,119975,112255,7469,,,,,,
1782,2021-02-02,MN,MNA,Minnesota,5639632,73681,68664,4912,,,,,,
1782,2021-02-02,MO,MOA,Missouri,6137428,70207,66032,4066,,,,,,
1782,2021-02-02,MP,MPA,Northern Mariana Islands,56882,1,1,0,,,,,,
1782,2021-02-02,MS,MSA,Mississippi,2976149,25366,22732,2582,,,,,,
1782,2021-02-02,MT,MTA,Montana,1068778,11935,10253,1675,,,,,,
1782,2021-02-02,NC,NCA,North Carolina,10488084,96632,91342,5105,,,,,,
1782,2021-02-02,ND,NDA,North Dakota,762062,4708,3323,1366,,,,,,
1782,2021-02-02,NE,NEA,Nebraska,1934408,43220,33624,9521,,,,,,
1782,2021-02-02,NH,NHA,New Hampshire,1359711,29992,20925,9020,,,,,,
1782,2021-02-02,NJ,NJA,New Jersey,8882190,133065,105707,26972,,,,,,
1782,2021-02-02,NM,NMA,New Mexico,2096829,17722,16770,861,,,,,,
1782,2021-02-02,NV,NVA,Nevada,3080156,36451,32324,4086,,,,,,
1782,2021-02-02,NY,NYA,New York State,19453561,242050,186264,53232,,,,,,
1782,2021-02-02,OH,OHA,Ohio,11689100,229960,175438,53142,,,,,,
1782,2021-02-02,OK,OKA,Oklahoma,3956971,39587,33275,6116,,,,,,
1782,2021-02-02,OR,ORA,Oregon,4217737,50404,41731,8592,,,,,,
1782,2021-02-02,PA,PAA,Pennsylvania,12801989,212327,158891,52469,,,,,,
1782,2021-02-02,PR,PRA,Puerto Rico,3193694,29595,29576,11,,,,,,
1782,2021-02-02,RI,RIA,Rhode Island,1059361,23339,18285,4975,,,,,,
1782,2021-02-02,RP,RPA,Republic of Palau,17907,0,0,0,,,,,,
1782,2021-02-02,SC,SCA,South Carolina,5148714,50353,45402,4815,,,,,,
1782,2021-02-02,SD,SDA,South Dakota,884659,8933,7207,1718,,,,,,
1782,2021-02-02,TN,TNA,Tennessee,6829174,47869,45407,2385,,,,,,
1782,2021-02-02,TX,TXA,Texas,28995881,286784,225783,59628,,,,,,
1782,2021-02-02,UT,UTA,Utah,3205958,31840,26371,5430,,,,,,
1782,2021-02-02,VA,VAA,Virginia,8535519,107345,88257,18282,,,,,,
1782,2021-02-02,VA2,VA2,Veterans Health,0,0,0,0,,,,,,
1782,2021-02-02,VI,VIA,Virgin Islands,104680,4,4,0,,,,,,
1782,2021-02-02,VT,VTA,Vermont,623989,11309,8889,2360,,,,,,
1782,2021-02-02,WA,WAA,Washington,7614893,66287,60366,5766,,,,,,
1782,2021-02-02,WI,WIA,Wisconsin,5822434,58736,56009,2688,,,,,,
1782,2021-02-02,WV,WVA,West Virginia,1792147,12724,12637,74,,,,,,
1782,2021-02-02,WY,WYA,Wyoming,578759,3388,2920,460,,,,,,
1782,2021-02-02,US,USA,United States,331996199,3851460,3209523,627629,1508007,1028994,672522,332734,257916,36979
1778,2021-02-01,AK,AKA,Alaska,731545,3413,3065,345,,,,,,
1778,2021-02-01,AL,ALA,Alabama,4903185,42914,35735,7101,,,,,,
1778,2021-02-01,AR,ARA,Arkansas,3017804,16627,15743,878,,,,,,
1778,2021-02-01,AS,ASA,American Samoa,55689,0,0,0,,,,,,
1778,2021-02-01,AZ,AZA,Arizona,7278717,38680,36574,2039,,,,,,
1778,2021-02-01,BP2,BP2,Bureau of Prisons,0,0,0,0,,,,,,
1778,2021-02-01,CA,CAA,California,39512223,313338,274142,38561,,,,,,
1778,2021-02-01,CO,COA,Colorado,5758736,68328,58120,10056,,,,,,
1778,2021-02-01,CT,CTA,Connecticut,3565287,85726,61969,23266,,,,,,
1778,2021-02-01,DC,DCA,District of Columbia,705749,3148,3115,15,,,,,,
1778,2021-02-01,DD2,DD2,Dept of Defense,0,0,0,0,,,,,,
1778,2021-02-01,DE,DEA,Delaware,973764,21589,18336,3174,,,,,,
1778,2021-02-01,FL,FLA,Florida,21477737,227337,185746,40715,,,,,,
1778,2021-02-01,FM,FMA,Federated States of Micronesia,103643,56,56,0,,,,,,
1778,2021-02-01,GA,GAA,Georgia,10617423,61992,52001,9808,,,,,,
1778,2021-02-01,GU,GUA,Guam,165768,0,0,0,,,,,,
1778,2021-02-01,HI,HIA,Hawaii,1415872,11933,10352,1579,,,,,,
1778,2021-02-01,IA,IAA,Iowa,3155070,72523,60745,11512,,,,,,
1778,2021-02-01,ID,IDA,Idaho,1787065,12861,11615,1230,,,,,,
1778,2021-02-01,IH2,IH2,Indian Health Svc,0,0,0,0,,,,,,
1778,2021-02-01,IL,ILA,Illinois,12671821,177195,150851,26022,,,,,,
1778,2021-02-01,IN,INA,Indiana,6732219,58867,55528,3294,,,,,,
1778,2021-02-01,KS,KSA,Kansas,2913314,51961,42544,9363,,,,,,
1778,2021-02-01,KY,KYA,Kentucky,4467673,61225,47973,13105,,,,,,
1778,2021-02-01,LA,LAA,Louisiana,4648794,49885,47541,2225,,,,,,
1778,2021-02-01,MA,MAA,Massachusetts,6892503,158851,127391,30598,,,,,,
1778,2021-02-01,MD,MDA,Maryland,6045680,68092,52741,14974,,,,,,
1778,2021-02-01,ME,MEA,Maine,1344212,23666,18060,5578,,,,,,
1778,2021-02-01,MH,MHA,Marshall Islands,58413,0,0,0,,,,,,
1778,2021-02-01,MI,MIA,Michigan,9986857,118129,111149,6775,,,,,,
1778,2021-02-01,MN,MNA,Minnesota,5639632,71399,67381,3920,,,,,,
1778,2021-02-01,MO,MOA,Missouri,6137428,69271,65208,3956,,,,,,
1778,2021-02-01,MP,MPA,Northern Mariana Islands,56882,1,1,0,,,,,,
1778,2021-02-01,MS,MSA,Mississippi,2976149,25009,22485,2471,,,,,,
1778,2021-02-01,MT,MTA,Montana,1068778,11167,9507,1653,,,,,,
1778,2021-02-01,NC,NCA,North Carolina,10488084,94061,89515,4365,,,,,,
1778,2021-02-01,ND,NDA,North Dakota,762062,4691,3306,1366,,,,,,
1778,2021-02-01,NE,NEA,Nebraska,1934408,42530,33363,9092,,,,,,
1778,2021-02-01,NH,NHA,New Hampshire,1359711,29366,20710,8610,,,,,,
1778,2021-02-01,NJ,NJA,New Jersey,8882190,126661,102198,24120,,,,,,
1778,2021-02-01,NM,NMA,New Mexico,2096829,17475,16638,747,,,,,,
1778,2021-02-01,NV,NVA,Nevada,3080156,35181,31631,3510,,,,,,
1778,2021-02-01,NY,NYA,New York State,19453561,240426,184950,52928,,,,,,
1778,2021-02-01,OH,OHA,Ohio,11689100,222332,170122,50840,,,,,,
1778,2021-02-01,OK,OKA,Oklahoma,3956971,37939,32520,5224,,,,,,
1778,2021-02-01,OR,ORA,Oregon,4217737,48060,40184,7843,,,,,,
1778,2021-02-01,PA,PAA,Pennsylvania,12801989,206849,155107,50786,,,,,,
1778,2021-02-01,PR,PRA,Puerto Rico,3193694,27803,27792,5,,,,,,
1778,2021-02-01,RI,RIA,Rhode Island,1059361,22565,17599,4892,,,,,,
1778,2021-02-01,RP,RPA,Republic of Palau,17907,0,0,0,,,,,,
1778,2021-02-01,SC,SCA,South Carolina,5148714,49618,44943,4540,,,,,,
1778,2021-02-01,SD,SDA,South Dakota,884659,8848,7167,1673,,,,,,
1778,2021-02-01,TN,TNA,Tennessee,6829174,47562,45338,2171,,,,,,
1778,2021-02-01,TX,TXA,Texas,28995881,277942,221497,55116,,,,,,
1778,2021-02-01,UT,UTA,Utah,3205958,30964,26054,4873,,,,,,
1778,2021-02-01,VA,VAA,Virginia,8535519,105205,86553,17849,,,,,,
1778,2021-02-01,VA2,VA2,Veterans Health,0,0,0,0,,,,,,
1778,2021-02-01,VI,VIA,Virgin Islands,104680,4,4,0,,,,,,
1778,2021-02-01,VT,VTA,Vermont,623989,11179,8763,2356,,,,,,
1778,2021-02-01,WA,WAA,Washington,7614893,63068,58076,4843,,,,,,
1778,2021-02-01,WI,WIA,Wisconsin,5822434,57316,54865,2412,,,,,,
1778,2021-02-01,WV,WVA,West Virginia,1792147,12631,12545,73,,,,,,
1778,2021-02-01,WY,WYA,Wyoming,578759,3320,2902,410,,,,,,
1778,2021-02-01,US,USA,United States,331996199,3748779,3140016,594857,1482128,1011679,646209,316980,247782,30095
1777,2021-01-31,AK,AKA,Alaska,731545,3396,3065,328,,,,,,
1777,2021-01-31,AL,ALA,Alabama,4903185,42739,35657,7005,,,,,,
1777,2021-01-31,AR,ARA,Arkansas,3017804,16474,15597,871,,,,,,
1777,2021-01-31,AS,ASA,American Samoa,55689,0,0,0,,,,,,
1777,2021-01-31,AZ,AZA,Arizona,7278717,37189,35644,1488,,,,,,
1777,2021-01-31,BP2,BP2,Bureau of Prisons,0,0,0,0,,,,,,
1777,2021-01-31,CA,CAA,California,39512223,306699,268022,38050,,,,,,
1777,2021-01-31,CO,COA,Colorado,5758736,67921,58012,9759,,,,,,
1777,2021-01-31,CT,CTA,Connecticut,3565287,84407,61421,22568,,,,,,
1777,2021-01-31,DC,DCA,District of Columbia,705749,3148,3115,15,,,,,,
1777,2021-01-31,DD2,DD2,Dept of Defense,0,0,0,0,,,,,,
1777,2021-01-31,DE,DEA,Delaware,973764,21285,18188,3018,,,,,,
1777,2021-01-31,FL,FLA,Florida,21477737,225388,185241,39286,,,,,,
1777,2021-01-31,FM,FMA,Federated States of Micronesia,103643,56,56,0,,,,,,
1777,2021-01-31,GA,GAA,Georgia,10617423,61321,51715,9424,,,,,,
1777,2021-01-31,GU,GUA,Guam,165768,0,0,0,,,,,,
1777,2021-01-31,HI,HIA,Hawaii,1415872,11343,10133,1208,,,,,,
1777,2021-01-31,IA,IAA,Iowa,3155070,71492,60535,10696,,,,,,
1777,2021-01-31,ID,IDA,Idaho,1787065,12861,11615,1230,,,,,,
1777,2021-01-31,IH2,IH2,Indian Health Svc,0,0,0,0,,,,,,
1777,2021-01-31,IL,ILA,Illinois,12671821,173979,149173,24485,,,,,,
1777,2021-01-31,IN,INA,Indiana,6732219,57488,54623,2820,,,,,,
1777,2021-01-31,KS,KSA,Kansas,2913314,51596,42365,9179,,,,,,
1777,2021-01-31,KY,KYA,Kentucky,4467673,60112,47647,12319,,,,,,
1777,2021-01-31,LA,LAA,Louisiana,4648794,49157,47291,1802,,,,,,
1777,2021-01-31,MA,MAA,Massachusetts,6892503,153998,123398,29739,,,,,,
1777,2021-01-31,MD,MDA,Maryland,6045680,66671,51634,14664,,,,,,
1777,2021-01-31,ME,MEA,Maine,1344212,23454,18020,5411,,,,,,
1777,2021-01-31,MH,MHA,Marshall Islands,58413,0,0,0,,,,,,
1777,2021-01-31,MI,MIA,Michigan,9986857,116586,110505,5900,,,,,,
1777,2021-01-31,MN,MNA,Minnesota,5639632,69490,66473,2920,,,,,,
1777,2021-01-31,MO,MOA,Missouri,6137428,68825,64932,3786,,,,,,
1777,2021-01-31,MP,MPA,Northern Mariana Islands,56882,1,1,0,,,,,,
1777,2021-01-31,MS,MSA,Mississippi,2976149,24566,22265,2249,,,,,,
1777,2021-01-31,MT,MTA,Montana,1068778,10852,9375,1470,,,,,,
1777,2021-01-31,NC,NCA,North Carolina,10488084,93272,88976,4115,,,,,,
1777,2021-01-31,ND,NDA,North Dakota,762062,4241,3162,1060,,,,,,
1777,2021-01-31,NE,NEA,Nebraska,1934408,42117,33283,8759,,,,,,
1777,2021-01-31,NH,NHA,New Hampshire,1359711,28718,20423,8249,,,,,,
1777,2021-01-31,NJ,NJA,New Jersey,8882190,124339,101039,22960,,,,,,
1777,2021-01-31,NM,NMA,New Mexico,2096829,17111,16520,523,,,,,,
1777,2021-01-31,NV,NVA,Nevada,3080156,34580,31443,3097,,,,,,
1777,2021-01-31,NY,NYA,New York State,19453561,235934,182171,51217,,,,,,
1777,2021-01-31,OH,OHA,Ohio,11689100,219860,169279,49274,,,,,,
1777,2021-01-31,OK,OKA,Oklahoma,3956971,37645,32226,5224,,,,,,
1777,2021-01-31,OR,ORA,Oregon,4217737,46766,39349,7388,,,,,,
1777,2021-01-31,PA,PAA,Pennsylvania,12801989,199906,150766,48213,,,,,,
1777,2021-01-31,PR,PRA,Puerto Rico,3193694,27803,27792,5,,,,,,
1777,2021-01-31,RI,RIA,Rhode Island,1059361,22145,17180,4892,,,,,,
1777,2021-01-31,RP,RPA,Republic of Palau,17907,0,0,0,,,,,,
1777,2021-01-31,SC,SCA,South Carolina,5148714,48788,44466,4187,,,,,,
1777,2021-01-31,SD,SDA,South Dakota,884659,8832,7166,1658,,,,,,
1777,2021-01-31,TN,TNA,Tennessee,6829174,46996,45141,1801,,,,,,
1777,2021-01-31,TX,TXA,Texas,28995881,272899,219486,52239,,,,,,
1777,2021-01-31,UT,UTA,Utah,3205958,30491,25969,4487,,,,,,
1777,2021-01-31,VA,VAA,Virginia,8535519,103140,85007,17385,,,,,,
1777,2021-01-31,VA2,VA2,Veterans Health,0,0,0,0,,,,,,
1777,2021-01-31,VI,VIA,Virgin Islands,104680,4,4,0,,,,,,
1777,2021-01-31,VT,VTA,Vermont,623989,11176,8760,2356,,,,,,
1777,2021-01-31,WA,WAA,Washington,7614893,62318,57669,4525,,,,,,
1777,2021-01-31,WI,WIA,Wisconsin,5822434,56263,54394,1834,,,,,,
1777,2021-01-31,WV,WVA,West Virginia,1792147,12631,12545,73,,,,,,
1777,2021-01-31,WY,WYA,Wyoming,578759,3249,2877,364,,,,,,
1777,2021-01-31,US,USA,United States,331996199,3683718,3102811,567575,1460303,996314,646194,302211,235495,29869
1776,2021-01-30,AK,AKA,Alaska,731545,3157,2890,264,,,,,,
1776,2021-01-30,AL,ALA,Alabama,4903185,41123,34677,6370,,,,,,
1776,2021-01-30,AR,ARA,Arkansas,3017804,15831,14978,849,,,,,,
1776,2021-01-30,AS,ASA,American Samoa,55689,0,0,0,,,,,,
1776,2021-01-30,AZ,AZA,Arizona,7278717,34434,32974,1406,,,,,,
1776,2021-01-30,BP2,BP2,Bureau of Prisons,0,0,0,0,,,,,,
1776,2021-01-30,CA,CAA,California,39512223,288869,254076,34240,,,,,,
1776,2021-01-30,CO,COA,Colorado,5758736,64371,56219,8011,,,,,,
1776,2021-01-30,CT,CTA,Connecticut,3565287,80831,59933,20507,,,,,,
1776,2021-01-30,DC,DCA,District of Columbia,705749,3136,3104,14,,,,,,
1776,2021-01-30,DD2,DD2,Dept of Defense,0,0,0,0,,,,,,
1776,2021-01-30,DE,DEA,Delaware,973764,20287,17769,2442,,,,,,
1776,2021-01-30,FL,FLA,Florida,21477737,220670,183183,36639,,,,,,
1776,2021-01-30,FM,FMA,Federated States of Micronesia,103643,56,56,0,,,,,,
1776,2021-01-30,GA,GAA,Georgia,10617423,58708,50223,8312,,,,,,
1776,2021-01-30,GU,GUA,Guam,165768,0,0,0,,,,,,
1776,2021-01-30,HI,HIA,Hawaii,1415872,11125,9950,1173,,,,,,
1776,2021-01-30,IA,IAA,Iowa,3155070,68628,59251,9138,,,,,,
1776,2021-01-30,ID,IDA,Idaho,1787065,11943,11107,820,,,,,,
1776,2021-01-30,IH2,IH2,Indian Health Svc,0,0,0,0,,,,,,
1776,2021-01-30,IL,ILA,Illinois,12671821,162860,140702,21861,,,,,,
1776,2021-01-30,IN,INA,Indiana,6732219,55467,52886,2537,,,,,,
1776,2021-01-30,KS,KSA,Kansas,2913314,48407,41040,7321,,,,,,
1776,2021-01-30,KY,KYA,Kentucky,4467673,57008,46308,10564,,,,,,
1776,2021-01-30,LA,LAA,Louisiana,4648794,46225,44596,1568,,,,,,
1776,2021-01-30,MA,MAA,Massachusetts,6892503,146016,117746,27414,,,,,,
1776,2021-01-30,MD,MDA,Maryland,6045680,62848,49015,13480,,,,,,
1776,2021-01-30,ME,MEA,Maine,1344212,22111,17539,4551,,,,,,
1776,2021-01-30,MH,MHA,Marshall Islands,58413,0,0,0,,,,,,
1776,2021-01-30,MI,MIA,Michigan,9986857,110702,104806,5716,,,,,,
1776,2021-01-30,MN,MNA,Minnesota,5639632,66622,63955,2573,,,,,,
1776,2021-01-30,MO,MOA,Missouri,6137428,67489,63819,3565,,,,,,
1776,2021-01-30,MP,MPA,Northern Mariana Islands,56882,1,1,0,,,,,,
1776,2021-01-30,MS,MSA,Mississippi,2976149,22254,20572,1633,,,,,,
1776,2021-01-30,MT,MTA,Montana,1068778,9993,8826,1160,,,,,,
1776,2021-01-30,NC,NCA,North Carolina,10488084,91606,87511,3916,,,,,,
1776,2021-01-30,ND,NDA,North Dakota,762062,3993,3135,839,,,,,,
1776,2021-01-30,NE,NEA,Nebraska,1934408,40615,32828,7714,,,,,,
1776,2021-01-30,NH,NHA,New Hampshire,1359711,27477,19947,7489,,,,,,
1776,2021-01-30,NJ,NJA,New Jersey,8882190,118097,97774,19987,,,,,,
1776,2021-01-30,NM,NMA,New Mexico,2096829,16950,16395,488,,,,,,
1776,2021-01-30,NV,NVA,Nevada,3080156,31577,28694,2844,,,,,,
1776,2021-01-30,NY,NYA,New York State,19453561,225905,176670,46698,,,,,,
1776,2021-01-30,OH,OHA,Ohio,11689100,209008,163646,44067,,,,,,
1776,2021-01-30,OK,OKA,Oklahoma,3956971,36035,31308,4538,,,,,,
1776,2021-01-30,OR,ORA,Oregon,4217737,44011,37203,6780,,,,,,
1776,2021-01-30,PA,PAA,Pennsylvania,12801989,189512,145166,43548,,,,,,
1776,2021-01-30,PR,PRA,Puerto Rico,3193694,25166,25157,4,,,,,,
1776,2021-01-30,RI,RIA,Rhode Island,1059361,20898,16551,4275,,,,,,
1776,2021-01-30,RP,RPA,Republic of Palau,17907,0,0,0,,,,,,
1776,2021-01-30,SC,SCA,South Carolina,5148714,48211,43990,4088,,,,,,
1776,2021-01-30,SD,SDA,South Dakota,884659,8109,6973,1129,,,,,,
1776,2021-01-30,TN,TNA,Tennessee,6829174,44975,43434,1490,,,,,,
1776,2021-01-30,TX,TXA,Texas,28995881,258971,213038,44852,,,,,,
1776,2021-01-30,UT,UTA,Utah,3205958,28015,24991,2997,,,,,,
1776,2021-01-30,VA,VAA,Virginia,8535519,97889,81691,15596,,,,,,
1776,2021-01-30,VA2,VA2,Veterans Health,0,0,0,0,,,,,,
1776,2021-01-30,VI,VIA,Virgin Islands,104680,4,4,0,,,,,,
1776,2021-01-30,VT,VTA,Vermont,623989,10559,8393,2106,,,,,,
1776,2021-01-30,WA,WAA,Washington,7614893,58448,54820,3505,,,,,,
1776,2021-01-30,WI,WIA,Wisconsin,5822434,52787,51005,1748,,,,,,
1776,2021-01-30,WV,WVA,West Virginia,1792147,12437,12361,63,,,,,,
1776,2021-01-30,WY,WYA,Wyoming,578759,3004,2770,227,,,,,,
1776,2021-01-30,US,USA,United States,331996199,3505431,2987656,505116,1415475,964030,608151,272072,213839,19205
1772,2021-01-29,AK,AKA,Alaska,731545,2904,2749,152,,,,,,
1772,2021-01-29,AL,ALA,Alabama,4903185,38616,33231,5316,,,,,,
1772,2021-01-29,AR,ARA,Arkansas,3017804,14587,13843,743,,,,,,
1772,2021-01-29,AS,ASA,American Samoa,55689,0,0,0,,,,,,
1772,2021-01-29,AZ,AZA,Arizona,7278717,31506,30294,1162,,,,,,
1772,2021-01-29,BP2,BP2,Bureau of Prisons,0,0,0,0,,,,,,
1772,2021-01-29,CA,CAA,California,39512223,270428,239858,30068,,,,,,
1772,2021-01-29,CO,COA,Colorado,5758736,61109,54203,6771,,,,,,
1772,2021-01-29,CT,CTA,Connecticut,3565287,76352,58010,17971,,,,,,
1772,2021-01-29,DC,DCA,District of Columbia,705749,3134,3102,14,,,,,,
1772,2021-01-29,DD2,DD2,Dept of Defense,0,0,0,0,,,,,,
1772,2021-01-29,DE,DEA,Delaware,973764,17840,16019,1796,,,,,,
1772,2021-01-29,FL,FLA,Florida,21477737,215265,180868,33611,,,,,,
1772,2021-01-29,FM,FMA,Federated States of Micronesia,103643,56,56,0,,,,,,
1772,2021-01-29,GA,GAA,Georgia,10617423,55241,48126,6952,,,,,,
1772,2021-01-29,GU,GUA,Guam,165768,0,0,0,,,,,,
1772,2021-01-29,HI,HIA,Hawaii,1415872,10667,9631,1034,,,,,,
1772,2021-01-29,IA,IAA,Iowa,3155070,65390,57510,7648,,,,,,
1772,2021-01-29,ID,IDA,Idaho,1787065,11260,10629,616,,,,,,
1772,2021-01-29,IH2,IH2,Indian Health Svc,0,0,0,0,,,,,,
1772,2021-01-29,IL,ILA,Illinois,12671821,150942,132704,17991,,,,,,
1772,2021-01-29,IN,INA,Indiana,6732219,52769,50627,2098,,,,,,
1772,2021-01-29,KS,KSA,Kansas,2913314,45852,39981,5829,,,,,,
1772,2021-01-29,KY,KYA,Kentucky,4467673,54217,45122,8979,,,,,,
1772,2021-01-29,LA,LAA,Louisiana,4648794,43156,41639,1463,,,,,,
1772,2021-01-29,MA,MAA,Massachusetts,6892503,138250,113153,24379,,,,,,
1772,2021-01-29,MD,MDA,Maryland,6045680,58747,46437,11969,,,,,,
1772,2021-01-29,ME,MEA,Maine,1344212,21198,17181,3996,,,,,,
1772,2021-01-29,MH,MHA,Marshall Islands,58413,0,0,0,,,,,,
1772,2021-01-29,MI,MIA,Michigan,9986857,103862,98266,5426,,,,,,
1772,2021-01-29,MN,MNA,Minnesota,5639632,63031,60609,2334,,,,,,
1772,2021-01-29,MO,MOA,Missouri,6137428,64532,61578,2856,,,,,,
1772,2021-01-29,MP,MPA,Northern Mariana Islands,56882,0,0,0,,,,,,
1772,2021-01-29,MS,MSA,Mississippi,2976149,20803,19812,956,,,,,,
1772,2021-01-29,MT,MTA,Montana,1068778,9387,8502,878,,,,,,
1772,2021-01-29,NC,NCA,North Carolina,10488084,88545,84991,3376,,,,,,
1772,2021-01-29,ND,NDA,North Dakota,762062,3834,3114,716,,,,,,
1772,2021-01-29,NE,NEA,Nebraska,1934408,39481,32265,7144,,,,,,
1772,2021-01-29,NH,NHA,New Hampshire,1359711,26347,19701,6605,,,,,,
1772,2021-01-29,NJ,NJA,New Jersey,8882190,112686,95250,17118,,,,,,
1772,2021-01-29,NM,NMA,New Mexico,2096829,15690,15261,363,,,,,,
1772,2021-01-29,NV,NVA,Nevada,3080156,28956,26553,2364,,,,,,
1772,2021-01-29,NY,NYA,New York State,19453561,215373,170887,41959,,,,,,
1772,2021-01-29,OH,OHA,Ohio,11689100,197403,158089,38049,,,,,,
1772,2021-01-29,OK,OKA,Oklahoma,3956971,33911,30035,3693,,,,,,
1772,2021-01-29,OR,ORA,Oregon,4217737,41560,35509,6023,,,,,,
1772,2021-01-29,PA,PAA,Pennsylvania,12801989,178261,139997,37652,,,,,,
1772,2021-01-29,PR,PRA,Puerto Rico,3193694,22511,22504,2,,,,,,
1772,2021-01-29,RI,RIA,Rhode Island,1059361,19752,15863,3824,,,,,,
1772,2021-01-29,RP,RPA,Republic of Palau,17907,0,0,0,,,,,,
1772,2021-01-29,SC,SCA,South Carolina,5148714,46977,43115,3734,,,,,,
1772,2021-01-29,SD,SDA,South Dakota,884659,7640,6866,769,,,,,,
1772,2021-01-29,TN,TNA,Tennessee,6829174,43120,41811,1259,,,,,,
1772,2021-01-29,TX,TXA,Texas,28995881,242489,206197,35310,,,,,,
1772,2021-01-29,UT,UTA,Utah,3205958,27189,24672,2490,,,,,,
1772,2021-01-29,VA,VAA,Virginia,8535519,92467,78162,13708,,,,,,
1772,2021-01-29,VA2,VA2,Veterans Health,0,0,0,0,,,,,,
1772,2021-01-29,VI,VIA,Virgin Islands,104680,4,4,0,,,,,,
1772,2021-01-29,VT,VTA,Vermont,623989,10105,8154,1895,,,,,,
1772,2021-01-29,WA,WAA,Washington,7614893,54523,52174,2262,,,,,,
1772,2021-01-29,WI,WIA,Wisconsin,5822434,49140,47536,1570,,,,,,
1772,2021-01-29,WV,WVA,West Virginia,1792147,12374,12311,51,,,,,,
1772,2021-01-29,WY,WYA,Wyoming,578759,2827,2713,108,,,,,,
1772,2021-01-29,US,USA,United States,331996199,3314266,2867474,435052,1367680,931803,567991,237535,189082,8435
1770,2021-01-28,AK,AKA,Alaska,731545,2813,2696,114,,,,,,
1770,2021-01-28,AL,ALA,Alabama,4903185,36158,31732,4359,,,,,,
1770,2021-01-28,AR,ARA,Arkansas,3017804,11900,11509,390,,,,,,
1770,2021-01-28,AS,ASA,American Samoa,55689,0,0,0,,,,,,
1770,2021-01-28,AZ,AZA,Arizona,7278717,27896,27333,523,,,,,,
1770,2021-01-28,BP2,BP2,Bureau of Prisons,0,0,0,0,,,,,,
1770,2021-01-28,CA,CAA,California,39512223,251601,224892,26265,,,,,,
1770,2021-01-28,CO,COA,Colorado,5758736,56970,51721,5132,,,,,,
1770,2021-01-28,CT,CTA,Connecticut,3565287,72046,56291,15480,,,,,,
1770,2021-01-28,DC,DCA,District of Columbia,705749,3129,3097,14,,,,,,
1770,2021-01-28,DD2,DD2,Dept of Defense,0,0,0,0,,,,,,
1770,2021-01-28,DE,DEA,Delaware,973764,15727,14129,1573,,,,,,
1770,2021-01-28,FL,FLA,Florida,21477737,208397,177561,30080,,,,,,
1770,2021-01-28,FM,FMA,Federated States of Micronesia,103643,56,56,0,,,,,,
1770,2021-01-28,GA,GAA,Georgia,10617423,51968,46228,5590,,,,,,
1770,2021-01-28,GU,GUA,Guam,165768,0,0,0,,,,,,
1770,2021-01-28,HI,HIA,Hawaii,1415872,9798,9300,496,,,,,,
1770,2021-01-28,IA,IAA,Iowa,3155070,60606,54772,5603,,,,,,
1770,2021-01-28,ID,IDA,Idaho,1787065,10433,10009,410,,,,,,
1770,2021-01-28,IH2,IH2,Indian Health Svc,0,0,0,0,,,,,,
1770,2021-01-28,IL,ILA,Illinois,12671821,139063,123997,14853,,,,,,
1770,2021-01-28,IN,INA,Indiana,6732219,50011,48414,1553,,,,,,
1770,2021-01-28,KS,KSA,Kansas,2913314,42865,38146,4679,,,,,,
1770,2021-01-28,KY,KYA,Kentucky,4467673,51713,43462,8142,,,,,,
1770,2021-01-28,LA,LAA,Louisiana,4648794,40501,39615,838,,,,,,
1770,2021-01-28,MA,MAA,Massachusetts,6892503,129462,108155,20605,,,,,,
1770,2021-01-28,MD,MDA,Maryland,6045680,55113,44132,10646,,,,,,
1770,2021-01-28,ME,MEA,Maine,1344212,20042,16707,3317,,,,,,
1770,2021-01-28,MH,MHA,Marshall Islands,58413,0,0,0,,,,,,
1770,2021-01-28,MI,MIA,Michigan,9986857,95810,91851,3818,,,,,,
1770,2021-01-28,MN,MNA,Minnesota,5639632,58908,57574,1267,,,,,,
1770,2021-01-28,MO,MOA,Missouri,6137428,61405,59488,1829,,,,,,
1770,2021-01-28,MP,MPA,Northern Mariana Islands,56882,0,0,0,,,,,,
1770,2021-01-28,MS,MSA,Mississippi,2976149,19539,18817,687,,,,,,
1770,2021-01-28,MT,MTA,Montana,1068778,9017,8225,785,,,,,,
1770,2021-01-28,NC,NCA,North Carolina,10488084,82431,80018,2262,,,,,,
1770,2021-01-28,ND,NDA,North Dakota,762062,3710,3075,632,,,,,,
1770,2021-01-28,NE,NEA,Nebraska,1934408,38156,31349,6742,,,,,,
1770,2021-01-28,NH,NHA,New Hampshire,1359711,24927,19038,5850,,,,,,
1770,2021-01-28,NJ,NJA,New Jersey,8882190,105628,91746,13596,,,,,,
1770,2021-01-28,NM,NMA,New Mexico,2096829,13988,13808,159,,,,,,
1770,2021-01-28,NV,NVA,Nevada,3080156,26711,24450,2235,,,,,,
1770,2021-01-28,NY,NYA,New York State,19453561,203441,163761,37169,,,,,,
1770,2021-01-28,OH,OHA,Ohio,11689100,186005,151305,33493,,,,,,
1770,2021-01-28,OK,OKA,Oklahoma,3956971,31591,28376,3040,,,,,,
1770,2021-01-28,OR,ORA,Oregon,4217737,38355,33185,5142,,,,,,
1770,2021-01-28,PA,PAA,Pennsylvania,12801989,167410,134330,32568,,,,,,
1770,2021-01-28,PR,PRA,Puerto Rico,3193694,19836,19832,1,,,,,,
1770,2021-01-28,RI,RIA,Rhode Island,1059361,18063,14824,3174,,,,,,
1770,2021-01-28,RP,RPA,Republic of Palau,17907,0,0,0,,,,,,
1770,2021-01-28,SC,SCA,South Carolina,5148714,43178,40687,2371,,,,,,
1770,2021-01-28,SD,SDA,South Dakota,884659,7081,6437,641,,,,,,
1770,2021-01-28,TN,TNA,Tennessee,6829174,39561,38710,804,,,,,,
1770,2021-01-28,TX,TXA,Texas,28995881,226779,197696,28230,,,,,,
1770,2021-01-28,UT,UTA,Utah,3205958,26018,24058,1936,,,,,,
1770,2021-01-28,VA,VAA,Virginia,8535519,86424,73545,12303,,,,,,
1770,2021-01-28,VA2,VA2,Veterans Health,0,0,0,0,,,,,,
1770,2021-01-28,VI,VIA,Virgin Islands,104680,4,4,0,,,,,,
1770,2021-01-28,VT,VTA,Vermont,623989,9445,7647,1756,,,,,,
1770,2021-01-28,WA,WAA,Washington,7614893,51400,49516,1802,,,,,,
1770,2021-01-28,WI,WIA,Wisconsin,5822434,44267,43463,772,,,,,,
1770,2021-01-28,WV,WVA,West Virginia,1792147,12212,12149,51,,,,,,
1770,2021-01-28,WY,WYA,Wyoming,578759,2566,2559,1,,,,,,
1770,2021-01-28,US,USA,United States,331996199,3102134,2725477,365778,1315648,892960,516869,200361,159726,5691
1762,2021-01-27,AK,AKA,Alaska,731545,2674,2593,78,,,,,,
1762,2021-01-27,AL,ALA,Alabama,4903185,33068,29930,3079,,,,,,
1762,2021-01-27,AR,ARA,Arkansas,3017804,8666,8546,119,,,,,,
1762,2021-01-27,AS,ASA,American Samoa,55689,0,0,0,,,,,,
1762,2021-01-27,AZ,AZA,Arizona,7278717,24774,24701,40,,,,,,
1762,2021-01-27,BP2,BP2,Bureau of Prisons,0,0,0,0,,,,,,
1762,2021-01-27,CA,CAA,California,39512223,233149,211165,21570,,,,,,
1762,2021-01-27,CO,COA,Colorado,5758736,54049,49886,4057,,,,,,
1762,2021-01-27,CT,CTA,Connecticut,3565287,69093,55025,13816,,,,,,
1762,2021-01-27,DC,DCA,District of Columbia,705749,3121,3089,14,,,,,,
1762,2021-01-27,DD2,DD2,Dept of Defense,0,0,0,0,,,,,,
1762,2021-01-27,DE,DEA,Delaware,973764,13758,12453,1281,,,,,,
1762,2021-01-27,FL,FLA,Florida,21477737,201608,174168,26718,,,,,,
1762,2021-01-27,FM,FMA,Federated States of Micronesia,103643,56,56,0,,,,,,
1762,2021-01-27,GA,GAA,Georgia,10617423,48241,43877,4219,,,,,,
1762,2021-01-27,GU,GUA,Guam,165768,0,0,0,,,,,,
1762,2021-01-27,HI,HIA,Hawaii,1415872,9267,9038,227,,,,,,
1762,2021-01-27,IA,IAA,Iowa,3155070,57530,53134,4169,,,,,,
1762,2021-01-27,ID,IDA,Idaho,1787065,9744,9499,233,,,,,,
1762,2021-01-27,IH2,IH2,Indian Health Svc,0,0,0,0,,,,,,
1762,2021-01-27,IL,ILA,Illinois,12671821,127373,114894,12285,,,,,,
1762,2021-01-27,IN,INA,Indiana,6732219,47308,46542,723,,,,,,
1762,2021-01-27,KS,KSA,Kansas,2913314,40674,36993,3646,,,,,,
1762,2021-01-27,KY,KYA,Kentucky,4467673,49540,42219,7213,,,,,,
1762,2021-01-27,LA,LAA,Louisiana,4648794,37764,37346,374,,,,,,
1762,2021-01-27,MA,MAA,Massachusetts,6892503,120919,103016,17237,,,,,,
1762,2021-01-27,MD,MDA,Maryland,6045680,50731,41443,8973,,,,,,
1762,2021-01-27,ME,MEA,Maine,1344212,18600,15709,2874,,,,,,
1762,2021-01-27,MH,MHA,Marshall Islands,58413,0,0,0,,,,,,
1762,2021-01-27,MI,MIA,Michigan,9986857,88301,86140,2045,,,,,,
1762,2021-01-27,MN,MNA,Minnesota,5639632,54738,54149,555,,,,,,
1762,2021-01-27,MO,MOA,Missouri,6137428,57358,56762,509,,,,,,
1762,2021-01-27,MP,MPA,Northern Mariana Islands,56882,0,0,0,,,,,,
1762,2021-01-27,MS,MSA,Mississippi,2976149,18271,17742,494,,,,,,
1762,2021-01-27,MT,MTA,Montana,1068778,8410,7712,691,,,,,,
1762,2021-01-27,NC,NCA,North Carolina,10488084,76093,75142,833,,,,,,
1762,2021-01-27,ND,NDA,North Dakota,762062,3640,3064,573,,,,,,
1762,2021-01-27,NE,NEA,Nebraska,1934408,35780,30368,5351,,,,,,
1762,2021-01-27,NH,NHA,New Hampshire,1359711,23900,18632,5233,,,,,,
1762,2021-01-27,NJ,NJA,New Jersey,8882190,99502,88323,10918,,,,,,
1762,2021-01-27,NM,NMA,New Mexico,2096829,13557,13456,81,,,,,,
1762,2021-01-27,NV,NVA,Nevada,3080156,24282,22354,1908,,,,,,
1762,2021-01-27,NY,NYA,New York State,19453561,193310,157043,33788,,,,,,
1762,2021-01-27,OH,OHA,Ohio,11689100,176469,146074,29216,,,,,,
1762,2021-01-27,OK,OKA,Oklahoma,3956971,29828,26982,2678,,,,,,
1762,2021-01-27,OR,ORA,Oregon,4217737,36307,31193,5088,,,,,,
1762,2021-01-27,PA,PAA,Pennsylvania,12801989,155570,128440,26663,,,,,,
1762,2021-01-27,PR,PRA,Puerto Rico,3193694,17397,17394,1,,,,,,
1762,2021-01-27,RI,RIA,Rhode Island,1059361,16873,14274,2553,,,,,,
1762,2021-01-27,RP,RPA,Republic of Palau,17907,0,0,0,,,,,,
1762,2021-01-27,SC,SCA,South Carolina,5148714,39572,38681,802,,,,,,
1762,2021-01-27,SD,SDA,South Dakota,884659,6784,6254,527,,,,,,
1762,2021-01-27,TN,TNA,Tennessee,6829174,36843,36321,481,,,,,,
1762,2021-01-27,TX,TXA,Texas,28995881,213071,190085,22190,,,,,,
1762,2021-01-27,UT,UTA,Utah,3205958,24919,23498,1399,,,,,,
1762,2021-01-27,VA,VAA,Virginia,8535519,80424,69718,10149,,,,,,
1762,2021-01-27,VA2,VA2,Veterans Health,0,0,0,0,,,,,,
1762,2021-01-27,VI,VIA,Virgin Islands,104680,4,4,0,,,,,,
1762,2021-01-27,VT,VTA,Vermont,623989,9020,7428,1552,,,,,,
1762,2021-01-27,WA,WAA,Washington,7614893,48058,46692,1293,,,,,,
1762,2021-01-27,WI,WIA,Wisconsin,5822434,40517,40152,337,,,,,,
1762,2021-01-27,WV,WVA,West Virginia,1792147,11815,11763,41,,,,,,
1762,2021-01-27,WY,WYA,Wyoming,578759,2520,2513,1,,,,,,
1762,2021-01-27,US,USA,United States,331996199,2904840,2593675,300895,1265949,858423,469303,163470,133078,4347
1831,2021-01-26,AK,AKA,Alaska,731545,2593,2514,78,,,,,,
1831,2021-01-26,AL,ALA,Alabama,4903185,30254,28194,2005,,,,,,
1831,2021-01-26,AR,ARA,Arkansas,3017804,5918,5840,78,,,,,,
1831,2021-01-26,AS,ASA,American Samoa,55689,0,0,0,,,,,,
1831,2021-01-26,AZ,AZA,Arizona,7278717,22134,22087,23,,,,,,
1831,2021-01-26,BP2,BP2,Bureau of Prisons,0,0,0,0,,,,,,
1831,2021-01-26,CA,CAA,California,39512223,216417,198893,17171,,,,,,
1831,2021-01-26,CO,COA,Colorado,5758736,50972,47892,2994,,,,,,
1831,2021-01-26,CT,CTA,Connecticut,3565287,66273,53690,12336,,,,,,
1831,2021-01-26,DC,DCA,District of Columbia,705749,2933,2910,14,,,,,,
1831,2021-01-26,DD2,DD2,Dept of Defense,0,0,0,0,,,,,,
1831,2021-01-26,DE,DEA,Delaware,973764,12128,11003,1102,,,,,,
1831,2021-01-26,FL,FLA,Florida,21477737,195837,171284,23891,,,,,,
1831,2021-01-26,FM,FMA,Federated States of Micronesia,103643,56,56,0,,,,,,
1831,2021-01-26,GA,GAA,Georgia,10617423,44556,41613,2873,,,,,,
1831,2021-01-26,GU,GUA,Guam,165768,0,0,0,,,,,,
1831,2021-01-26,HI,HIA,Hawaii,1415872,8642,8638,2,,,,,,
1831,2021-01-26,IA,IAA,Iowa,3155070,54571,51602,2747,,,,,,
1831,2021-01-26,ID,IDA,Idaho,1787065,8914,8769,133,,,,,,
1831,2021-01-26,IH2,IH2,Indian Health Svc,0,0,0,0,,,,,,
1831,2021-01-26,IL,ILA,Illinois,12671821,116966,106849,9942,,,,,,
1831,2021-01-26,IN,INA,Indiana,6732219,44797,44721,42,,,,,,
1831,2021-01-26,KS,KSA,Kansas,2913314,38716,35870,2812,,,,,,
1831,2021-01-26,KY,KYA,Kentucky,4467673,47807,40984,6716,,,,,,
1831,2021-01-26,LA,LAA,Louisiana,4648794,34275,34125,112,,,,,,
1831,2021-01-26,MA,MAA,Massachusetts,6892503,114329,99057,14686,,,,,,
1831,2021-01-26,MD,MDA,Maryland,6045680,48166,40099,7864,,,,,,
1831,2021-01-26,ME,MEA,Maine,1344212,17321,15010,2295,,,,,,
1831,2021-01-26,MH,MHA,Marshall Islands,58413,0,0,0,,,,,,
1831,2021-01-26,MI,MIA,Michigan,9986857,80147,79936,126,,,,,,
1831,2021-01-26,MN,MNA,Minnesota,5639632,50969,50602,335,,,,,,
1831,2021-01-26,MO,MOA,Missouri,6137428,53911,53601,224,,,,,,
1831,2021-01-26,MP,MPA,Northern Mariana Islands,56882,0,0,0,,,,,,
1831,2021-01-26,MS,MSA,Mississippi,2976149,17084,16673,388,,,,,,
1831,2021-01-26,MT,MTA,Montana,1068778,7574,7264,304,,,,,,
1831,2021-01-26,NC,NCA,North Carolina,10488084,70777,70635,47,,,,,,
1831,2021-01-26,ND,NDA,North Dakota,762062,3508,2963,543,,,,,,
1831,2021-01-26,NE,NEA,Nebraska,1934408,33091,29276,3754,,,,,,
1831,2021-01-26,NH,NHA,New Hampshire,1359711,22993,18242,4716,,,,,,
1831,2021-01-26,NJ,NJA,New Jersey,8882190,94167,85627,8367,,,,,,
1831,2021-01-26,NM,NMA,New Mexico,2096829,12705,12668,21,,,,,,
1831,2021-01-26,NV,NVA,Nevada,3080156,21916,20437,1463,,,,,,
1831,2021-01-26,NY,NYA,New York State,19453561,183501,150570,30546,,,,,,
1831,2021-01-26,OH,OHA,Ohio,11689100,167668,140797,25774,,,,,,
1831,2021-01-26,OK,OKA,Oklahoma,3956971,28467,25844,2457,,,,,,
1831,2021-01-26,OR,ORA,Oregon,4217737,34440,29729,4686,,,,,,
1831,2021-01-26,PA,PAA,Pennsylvania,12801989,144991,122960,21597,,,,,,
1831,2021-01-26,PR,PRA,Puerto Rico,3193694,15275,15272,1,,,,,,
1831,2021-01-26,RI,RIA,Rhode Island,1059361,15666,13558,2069,,,,,,
1831,2021-01-26,RP,RPA,Republic of Palau,17907,0,0,0,,,,,,
1831,2021-01-26,SC,SCA,South Carolina,5148714,36674,36558,76,,,,,,
1831,2021-01-26,SD,SDA,South Dakota,884659,6389,5969,417,,,,,,
1831,2021-01-26,TN,TNA,Tennessee,6829174,34715,34609,67,,,,,,
1831,2021-01-26,TX,TXA,Texas,28995881,201910,184032,17142,,,,,,
1831,2021-01-26,UT,UTA,Utah,3205958,23844,22661,1162,,,,,,
1831,2021-01-26,VA,VAA,Virginia,8535519,74271,65843,7993,,,,,,
1831,2021-01-26,VA2,VA2,Veterans Health,0,0,0,0,,,,,,
1831,2021-01-26,VI,VIA,Virgin Islands,104680,4,4,0,,,,,,
1831,2021-01-26,VT,VTA,Vermont,623989,8825,7281,1505,,,,,,
1831,2021-01-26,WA,WAA,Washington,7614893,45430,44527,833,,,,,,
1831,2021-01-26,WI,WIA,Wisconsin,5822434,36819,36743,62,,,,,,
1831,2021-01-26,WV,WVA,West Virginia,1792147,11064,11015,40,,,,,,
1831,2021-01-26,WY,WYA,Wyoming,578759,2460,2453,1,,,,,,
1831,2021-01-26,US,USA,United States,331996199,2725830,2470049,246632,1217670,824619,427760,133485,109581,3566
1830,2021-01-25,AK,AKA,Alaska,731545,2588,2509,78,,,,,,
1830,2021-01-25,AL,ALA,Alabama,4903185,30231,28171,2005,,,,,,
1830,2021-01-25,AR,ARA,Arkansas,3017804,5916,5838,78,,,,,,
1830,2021-01-25,AS,ASA,American Samoa,55689,0,0,0,,,,,,
1830,2021-01-25,AZ,AZA,Arizona,7278717,22039,21992,23,,,,,,
1830,2021-01-25,BP2,BP2,Bureau of Prisons,0,0,0,0,,,,,,
1830,2021-01-25,CA,CAA,California,39512223,215606,198161,17092,,,,,,
1830,2021-01-25,CO,COA,Colorado,5758736,50778,47728,2964,,,,,,
1830,2021-01-25,CT,CTA,Connecticut,3565287,66201,53619,12335,,,,,,
1830,2021-01-25,DC,DCA,District of Columbia,705749,2933,2910,14,,,,,,
1830,2021-01-25,DD2,DD2,Dept of Defense,0,0,0,0,,,,,,
1830,2021-01-25,DE,DEA,Delaware,973764,12128,11003,1102,,,,,,
1830,2021-01-25,FL,FLA,Florida,21477737,195285,170750,23874,,,,,,
1830,2021-01-25,FM,FMA,Federated States of Micronesia,103643,56,56,0,,,,,,
1830,2021-01-25,GA,GAA,Georgia,10617423,44535,41592,2873,,,,,,
1830,2021-01-25,GU,GUA,Guam,165768,0,0,0,,,,,,
1830,2021-01-25,HI,HIA,Hawaii,1415872,8639,8635,2,,,,,,
1830,2021-01-25,IA,IAA,Iowa,3155070,54059,51094,2743,,,,,,
1830,2021-01-25,ID,IDA,Idaho,1787065,8818,8676,130,,,,,,
1830,2021-01-25,IH2,IH2,Indian Health Svc,0,0,0,0,,,,,,
1830,2021-01-25,IL,ILA,Illinois,12671821,115681,105568,9938,,,,,,
1830,2021-01-25,IN,INA,Indiana,6732219,44782,44707,41,,,,,,
1830,2021-01-25,KS,KSA,Kansas,2913314,38530,35691,2805,,,,,,
1830,2021-01-25,KY,KYA,Kentucky,4467673,47579,40764,6713,,,,,,
1830,2021-01-25,LA,LAA,Louisiana,4648794,33821,33676,110,,,,,,
1830,2021-01-25,MA,MAA,Massachusetts,6892503,114041,98774,14682,,,,,,
1830,2021-01-25,MD,MDA,Maryland,6045680,47961,39895,7864,,,,,,
1830,2021-01-25,ME,MEA,Maine,1344212,17319,15008,2295,,,,,,
1830,2021-01-25,MH,MHA,Marshall Islands,58413,0,0,0,,,,,,
1830,2021-01-25,MI,MIA,Michigan,9986857,80035,79826,124,,,,,,
1830,2021-01-25,MN,MNA,Minnesota,5639632,50854,50487,335,,,,,,
1830,2021-01-25,MO,MOA,Missouri,6137428,53829,53519,224,,,,,,
1830,2021-01-25,MP,MPA,Northern Mariana Islands,56882,0,0,0,,,,,,
1830,2021-01-25,MS,MSA,Mississippi,2976149,17002,16591,388,,,,,,
1830,2021-01-25,MT,MTA,Montana,1068778,7561,7251,304,,,,,,
1830,2021-01-25,NC,NCA,North Carolina,10488084,70742,70600,47,,,,,,
1830,2021-01-25,ND,NDA,North Dakota,762062,3508,2963,543,,,,,,
1830,2021-01-25,NE,NEA,Nebraska,1934408,33074,29261,3753,,,,,,
1830,2021-01-25,NH,NHA,New Hampshire,1359711,22975,18229,4711,,,,,,
1830,2021-01-25,NJ,NJA,New Jersey,8882190,93641,85127,8341,,,,,,
1830,2021-01-25,NM,NMA,New Mexico,2096829,12703,12666,21,,,,,,
1830,2021-01-25,NV,NVA,Nevada,3080156,21431,19958,1457,,,,,,
1830,2021-01-25,NY,NYA,New York State,19453561,183308,150380,30543,,,,,,
1830,2021-01-25,OH,OHA,Ohio,11689100,167455,140627,25733,,,,,,
1830,2021-01-25,OK,OKA,Oklahoma,3956971,28273,25681,2426,,,,,,
1830,2021-01-25,OR,ORA,Oregon,4217737,33978,29291,4663,,,,,,
1830,2021-01-25,PA,PAA,Pennsylvania,12801989,144485,122485,21566,,,,,,
1830,2021-01-25,PR,PRA,Puerto Rico,3193694,15024,15021,1,,,,,,
1830,2021-01-25,RI,RIA,Rhode Island,1059361,15517,13409,2069,,,,,,
1830,2021-01-25,RP,RPA,Republic of Palau,17907,0,0,0,,,,,,
1830,2021-01-25,SC,SCA,South Carolina,5148714,36465,36349,76,,,,,,
1830,2021-01-25,SD,SDA,South Dakota,884659,6385,5965,417,,,,,,
1830,2021-01-25,TN,TNA,Tennessee,6829174,34712,34606,67,,,,,,
1830,2021-01-25,TX,TXA,Texas,28995881,200791,183038,17017,,,,,,
1830,2021-01-25,UT,UTA,Utah,3205958,23588,22408,1159,,,,,,
1830,2021-01-25,VA,VAA,Virginia,8535519,73792,65430,7927,,,,,,
1830,2021-01-25,VA2,VA2,Veterans Health,0,0,0,0,,,,,,
1830,2021-01-25,VI,VIA,Virgin Islands,104680,4,4,0,,,,,,
1830,2021-01-25,VT,VTA,Vermont,623989,8708,7164,1505,,,,,,
1830,2021-01-25,WA,WAA,Washington,7614893,44988,44086,831,,,,,,
1830,2021-01-25,WI,WIA,Wisconsin,5822434,36801,36725,62,,,,,,
1830,2021-01-25,WV,WVA,West Virginia,1792147,10872,10823,40,,,,,,
1830,2021-01-25,WY,WYA,Wyoming,578759,2460,2453,1,,,,,,
1830,2021-01-25,US,USA,United States,331996199,2714487,2459240,246112,1215438,823342,420460,133116,109488,3508
1826,2021-01-24,AK,AKA,Alaska,731545,2486,2427,58,,,,,,
1826,2021-01-24,AL,ALA,Alabama,4903185,29521,27488,1979,,,,,,
1826,2021-01-24,AR,ARA,Arkansas,3017804,5854,5776,78,,,,,,
1826,2021-01-24,AS,ASA,American Samoa,55689,0,0,0,,,,,,
1826,2021-01-24,AZ,AZA,Arizona,7278717,21090,21044,22,,,,,,
1826,2021-01-24,BP2,BP2,Bureau of Prisons,0,0,0,0,,,,,,
1826,2021-01-24,CA,CAA,California,39512223,197933,184333,13262,,,,,,
1826,2021-01-24,CO,COA,Colorado,5758736,47573,45173,2340,,,,,,
1826,2021-01-24,CT,CTA,Connecticut,3565287,63187,51960,11021,,,,,,
1826,2021-01-24,DC,DCA,District of Columbia,705749,2840,2817,14,,,,,,
1826,2021-01-24,DD2,DD2,Dept of Defense,0,0,0,0,,,,,,
1826,2021-01-24,DE,DEA,Delaware,973764,11468,10678,768,,,,,,
1826,2021-01-24,FL,FLA,Florida,21477737,188701,166829,21287,,,,,,
1826,2021-01-24,FM,FMA,Federated States of Micronesia,103643,56,56,0,,,,,,
1826,2021-01-24,GA,GAA,Georgia,10617423,43020,40419,2533,,,,,,
1826,2021-01-24,GU,GUA,Guam,165768,0,0,0,,,,,,
1826,2021-01-24,HI,HIA,Hawaii,1415872,8527,8523,2,,,,,,
1826,2021-01-24,IA,IAA,Iowa,3155070,50060,48350,1588,,,,,,
1826,2021-01-24,ID,IDA,Idaho,1787065,8416,8277,129,,,,,,
1826,2021-01-24,IH2,IH2,Indian Health Svc,0,0,0,0,,,,,,
1826,2021-01-24,IL,ILA,Illinois,12671821,105450,98523,6806,,,,,,
1826,2021-01-24,IN,INA,Indiana,6732219,44028,43954,40,,,,,,
1826,2021-01-24,KS,KSA,Kansas,2913314,36114,34000,2080,,,,,,
1826,2021-01-24,KY,KYA,Kentucky,4467673,45902,39716,6105,,,,,,
1826,2021-01-24,LA,LAA,Louisiana,4648794,32602,32459,108,,,,,,
1826,2021-01-24,MA,MAA,Massachusetts,6892503,102512,92956,9199,,,,,,
1826,2021-01-24,MD,MDA,Maryland,6045680,43286,37159,5944,,,,,,
1826,2021-01-24,ME,MEA,Maine,1344212,16739,14673,2051,,,,,,
1826,2021-01-24,MH,MHA,Marshall Islands,58413,0,0,0,,,,,,
1826,2021-01-24,MI,MIA,Michigan,9986857,78850,78674,91,,,,,,
1826,2021-01-24,MN,MNA,Minnesota,5639632,47320,46961,330,,,,,,
1826,2021-01-24,MO,MOA,Missouri,6137428,52092,51890,134,,,,,,
1826,2021-01-24,MP,MPA,Northern Mariana Islands,56882,0,0,0,,,,,,
1826,2021-01-24,MS,MSA,Mississippi,2976149,16556,16148,385,,,,,,
1826,2021-01-24,MT,MTA,Montana,1068778,6780,6470,304,,,,,,
1826,2021-01-24,NC,NCA,North Carolina,10488084,69752,69611,47,,,,,,
1826,2021-01-24,ND,NDA,North Dakota,762062,3224,2869,354,,,,,,
1826,2021-01-24,NE,NEA,Nebraska,1934408,32126,28837,3275,,,,,,
1826,2021-01-24,NH,NHA,New Hampshire,1359711,21433,17684,3715,,,,,,
1826,2021-01-24,NJ,NJA,New Jersey,8882190,86103,80428,5510,,,,,,
1826,2021-01-24,NM,NMA,New Mexico,2096829,12464,12428,20,,,,,,
1826,2021-01-24,NV,NVA,Nevada,3080156,19153,17837,1302,,,,,,
1826,2021-01-24,NY,NYA,New York State,19453561,176034,145488,28164,,,,,,
1826,2021-01-24,OH,OHA,Ohio,11689100,162917,137795,24036,,,,,,
1826,2021-01-24,OK,OKA,Oklahoma,3956971,26789,24291,2332,,,,,,
1826,2021-01-24,OR,ORA,Oregon,4217737,32080,27778,4279,,,,,,
1826,2021-01-24,PA,PAA,Pennsylvania,12801989,131582,115461,15771,,,,,,
1826,2021-01-24,PR,PRA,Puerto Rico,3193694,13713,13710,1,,,,,,
1826,2021-01-24,RI,RIA,Rhode Island,1059361,13760,12199,1527,,,,,,
1826,2021-01-24,RP,RPA,Republic of Palau,17907,0,0,0,,,,,,
1826,2021-01-24,SC,SCA,South Carolina,5148714,35018,34943,35,,,,,,
1826,2021-01-24,SD,SDA,South Dakota,884659,6346,5931,412,,,,,,
1826,2021-01-24,TN,TNA,Tennessee,6829174,34705,34601,65,,,,,,
1826,2021-01-24,TX,TXA,Texas,28995881,191906,177533,13803,,,,,,
1826,2021-01-24,UT,UTA,Utah,3205958,22225,21556,651,,,,,,
1826,2021-01-24,VA,VAA,Virginia,8535519,68153,62089,5784,,,,,,
1826,2021-01-24,VA2,VA2,Veterans Health,0,0,0,0,,,,,,
1826,2021-01-24,VI,VIA,Virgin Islands,104680,4,4,0,,,,,,
1826,2021-01-24,VT,VTA,Vermont,623989,7968,6824,1106,,,,,,
1826,2021-01-24,WA,WAA,Washington,7614893,41607,41087,465,,,,,,
1826,2021-01-24,WI,WIA,Wisconsin,5822434,36135,36061,60,,,,,,
1826,2021-01-24,WV,WVA,West Virginia,1792147,10439,10407,23,,,,,,
1826,2021-01-24,WY,WYA,Wyoming,578759,2419,2413,1,,,,,,
1826,2021-01-24,US,USA,United States,331996199,2567018,2357598,201396,1169960,791242,396396,110697,87528,3171
