runid,Date,Location,ShortName,LongName,Census2019,Doses_Distributed,Doses_Administered,Dist_Per_100K,Admin_Per_100K,Administered_Dose1,Administered_Dose1_Per_100K,Administered_Dose2,Administered_Dose2_Per_100K,Administered_Moderna,Administered_Pfizer,Administered_Unk_Manuf,MMWR_week,Ratio_Admin_Dist,Administered_Dose_Other,Administered_Dose_Other_Per_100K
1822,2021-01-22,AK,AKA,Alaska,731545,155500,81096,21256,11086,67262,9195,13718,1875,,,,,,,
1822,2021-01-22,AL,ALA,Alabama,4903185,519525,199314,10596,4065,174317,3555,24840,507,,,,,,,
1822,2021-01-22,AR,ARA,Arkansas,3017804,362050,201676,11997,6683,167788,5560,31600,1047,,,,,,,
1822,2021-01-22,AS,ASA,American Samoa,55689,18450,6569,33130,11796,5627,10104,940,1688,,,,,,,
1822,2021-01-22,AZ,AZA,Arizona,7278717,822050,329349,11294,4525,280227,3850,48938,672,,,,,,,
1822,2021-01-22,BP2,BP2,Bureau of Prisons,0,24750,21315,0,0,17316,0,3962,0,,,,,,,
1822,2021-01-22,CA,CAA,California,39512223,4714625,1803679,11932,4565,1477195,3739,321839,815,,,,,,,
1822,2021-01-22,CO,COA,Colorado,5758736,671200,377283,11655,6551,313217,5439,62086,1078,,,,,,,
1822,2021-01-22,CT,CTA,Connecticut,3565287,477250,287440,13386,8062,248753,6977,33149,930,,,,,,,
1822,2021-01-22,DC,DCA,District of Columbia,705749,90225,56864,12784,8057,44773,6344,12045,1707,,,,,,,
1822,2021-01-22,DD2,DD2,Dept of Defense,0,614200,292490,0,0,258285,0,28602,0,,,,,,,
1822,2021-01-22,DE,DEA,Delaware,973764,116325,54257,11946,5572,45292,4651,8847,909,,,,,,,
1822,2021-01-22,FL,FLA,Florida,21477737,2616250,1314377,12181,6120,1186719,5525,124582,580,,,,,,,
1822,2021-01-22,FM,FMA,Federated States of Micronesia,103643,9800,2514,9456,2426,2511,2423,3,3,,,,,,,
1822,2021-01-22,GA,GAA,Georgia,10617423,1235375,603486,11635,5684,533665,5026,59925,564,,,,,,,
1822,2021-01-22,GU,GUA,Guam,165768,34300,3791,20692,2287,3785,2283,0,0,,,,,,,
1822,2021-01-22,HI,HIA,Hawaii,1415872,191375,84793,13516,5989,67991,4802,16802,1187,,,,,,,
1822,2021-01-22,IA,IAA,Iowa,3155070,338950,170607,10743,5407,145642,4616,22429,711,,,,,,,
1822,2021-01-22,ID,IDA,Idaho,1787065,181100,77988,10134,4364,64295,3598,13075,732,,,,,,,
1822,2021-01-22,IH2,IH2,Indian Health Svc,0,355475,123534,0,0,103912,0,18985,0,,,,,,,
1822,2021-01-22,IL,ILA,Illinois,12671821,1209300,607502,9543,4794,479848,3787,120754,953,,,,,,,
1822,2021-01-22,IN,INA,Indiana,6732219,839925,414127,12476,6151,340055,5051,73986,1099,,,,,,,
1822,2021-01-22,KS,KSA,Kansas,2913314,336475,137094,11550,4706,116569,4001,19325,663,,,,,,,
1822,2021-01-22,KY,KYA,Kentucky,4467673,466700,254144,10446,5689,229873,5145,22568,505,,,,,,,
1822,2021-01-22,LA,LAA,Louisiana,4648794,506200,297655,10889,6403,256670,5521,40385,869,,,,,,,
1822,2021-01-22,MA,MAA,Massachusetts,6892503,854950,370627,12404,5377,318630,4623,51662,750,,,,,,,
1822,2021-01-22,MD,MDA,Maryland,6045680,722625,287512,11953,4756,256221,4238,30877,511,,,,,,,
1822,2021-01-22,ME,MEA,Maine,1344212,176400,86395,13123,6427,70193,5222,14893,1108,,,,,,,
1822,2021-01-22,MH,MHA,Marshall Islands,58413,13600,2438,23282,4174,2406,4119,2,3,,,,,,,
1822,2021-01-22,MI,MIA,Michigan,9986857,1094275,595454,10957,5962,497958,4986,92473,926,,,,,,,
1822,2021-01-22,MN,MNA,Minnesota,5639632,677100,278234,12006,4934,223957,3971,53940,956,,,,,,,
1822,2021-01-22,MO,MOA,Missouri,6137428,657700,285697,10716,4655,217597,3545,66699,1087,,,,,,,
1822,2021-01-22,MP,MPA,Northern Mariana Islands,56882,18650,7720,32787,13572,4700,8263,3016,5302,,,,,,,
1822,2021-01-22,MS,MSA,Mississippi,2976149,346400,150524,11639,5058,136902,4600,13423,451,,,,,,,
1822,2021-01-22,MT,MTA,Montana,1068778,119500,66348,11181,6208,54453,5095,11878,1111,,,,,,,
1822,2021-01-22,NC,NCA,North Carolina,10488084,1192375,524914,11369,5005,450144,4292,74427,710,,,,,,,
1822,2021-01-22,ND,NDA,North Dakota,762062,86750,64105,11384,8412,51018,6695,12428,1631,,,,,,,
1822,2021-01-22,NE,NEA,Nebraska,1934408,238100,118450,12309,6123,99571,5147,18086,935,,,,,,,
1822,2021-01-22,NH,NHA,New Hampshire,1359711,162950,85595,11984,6295,72979,5367,12575,925,,,,,,,
1822,2021-01-22,NJ,NJA,New Jersey,8882190,951875,464363,10717,5228,406494,4577,56213,633,,,,,,,
1822,2021-01-22,NM,NMA,New Mexico,2096829,248300,162045,11842,7728,130211,6210,29278,1396,,,,,,,
1822,2021-01-22,NV,NVA,Nevada,3080156,281100,126458,9126,4106,105222,3416,20345,661,,,,,,,
1822,2021-01-22,NY,NYA,New York State,19453561,2367075,1203994,12168,6189,1048453,5390,142005,730,,,,,,,
1822,2021-01-22,OH,OHA,Ohio,11689100,1222225,545499,10456,4667,500557,4282,44761,383,,,,,,,
1822,2021-01-22,OK,OKA,Oklahoma,3956971,496350,287502,12544,7266,247954,6266,37435,946,,,,,,,
1822,2021-01-22,OR,ORA,Oregon,4217737,487700,253705,11563,6015,218413,5178,34536,819,,,,,,,
1822,2021-01-22,PA,PAA,Pennsylvania,12801989,1465850,652886,11450,5100,539431,4214,112692,880,,,,,,,
1822,2021-01-22,PR,PRA,Puerto Rico,3193694,337350,161528,10563,5058,128284,4017,32181,1008,,,,,,,
1822,2021-01-22,RI,RIA,Rhode Island,1059361,136225,61974,12859,5850,49932,4713,12023,1135,,,,,,,
1822,2021-01-22,RP,RPA,Republic of Palau,17907,6000,2405,33506,13431,2403,13419,2,11,,,,,,,
1822,2021-01-22,SC,SCA,South Carolina,5148714,453150,229002,8801,4448,189170,3674,38183,742,,,,,,,
1822,2021-01-22,SD,SDA,South Dakota,884659,100275,70643,11335,7985,56762,6416,13831,1563,,,,,,,
1822,2021-01-22,TN,TNA,Tennessee,6829174,798450,401595,11692,5881,324543,4752,76162,1115,,,,,,,
1822,2021-01-22,TX,TXA,Texas,28995881,2884425,1644781,9948,5672,1412767,4872,230596,795,,,,,,,
1822,2021-01-22,UT,UTA,Utah,3205958,341725,202729,10659,6324,175364,5470,20697,646,,,,,,,
1822,2021-01-22,VA,VAA,Virginia,8535519,1067775,401448,12510,4703,353808,4145,46004,539,,,,,,,
1822,2021-01-22,VA2,VA2,Veterans Health,0,1150825,579663,0,0,497096,0,81966,0,,,,,,,
1822,2021-01-22,VI,VIA,Virgin Islands,104680,13525,3070,12920,2933,2703,2582,367,351,,,,,,,
1822,2021-01-22,VT,VTA,Vermont,623989,84825,46447,13594,7444,38432,6159,7954,1275,,,,,,,
1822,2021-01-22,WA,WAA,Washington,7614893,829950,403135,10899,5294,330357,4338,62152,816,,,,,,,
1822,2021-01-22,WI,WIA,Wisconsin,5822434,597225,260821,10257,4480,221067,3797,37901,651,,,,,,,
1822,2021-01-22,WV,WVA,West Virginia,1792147,231800,180762,12934,10086,145361,8111,35390,1975,,,,,,,
1822,2021-01-22,WY,WYA,Wyoming,578759,69650,34547,12034,5969,29993,5182,4515,780,,,,,,,
1822,2021-01-22,US,USA,United States,331996199,39892400,19107959,,,16243093,,2756953,,8407909,10695066,4984,,,,
1822,2021-01-22,LTC,LTC,Long Term Care,,,2289284,,,,,,,,,,,,,
1821,2021-01-21,AK,AKA,Alaska,731545,154325,71907,21096,9829,59449,8126,12352,1688,,,,,,,
1821,2021-01-21,AL,ALA,Alabama,4903185,493125,165919,10057,3384,144429,2946,21345,435,,,,,,,
1821,2021-01-21,AR,ARA,Arkansas,3017804,361550,173312,11981,5743,144792,4798,26541,879,,,,,,,
1821,2021-01-21,AS,ASA,American Samoa,55689,18450,5664,33130,10171,4734,8501,929,1668,,,,,,,
1821,2021-01-21,AZ,AZA,Arizona,7278717,797550,303899,10957,4175,262120,3601,41613,572,,,,,,,
1821,2021-01-21,BP2,BP2,Bureau of Prisons,0,24750,20838,0,0,17003,0,3800,0,,,,,,,
1821,2021-01-21,CA,CAA,California,39512223,4379500,1633875,11084,4135,1335886,3381,293834,744,,,,,,,
1821,2021-01-21,CO,COA,Colorado,5758736,657250,353194,11413,6133,296816,5154,54474,946,,,,,,,
1821,2021-01-21,CT,CTA,Connecticut,3565287,435075,264707,12203,7425,230913,6477,28602,802,,,,,,,
1821,2021-01-21,DC,DCA,District of Columbia,705749,75175,55108,10652,7808,43377,6146,11685,1656,,,,,,,
1821,2021-01-21,DD2,DD2,Dept of Defense,0,574900,274473,0,0,243577,0,25429,0,,,,,,,
1821,2021-01-21,DE,DEA,Delaware,973764,106600,49369,10947,5070,41900,4303,7355,755,,,,,,,
1821,2021-01-21,FL,FLA,Florida,21477737,2546050,1239975,11854,5773,1125338,5240,111763,520,,,,,,,
1821,2021-01-21,FM,FMA,Federated States of Micronesia,103643,9800,2087,9456,2014,2084,2011,3,3,,,,,,,
1821,2021-01-21,GA,GAA,Georgia,10617423,1162275,453862,10947,4275,407000,3833,39972,376,,,,,,,
1821,2021-01-21,GU,GUA,Guam,165768,34300,3791,20692,2287,3785,2283,0,0,,,,,,,
1821,2021-01-21,HI,HIA,Hawaii,1415872,189675,79414,13396,5609,63282,4469,16132,1139,,,,,,,
1821,2021-01-21,IA,IAA,Iowa,3155070,328600,158743,10415,5031,139500,4421,16860,534,,,,,,,
1821,2021-01-21,ID,IDA,Idaho,1787065,178175,73372,9970,4106,61118,3420,11760,658,,,,,,,
1821,2021-01-21,IH2,IH2,Indian Health Svc,0,323600,117297,0,0,99004,0,17778,0,,,,,,,
1821,2021-01-21,IL,ILA,Illinois,12671821,1173325,570527,9259,4502,452010,3567,111933,883,,,,,,,
1821,2021-01-21,IN,INA,Indiana,6732219,816025,387137,12121,5751,320266,4757,66801,992,,,,,,,
1821,2021-01-21,KS,KSA,Kansas,2913314,312000,130434,10709,4477,111907,3841,17430,598,,,,,,,
1821,2021-01-21,KY,KYA,Kentucky,4467673,450175,235143,10076,5263,217837,4876,15699,351,,,,,,,
1821,2021-01-21,LA,LAA,Louisiana,4648794,492800,279398,10601,6010,240762,5179,38095,819,,,,,,,
1821,2021-01-21,MA,MAA,Massachusetts,6892503,776400,353117,11264,5123,306646,4449,46247,671,,,,,,,
1821,2021-01-21,MD,MDA,Maryland,6045680,685325,271905,11336,4498,243450,4027,28106,465,,,,,,,
1821,2021-01-21,ME,MEA,Maine,1344212,165175,80502,12288,5989,67133,4994,12071,898,,,,,,,
1821,2021-01-21,MH,MHA,Marshall Islands,58413,13600,1991,23282,3408,1959,3354,2,3,,,,,,,
1821,2021-01-21,MI,MIA,Michigan,9986857,1059275,548844,10607,5496,463917,4645,81014,811,,,,,,,
1821,2021-01-21,MN,MNA,Minnesota,5639632,652350,259417,11567,4600,213102,3779,46008,816,,,,,,,
1821,2021-01-21,MO,MOA,Missouri,6137428,621200,265382,10122,4324,205217,3344,58782,958,,,,,,,
1821,2021-01-21,MP,MPA,Northern Mariana Islands,56882,18650,7309,32787,12849,4606,8097,2700,4747,,,,,,,
1821,2021-01-21,MS,MSA,Mississippi,2976149,334800,136691,11249,4593,124931,4198,11567,389,,,,,,,
1821,2021-01-21,MT,MTA,Montana,1068778,112125,60389,10491,5650,50413,4717,9962,932,,,,,,,
1821,2021-01-21,NC,NCA,North Carolina,10488084,1157100,473282,11033,4513,406257,3874,66736,636,,,,,,,
1821,2021-01-21,ND,NDA,North Dakota,762062,82850,59245,10872,7774,48986,6428,9881,1297,,,,,,,
1821,2021-01-21,NE,NEA,Nebraska,1934408,238000,111841,12304,5782,94850,4903,16206,838,,,,,,,
1821,2021-01-21,NH,NHA,New Hampshire,1359711,155150,80639,11411,5931,70281,5169,10319,759,,,,,,,
1821,2021-01-21,NJ,NJA,New Jersey,8882190,923300,432220,10395,4866,381159,4291,49420,556,,,,,,,
1821,2021-01-21,NM,NMA,New Mexico,2096829,237725,152465,11337,7271,122956,5864,27014,1288,,,,,,,
1821,2021-01-21,NV,NVA,Nevada,3080156,278175,115991,9031,3766,95837,3111,19296,626,,,,,,,
1821,2021-01-21,NY,NYA,New York State,19453561,2213975,1116441,11381,5739,982183,5049,120801,621,,,,,,,
1821,2021-01-21,OH,OHA,Ohio,11689100,1122300,487481,9601,4170,456424,3905,30910,264,,,,,,,
1821,2021-01-21,OK,OKA,Oklahoma,3956971,490500,267434,12396,6759,230902,5835,34706,877,,,,,,,
1821,2021-01-21,OR,ORA,Oregon,4217737,479325,216928,11365,5143,192550,4565,23866,566,,,,,,,
1821,2021-01-21,PA,PAA,Pennsylvania,12801989,1344375,605428,10501,4729,508391,3971,96395,753,,,,,,,
1821,2021-01-21,PR,PRA,Puerto Rico,3193694,327950,147795,10269,4628,120250,3765,26627,834,,,,,,,
1821,2021-01-21,RI,RIA,Rhode Island,1059361,127450,59014,12031,5571,47859,4518,11136,1051,,,,,,,
1821,2021-01-21,RP,RPA,Republic of Palau,17907,6000,2405,33506,13431,2403,13419,2,11,,,,,,,
1821,2021-01-21,SC,SCA,South Carolina,5148714,443375,209631,8611,4072,173906,3378,34277,666,,,,,,,
1821,2021-01-21,SD,SDA,South Dakota,884659,99300,65377,11225,7390,54531,6164,10796,1220,,,,,,,
1821,2021-01-21,TN,TNA,Tennessee,6829174,723825,375669,10599,5501,313154,4586,61743,904,,,,,,,
1821,2021-01-21,TX,TXA,Texas,28995881,2754800,1544551,9501,5327,1337706,4613,205538,709,,,,,,,
1821,2021-01-21,UT,UTA,Utah,3205958,337825,189578,10537,5913,166334,5188,17275,539,,,,,,,
1821,2021-01-21,VA,VAA,Virginia,8535519,992375,362092,11626,4242,320175,3751,40340,473,,,,,,,
1821,2021-01-21,VA2,VA2,Veterans Health,0,1100725,527258,0,0,463738,0,62996,0,,,,,,,
1821,2021-01-21,VI,VIA,Virgin Islands,104680,13325,2744,12729,2621,2450,2340,294,281,,,,,,,
1821,2021-01-21,VT,VTA,Vermont,623989,78875,42835,12640,6865,36233,5807,6545,1049,,,,,,,
1821,2021-01-21,WA,WAA,Washington,7614893,820875,373423,10780,4904,306942,4031,55902,734,,,,,,,
1821,2021-01-21,WI,WIA,Wisconsin,5822434,577325,238758,9916,4101,204746,3517,32268,554,,,,,,,
1821,2021-01-21,WV,WVA,West Virginia,1792147,231800,167548,12934,9349,135950,7586,31587,1763,,,,,,,
1821,2021-01-21,WY,WYA,Wyoming,578759,67450,29309,11654,5064,25841,4465,3441,595,,,,,,,
1821,2021-01-21,US,USA,United States,331996199,37960000,17546374,,,15053257,,2394961,,7724683,9817027,4664,,,,
1821,2021-01-21,LTC,LTC,Long Term Care,,,2089181,,,,,,,,,,,,,
1815,2021-01-20,AK,AKA,Alaska,731545,150350,68293,20552,9335,56911,7780,11283,1542,,,,,,,
1815,2021-01-20,AL,ALA,Alabama,4903185,483275,139200,9856,2839,121113,2470,17956,366,,,,,,,
1815,2021-01-20,AR,ARA,Arkansas,3017804,334825,173312,11095,5743,144792,4798,26541,879,,,,,,,
1815,2021-01-20,AS,ASA,American Samoa,55689,18450,5313,33130,9540,4476,8037,836,1501,,,,,,,
1815,2021-01-20,AZ,AZA,Arizona,7278717,752250,281887,10335,3873,246960,3393,34788,478,,,,,,,
1815,2021-01-20,BP2,BP2,Bureau of Prisons,0,24750,19076,0,0,15949,0,3092,0,,,,,,,
1815,2021-01-20,CA,CAA,California,39512223,4169450,1532329,10552,3878,1255311,3177,273276,692,,,,,,,
1815,2021-01-20,CO,COA,Colorado,5758736,631400,340438,10964,5912,287174,4987,51460,894,,,,,,,
1815,2021-01-20,CT,CTA,Connecticut,3565287,430375,243140,12071,6820,213145,5978,25018,702,,,,,,,
1815,2021-01-20,DC,DCA,District of Columbia,705749,75175,51733,10652,7330,41135,5829,10553,1495,,,,,,,
1815,2021-01-20,DD2,DD2,Dept of Defense,0,499400,256867,0,0,229553,0,22157,0,,,,,,,
1815,2021-01-20,DE,DEA,Delaware,973764,100375,45640,10308,4687,38610,3965,6919,711,,,,,,,
1815,2021-01-20,FL,FLA,Florida,21477737,2545050,1239975,11850,5773,1125338,5240,111763,520,,,,,,,
1815,2021-01-20,FM,FMA,Federated States of Micronesia,103643,9800,1756,9456,1694,1753,1691,3,3,,,,,,,
1815,2021-01-20,GA,GAA,Georgia,10617423,1077375,397048,10147,3740,356010,3353,35029,330,,,,,,,
1815,2021-01-20,GU,GUA,Guam,165768,34300,3791,20692,2287,3785,2283,0,0,,,,,,,
1815,2021-01-20,HI,HIA,Hawaii,1415872,154150,71944,10887,5081,58111,4104,13833,977,,,,,,,
1815,2021-01-20,IA,IAA,Iowa,3155070,291075,149850,9226,4749,133528,4232,13995,444,,,,,,,
1815,2021-01-20,ID,IDA,Idaho,1787065,166850,69267,9337,3876,58328,3264,10738,601,,,,,,,
1815,2021-01-20,IH2,IH2,Indian Health Svc,0,315325,108975,0,0,93635,0,14874,0,,,,,,,
1815,2021-01-20,IL,ILA,Illinois,12671821,1094000,539926,8633,4261,425824,3360,107651,850,,,,,,,
1815,2021-01-20,IN,INA,Indiana,6732219,741025,356385,11007,5294,297720,4422,58616,871,,,,,,,
1815,2021-01-20,KS,KSA,Kansas,2913314,265600,122705,9117,4212,105679,3627,16013,550,,,,,,,
1815,2021-01-20,KY,KYA,Kentucky,4467673,444325,223946,9945,5013,208664,4671,13829,310,,,,,,,
1815,2021-01-20,LA,LAA,Louisiana,4648794,485625,264400,10446,5687,228831,4922,35049,754,,,,,,,
1815,2021-01-20,MA,MAA,Massachusetts,6892503,737550,330490,10701,4795,288209,4181,42062,610,,,,,,,
1815,2021-01-20,MD,MDA,Maryland,6045680,628800,258146,10401,4270,233443,3861,24355,403,,,,,,,
1815,2021-01-20,ME,MEA,Maine,1344212,155800,76167,11590,5666,64260,4780,10661,793,,,,,,,
1815,2021-01-20,MH,MHA,Marshall Islands,58413,13600,1514,23282,2592,1482,2537,2,3,,,,,,,
1815,2021-01-20,MI,MIA,Michigan,9986857,1031100,508607,10325,5093,434402,4350,70535,706,,,,,,,
1815,2021-01-20,MN,MNA,Minnesota,5639632,595775,252548,10564,4478,209862,3721,42384,752,,,,,,,
1815,2021-01-20,MO,MOA,Missouri,6137428,572125,244476,9322,3983,193867,3159,49330,804,,,,,,,
1815,2021-01-20,MP,MPA,Northern Mariana Islands,56882,18650,6791,32787,11939,4569,8032,2219,3901,,,,,,,
1815,2021-01-20,MS,MSA,Mississippi,2976149,307950,122586,10347,4119,112525,3781,9979,335,,,,,,,
1815,2021-01-20,MT,MTA,Montana,1068778,111625,57220,10444,5354,48086,4499,9121,853,,,,,,,
1815,2021-01-20,NC,NCA,North Carolina,10488084,1118250,427480,10662,4076,368818,3517,58407,557,,,,,,,
1815,2021-01-20,ND,NDA,North Dakota,762062,78150,57657,10255,7566,48350,6345,8954,1175,,,,,,,
1815,2021-01-20,NE,NEA,Nebraska,1934408,237500,106283,12278,5494,91040,4706,14463,748,,,,,,,
1815,2021-01-20,NH,NHA,New Hampshire,1359711,145400,75418,10693,5547,67366,4954,8013,589,,,,,,,
1815,2021-01-20,NJ,NJA,New Jersey,8882190,898550,432220,10116,4866,381159,4291,49420,556,,,,,,,
1815,2021-01-20,NM,NMA,New Mexico,2096829,225850,143302,10771,6834,116128,5538,24706,1178,,,,,,,
1815,2021-01-20,NV,NVA,Nevada,3080156,276775,107133,8986,3478,89110,2893,17209,559,,,,,,,
1815,2021-01-20,NY,NYA,New York State,19453561,2057875,1046490,10578,5379,926339,4762,106821,549,,,,,,,
1815,2021-01-20,OH,OHA,Ohio,11689100,1119175,487481,9575,4170,456424,3905,30910,264,,,,,,,
1815,2021-01-20,OK,OKA,Oklahoma,3956971,455275,251684,11506,6361,217690,5501,32308,816,,,,,,,
1815,2021-01-20,OR,ORA,Oregon,4217737,431450,216928,10229,5143,192550,4565,23866,566,,,,,,,
1815,2021-01-20,PA,PAA,Pennsylvania,12801989,1223250,568660,9555,4442,482791,3771,85290,666,,,,,,,
1815,2021-01-20,PR,PRA,Puerto Rico,3193694,312450,136630,9783,4278,112524,3523,23428,734,,,,,,,
1815,2021-01-20,RI,RIA,Rhode Island,1059361,122575,56617,11571,5344,45904,4333,10696,1010,,,,,,,
1815,2021-01-20,RP,RPA,Republic of Palau,17907,6000,1981,33506,11063,1980,11057,1,6,,,,,,,
1815,2021-01-20,SC,SCA,South Carolina,5148714,437675,192608,8501,3741,160518,3118,30679,596,,,,,,,
1815,2021-01-20,SD,SDA,South Dakota,884659,95825,62518,10832,7067,52548,5940,9922,1122,,,,,,,
1815,2021-01-20,TN,TNA,Tennessee,6829174,672825,358534,9852,5250,305780,4478,52051,762,,,,,,,
1815,2021-01-20,TX,TXA,Texas,28995881,2551125,1471746,8798,5076,1282998,4425,187503,647,,,,,,,
1815,2021-01-20,UT,UTA,Utah,3205958,319700,181792,9972,5670,159814,4985,16272,508,,,,,,,
1815,2021-01-20,VA,VAA,Virginia,8535519,962900,343366,11281,4023,304160,3563,37679,441,,,,,,,
1815,2021-01-20,VA2,VA2,Veterans Health,0,1048050,432569,0,0,387870,0,44329,0,,,,,,,
1815,2021-01-20,VI,VIA,Virgin Islands,104680,12325,2418,11774,2310,2178,2081,240,229,,,,,,,
1815,2021-01-20,VT,VTA,Vermont,623989,75950,40814,12172,6541,34607,5546,6167,988,,,,,,,
1815,2021-01-20,WA,WAA,Washington,7614893,805000,346765,10571,4554,286500,3762,49731,653,,,,,,,
1815,2021-01-20,WI,WIA,Wisconsin,5822434,538325,222492,9246,3821,193461,3323,27312,469,,,,,,,
1815,2021-01-20,WV,WVA,West Virginia,1792147,231800,158621,12934,8851,132929,7417,25681,1433,,,,,,,
1815,2021-01-20,WY,WYA,Wyoming,578759,62575,29309,10812,5064,25841,4465,3441,595,,,,,,,
1815,2021-01-20,US,USA,United States,331996199,35990150,16525281,,,14270441,,2161419,,7239750,9281063,4468,,,,
1815,2021-01-20,LTC,LTC,Long Term Care,,,1908256,,,,,,,,,,,,,
1812,2021-01-19,AK,AKA,Alaska,731545,150450,66331,20566,9067,55434,7578,10802,1477,,,,,,,
1812,2021-01-19,AL,ALA,Alabama,4903185,444650,130795,9069,2668,114319,2332,16346,333,,,,,,,
1812,2021-01-19,AR,ARA,Arkansas,3017804,297800,142337,9868,4717,118763,3935,21734,720,,,,,,,
1812,2021-01-19,AS,ASA,American Samoa,55689,18450,4756,33130,8540,3985,7156,770,1383,,,,,,,
1812,2021-01-19,AZ,AZA,Arizona,7278717,571725,266276,7855,3658,235331,3233,30892,424,,,,,,,
1812,2021-01-19,BP2,BP2,Bureau of Prisons,0,16750,17628,0,0,15500,0,2091,0,,,,,,,
1812,2021-01-19,CA,CAA,California,39512223,3548575,1460430,8981,3696,1195969,3027,260838,660,,,,,,,
1812,2021-01-19,CO,COA,Colorado,5758736,531775,330292,9234,5735,278639,4839,49897,866,,,,,,,
1812,2021-01-19,CT,CTA,Connecticut,3565287,328775,229524,9222,6438,201664,5656,23150,649,,,,,,,
1812,2021-01-19,DC,DCA,District of Columbia,705749,68325,49988,9681,7083,39747,5632,10196,1445,,,,,,,
1812,2021-01-19,DD2,DD2,Dept of Defense,0,507975,254778,0,0,227934,0,21753,0,,,,,,,
1812,2021-01-19,DE,DEA,Delaware,973764,91250,42557,9371,4370,35679,3664,6768,695,,,,,,,
1812,2021-01-19,FL,FLA,Florida,21477737,2069175,1174685,9634,5469,1068787,4976,103173,480,,,,,,,
1812,2021-01-19,FM,FMA,Federated States of Micronesia,103643,9800,1436,9456,1386,1434,1384,2,2,,,,,,,
1812,2021-01-19,GA,GAA,Georgia,10617423,1011200,312336,9524,2942,278151,2620,28907,272,,,,,,,
1812,2021-01-19,GU,GUA,Guam,165768,34300,3791,20692,2287,3785,2283,0,0,,,,,,,
1812,2021-01-19,HI,HIA,Hawaii,1415872,154150,63954,10887,4517,52635,3717,11319,799,,,,,,,
1812,2021-01-19,IA,IAA,Iowa,3155070,269000,144955,8526,4594,130042,4122,12629,400,,,,,,,
1812,2021-01-19,ID,IDA,Idaho,1787065,160075,63975,8957,3580,53609,3000,10165,569,,,,,,,
1812,2021-01-19,IH2,IH2,Indian Health Svc,0,292700,104140,0,0,90329,0,13348,0,,,,,,,
1812,2021-01-19,IL,ILA,Illinois,12671821,1011225,525261,7980,4145,414362,3270,104533,825,,,,,,,
1812,2021-01-19,IN,INA,Indiana,6732219,642425,334686,9543,4971,283779,4215,50862,756,,,,,,,
1812,2021-01-19,KS,KSA,Kansas,2913314,263175,118434,9034,4065,101824,3495,15602,536,,,,,,,
1812,2021-01-19,KY,KYA,Kentucky,4467673,337450,216039,7553,4836,201688,4514,12911,289,,,,,,,
1812,2021-01-19,LA,LAA,Louisiana,4648794,370175,255591,7963,5498,221109,4756,33967,731,,,,,,,
1812,2021-01-19,MA,MAA,Massachusetts,6892503,669325,318877,9711,4626,277612,4028,41053,596,,,,,,,
1812,2021-01-19,MD,MDA,Maryland,6045680,565125,247597,9348,4095,225456,3729,21794,360,,,,,,,
1812,2021-01-19,ME,MEA,Maine,1344212,136875,73978,10183,5503,62716,4666,10018,745,,,,,,,
1812,2021-01-19,MH,MHA,Marshall Islands,58413,13600,1282,23282,2195,1250,2140,2,3,,,,,,,
1812,2021-01-19,MI,MIA,Michigan,9986857,773750,483592,7748,4842,417228,4178,62780,629,,,,,,,
1812,2021-01-19,MN,MNA,Minnesota,5639632,519600,251535,9213,4460,209118,3708,42116,747,,,,,,,
1812,2021-01-19,MO,MOA,Missouri,6137428,528800,236254,8616,3849,189793,3092,45368,739,,,,,,,
1812,2021-01-19,MP,MPA,Northern Mariana Islands,56882,18650,6372,32787,11202,4453,7828,1916,3368,,,,,,,
1812,2021-01-19,MS,MSA,Mississippi,2976149,233550,113572,7847,3816,103946,3493,9545,321,,,,,,,
1812,2021-01-19,MT,MTA,Montana,1068778,98500,55893,9216,5230,47209,4417,8671,811,,,,,,,
1812,2021-01-19,NC,NCA,North Carolina,10488084,999650,400779,9531,3821,346533,3304,54012,515,,,,,,,
1812,2021-01-19,ND,NDA,North Dakota,762062,68675,56608,9012,7428,47616,6248,8641,1134,,,,,,,
1812,2021-01-19,NE,NEA,Nebraska,1934408,211500,103689,10934,5360,89054,4604,13860,716,,,,,,,
1812,2021-01-19,NH,NHA,New Hampshire,1359711,127225,71556,9357,5263,64402,4736,7120,524,,,,,,,
1812,2021-01-19,NJ,NJA,New Jersey,8882190,658800,400148,7417,4505,354653,3993,43879,494,,,,,,,
1812,2021-01-19,NM,NMA,New Mexico,2096829,204750,138150,9765,6589,112450,5363,23236,1108,,,,,,,
1812,2021-01-19,NV,NVA,Nevada,3080156,211750,102840,6875,3339,85391,2772,16665,541,,,,,,,
1812,2021-01-19,NY,NYA,New York State,19453561,1884325,1000319,9686,5142,884908,4549,102187,525,,,,,,,
1812,2021-01-19,OH,OHA,Ohio,11689100,968250,472084,8283,4039,444812,3805,27139,232,,,,,,,
1812,2021-01-19,OK,OKA,Oklahoma,3956971,424000,242093,10715,6118,209687,5299,30919,781,,,,,,,
1812,2021-01-19,OR,ORA,Oregon,4217737,335075,216928,7944,5143,192550,4565,23866,566,,,,,,,
1812,2021-01-19,PA,PAA,Pennsylvania,12801989,1075350,544416,8400,4253,464339,3627,79526,621,,,,,,,
1812,2021-01-19,PR,PRA,Puerto Rico,3193694,311325,129530,9748,4056,107661,3371,21368,669,,,,,,,
1812,2021-01-19,RI,RIA,Rhode Island,1059361,108425,54081,10235,5105,44164,4169,9902,935,,,,,,,
1812,2021-01-19,RP,RPA,Republic of Palau,17907,6000,1914,33506,10689,1913,10683,1,6,,,,,,,
1812,2021-01-19,SC,SCA,South Carolina,5148714,350550,187175,6808,3635,155548,3021,30243,587,,,,,,,
1812,2021-01-19,SD,SDA,South Dakota,884659,93675,61113,10589,6908,51288,5797,9777,1105,,,,,,,
1812,2021-01-19,TN,TNA,Tennessee,6829174,657550,351813,9629,5152,302260,4426,48867,716,,,,,,,
1812,2021-01-19,TX,TXA,Texas,28995881,2105600,1403989,7262,4842,1222952,4218,179801,620,,,,,,,
1812,2021-01-19,UT,UTA,Utah,3205958,268175,163205,8365,5091,144056,4493,15367,479,,,,,,,
1812,2021-01-19,VA,VAA,Virginia,8535519,852725,326894,9990,3830,290146,3399,35239,413,,,,,,,
1812,2021-01-19,VA2,VA2,Veterans Health,0,994425,416209,0,0,372382,0,43469,0,,,,,,,
1812,2021-01-19,VI,VIA,Virgin Islands,104680,11825,2135,11296,2040,1970,1882,165,158,,,,,,,
1812,2021-01-19,VT,VTA,Vermont,623989,74000,40581,11859,6503,34427,5517,6114,980,,,,,,,
1812,2021-01-19,WA,WAA,Washington,7614893,696175,321200,9142,4218,265507,3487,45237,594,,,,,,,
1812,2021-01-19,WI,WIA,Wisconsin,5822434,437900,213498,7521,3667,188144,3231,23641,406,,,,,,,
1812,2021-01-19,WV,WVA,West Virginia,1792147,205475,152657,11465,8518,128923,7194,23723,1324,,,,,,,
1812,2021-01-19,WY,WYA,Wyoming,578759,58775,28057,10155,4848,24788,4283,3242,560,,,,,,,
1812,2021-01-19,US,USA,United States,331996199,31161075,15707588,,,13595803,,2023124,,6828561,8874811,4216,,,,
1812,2021-01-19,LTC,LTC,Long Term Care,,,1745441,,,,,,,,,,,,,
1805,2021-01-15,AK,AKA,Alaska,731545,150450,49039,20566,6703,39546,5406,9406,1286,,,,,,,
1805,2021-01-15,AL,ALA,Alabama,4903185,444650,100567,9069,2051,86956,1773,13488,275,,,,,,,
1805,2021-01-15,AR,ARA,Arkansas,3017804,297800,118338,9868,3921,97829,3242,18781,622,,,,,,,
1805,2021-01-15,AS,ASA,American Samoa,55689,18450,3883,33130,6973,3144,5646,738,1325,,,,,,,
1805,2021-01-15,AZ,AZA,Arizona,7278717,571725,197086,7855,2708,176213,2421,20837,286,,,,,,,
1805,2021-01-15,BP2,BP2,Bureau of Prisons,0,16750,16685,0,0,14565,0,2086,0,,,,,,,
1805,2021-01-15,CA,CAA,California,39512223,3548575,1072959,8981,2716,865387,2190,204374,517,,,,,,,
1805,2021-01-15,CO,COA,Colorado,5758736,531775,272233,9234,4727,223761,3886,47021,817,,,,,,,
1805,2021-01-15,CT,CTA,Connecticut,3565287,328775,185866,9222,5213,166722,4676,17162,481,,,,,,,
1805,2021-01-15,DC,DCA,District of Columbia,705749,68325,39934,9681,5658,31667,4487,8250,1169,,,,,,,
1805,2021-01-15,DD2,DD2,Dept of Defense,0,507975,201485,0,0,179004,0,17946,0,,,,,,,
1805,2021-01-15,DE,DEA,Delaware,973764,91250,31090,9371,3193,25649,2634,5354,550,,,,,,,
1805,2021-01-15,FL,FLA,Florida,21477737,2069175,853081,9634,3972,776430,3615,74776,348,,,,,,,
1805,2021-01-15,FM,FMA,Federated States of Micronesia,103643,9800,694,9456,670,692,668,2,2,,,,,,,
1805,2021-01-15,GA,GAA,Georgia,10617423,1011200,231305,9524,2179,204301,1924,22324,210,,,,,,,
1805,2021-01-15,GU,GUA,Guam,165768,34300,3791,20692,2287,3785,2283,0,0,,,,,,,
1805,2021-01-15,HI,HIA,Hawaii,1415872,154150,46958,10887,3317,39690,2803,7268,513,,,,,,,
1805,2021-01-15,IA,IAA,Iowa,3155070,269000,120983,8526,3835,108056,3425,10742,340,,,,,,,
1805,2021-01-15,ID,IDA,Idaho,1787065,160075,46636,8957,2610,37646,2107,8843,495,,,,,,,
1805,2021-01-15,IH2,IH2,Indian Health Svc,0,292700,90245,0,0,77309,0,12730,0,,,,,,,
1805,2021-01-15,IL,ILA,Illinois,12671821,1011225,437765,7980,3455,341518,2695,91248,720,,,,,,,
1805,2021-01-15,IN,INA,Indiana,6732219,642425,260310,9543,3867,222599,3306,37683,560,,,,,,,
1805,2021-01-15,KS,KSA,Kansas,2913314,263175,97779,9034,3356,83293,2859,13496,463,,,,,,,
1805,2021-01-15,KY,KYA,Kentucky,4467673,337450,174748,7553,3911,162733,3642,10672,239,,,,,,,
1805,2021-01-15,LA,LAA,Louisiana,4648794,370175,197967,7963,4258,167193,3596,30416,654,,,,,,,
1805,2021-01-15,MA,MAA,Massachusetts,6892503,669325,257175,9711,3731,222109,3222,34885,506,,,,,,,
1805,2021-01-15,MD,MDA,Maryland,6045680,565125,194705,9348,3221,178831,2958,15830,262,,,,,,,
1805,2021-01-15,ME,MEA,Maine,1344212,136875,61129,10183,4548,51631,3841,8274,616,,,,,,,
1805,2021-01-15,MH,MHA,Marshall Islands,58413,13600,658,23282,1126,632,1082,2,3,,,,,,,
1805,2021-01-15,MI,MIA,Michigan,9986857,773750,364182,7748,3647,312415,3128,48536,486,,,,,,,
1805,2021-01-15,MN,MNA,Minnesota,5639632,519600,198253,9213,3515,170273,3019,27799,493,,,,,,,
1805,2021-01-15,MO,MOA,Missouri,6137428,528800,190447,8616,3103,153664,2504,36525,595,,,,,,,
1805,2021-01-15,MP,MPA,Northern Mariana Islands,56882,18650,4909,32787,8630,3760,6610,1146,2015,,,,,,,
1805,2021-01-15,MS,MSA,Mississippi,2976149,233550,84328,7847,2833,75885,2550,8396,282,,,,,,,
1805,2021-01-15,MT,MTA,Montana,1068778,98500,49364,9216,4619,41160,3851,8193,767,,,,,,,
1805,2021-01-15,NC,NCA,North Carolina,10488084,999650,302824,9531,2887,259859,2478,42790,408,,,,,,,
1805,2021-01-15,ND,NDA,North Dakota,762062,68675,46410,9012,6090,38506,5053,7555,991,,,,,,,
1805,2021-01-15,NE,NEA,Nebraska,1934408,211500,91195,10934,4714,77734,4018,13050,675,,,,,,,
1805,2021-01-15,NH,NHA,New Hampshire,1359711,127225,62517,9357,4598,56797,4177,5700,419,,,,,,,
1805,2021-01-15,NJ,NJA,New Jersey,8882190,658800,317070,7417,3570,278956,3141,36741,414,,,,,,,
1805,2021-01-15,NM,NMA,New Mexico,2096829,204750,99305,9765,4736,80172,3823,18711,892,,,,,,,
1805,2021-01-15,NV,NVA,Nevada,3080156,211750,83674,6875,2717,67679,2197,15308,497,,,,,,,
1805,2021-01-15,NY,NYA,New York State,19453561,1884325,757466,9686,3894,671311,3451,73523,378,,,,,,,
1805,2021-01-15,OH,OHA,Ohio,11689100,968250,375428,8283,3212,361818,3095,13552,116,,,,,,,
1805,2021-01-15,OK,OKA,Oklahoma,3956971,424000,203410,10715,5141,173162,4376,28917,731,,,,,,,
1805,2021-01-15,OR,ORA,Oregon,4217737,335075,146153,7944,3465,133091,3156,12795,303,,,,,,,
1805,2021-01-15,PA,PAA,Pennsylvania,12801989,1075350,448151,8400,3501,380727,2974,66941,523,,,,,,,
1805,2021-01-15,PR,PRA,Puerto Rico,3193694,311325,104137,9748,3261,87512,2740,16360,512,,,,,,,
1805,2021-01-15,RI,RIA,Rhode Island,1059361,108425,47548,10235,4488,39381,3717,8156,770,,,,,,,
1805,2021-01-15,RP,RPA,Republic of Palau,17907,6000,1119,33506,6249,1118,6243,1,6,,,,,,,
1805,2021-01-15,SC,SCA,South Carolina,5148714,350550,121836,6808,2366,101722,1976,19477,378,,,,,,,
1805,2021-01-15,SD,SDA,South Dakota,884659,93675,57103,10589,6455,47389,5357,9666,1093,,,,,,,
1805,2021-01-15,TN,TNA,Tennessee,6829174,657550,303338,9629,4442,264912,3879,37800,554,,,,,,,
1805,2021-01-15,TX,TXA,Texas,28995881,2105600,1160242,7262,4001,1003412,3461,155660,537,,,,,,,
1805,2021-01-15,UT,UTA,Utah,3205958,268175,128210,8365,3999,114504,3572,10534,329,,,,,,,
1805,2021-01-15,VA,VAA,Virginia,8535519,852725,244234,9990,2861,214732,2516,28164,330,,,,,,,
1805,2021-01-15,VA2,VA2,Veterans Health,0,994425,317771,0,0,280461,0,36983,0,,,,,,,
1805,2021-01-15,VI,VIA,Virgin Islands,104680,11825,1631,11296,1558,1474,1408,157,150,,,,,,,
1805,2021-01-15,VT,VTA,Vermont,623989,74000,32470,11859,5204,28355,4544,4100,657,,,,,,,
1805,2021-01-15,WA,WAA,Washington,7614893,696175,242606,9142,3186,200682,2635,31581,415,,,,,,,
1805,2021-01-15,WI,WIA,Wisconsin,5822434,437900,169803,7521,2916,151387,2600,17108,294,,,,,,,
1805,2021-01-15,WV,WVA,West Virginia,1792147,205475,134207,11465,7489,113034,6307,21162,1181,,,,,,,
1805,2021-01-15,WY,WYA,Wyoming,578759,58775,22745,10155,3930,19931,3444,2803,484,,,,,,,
1805,2021-01-15,US,USA,United States,331996199,31161075,12279180,,,10595866,,1610524,,5122662,7153268,3250,,,,
1805,2021-01-15,LTC,LTC,Long Term Care,,,1384963,,,,,,,,,,,,,
1802,2021-01-14,AK,AKA,Alaska,731545,150450,42596,20566,5823,35508,4854,7013,959,,,,,,,
1802,2021-01-14,AL,ALA,Alabama,4903185,435350,92300,8879,1882,80480,1641,11699,239,,,,,,,
1802,2021-01-14,AR,ARA,Arkansas,3017804,297800,108316,9868,3589,90339,2994,16711,554,,,,,,,
1802,2021-01-14,AS,ASA,American Samoa,55689,10650,2971,19124,5335,2409,4326,562,1009,,,,,,,
1802,2021-01-14,AZ,AZA,Arizona,7278717,570625,173665,7840,2386,157397,2162,16234,223,,,,,,,
1802,2021-01-14,BP2,BP2,Bureau of Prisons,0,16450,16118,0,0,13997,0,2086,0,,,,,,,
1802,2021-01-14,CA,CAA,California,39512223,3540175,975293,8960,2468,801998,2030,170245,431,,,,,,,
1802,2021-01-14,CO,COA,Colorado,5758736,531775,254706,9234,4423,209300,3634,44087,766,,,,,,,
1802,2021-01-14,CT,CTA,Connecticut,3565287,328675,171897,9219,4821,156366,4386,14052,394,,,,,,,
1802,2021-01-14,DC,DCA,District of Columbia,705749,68325,36679,9681,5197,29927,4240,6741,955,,,,,,,
1802,2021-01-14,DD2,DD2,Dept of Defense,0,464775,179724,0,0,159851,0,16098,0,,,,,,,
1802,2021-01-14,DE,DEA,Delaware,973764,91250,31090,9371,3193,25649,2634,5354,550,,,,,,,
1802,2021-01-14,FL,FLA,Florida,21477737,1970875,774485,9176,3606,709002,3301,63802,297,,,,,,,
1802,2021-01-14,FM,FMA,Federated States of Micronesia,103643,9800,605,9456,584,604,583,1,1,,,,,,,
1802,2021-01-14,GA,GAA,Georgia,10617423,1010900,231305,9521,2179,204301,1924,22324,210,,,,,,,
1802,2021-01-14,GU,GUA,Guam,165768,34300,3791,20692,2287,3785,2283,0,0,,,,,,,
1802,2021-01-14,HI,HIA,Hawaii,1415872,154150,47985,10887,3389,0,0,0,0,,,,,,,
1802,2021-01-14,IA,IAA,Iowa,3155070,268025,112093,8495,3553,100805,3195,9113,289,,,,,,,
1802,2021-01-14,ID,IDA,Idaho,1787065,160075,42586,8957,2383,35179,1969,7276,407,,,,,,,
1802,2021-01-14,IH2,IH2,Indian Health Svc,0,291800,81726,0,0,69313,0,12228,0,,,,,,,
1802,2021-01-14,IL,ILA,Illinois,12671821,958125,403666,7561,3186,316876,2501,82269,649,,,,,,,
1802,2021-01-14,IN,INA,Indiana,6732219,630025,233488,9358,3468,203889,3029,29579,439,,,,,,,
1802,2021-01-14,KS,KSA,Kansas,2913314,263175,91565,9034,3143,77590,2663,13054,448,,,,,,,
1802,2021-01-14,KY,KYA,Kentucky,4467673,332375,155613,7440,3483,145320,3253,8994,201,,,,,,,
1802,2021-01-14,LA,LAA,Louisiana,4648794,370175,175811,7963,3782,149064,3207,26440,569,,,,,,,
1802,2021-01-14,MA,MAA,Massachusetts,6892503,669225,233476,9709,3387,204481,2967,28822,418,,,,,,,
1802,2021-01-14,MD,MDA,Maryland,6045680,564625,178056,9339,2945,165318,2734,12698,210,,,,,,,
1802,2021-01-14,ME,MEA,Maine,1344212,136875,61129,10183,4548,51631,3841,8274,616,,,,,,,
1802,2021-01-14,MH,MHA,Marshall Islands,58413,13600,649,23282,1111,623,1067,2,3,,,,,,,
1802,2021-01-14,MI,MIA,Michigan,9986857,773650,327235,7747,3277,286349,2867,37918,380,,,,,,,
1802,2021-01-14,MN,MNA,Minnesota,5639632,516800,179684,9164,3186,161507,2864,18011,319,,,,,,,
1802,2021-01-14,MO,MOA,Missouri,6137428,528300,175314,8608,2856,145521,2371,29546,481,,,,,,,
1802,2021-01-14,MP,MPA,Northern Mariana Islands,56882,18650,4598,32787,8083,3455,6074,1140,2004,,,,,,,
1802,2021-01-14,MS,MSA,Mississippi,2976149,219800,71848,7385,2414,64654,2172,7178,241,,,,,,,
1802,2021-01-14,MT,MTA,Montana,1068778,98500,46620,9216,4362,39103,3659,7508,702,,,,,,,
1802,2021-01-14,NC,NCA,North Carolina,10488084,969700,268212,9246,2557,233038,2222,35028,334,,,,,,,
1802,2021-01-14,ND,NDA,North Dakota,762062,68675,42774,9012,5613,35293,4631,7134,936,,,,,,,
1802,2021-01-14,NE,NEA,Nebraska,1934408,199800,84920,10329,4390,72079,3726,12442,643,,,,,,,
1802,2021-01-14,NH,NHA,New Hampshire,1359711,127225,58711,9357,4318,53780,3955,4915,361,,,,,,,
1802,2021-01-14,NJ,NJA,New Jersey,8882190,658800,263422,7417,2966,235152,2647,26939,303,,,,,,,
1802,2021-01-14,NM,NMA,New Mexico,2096829,204750,89415,9765,4264,73428,3502,15578,743,,,,,,,
1802,2021-01-14,NV,NVA,Nevada,3080156,210075,76844,6820,2495,62370,2025,13900,451,,,,,,,
1802,2021-01-14,NY,NYA,New York State,19453561,1872625,688576,9626,3540,617596,3175,58627,301,,,,,,,
1802,2021-01-14,OH,OHA,Ohio,11689100,967450,348424,8277,2981,338961,2900,9411,81,,,,,,,
1802,2021-01-14,OK,OKA,Oklahoma,3956971,399900,187266,10106,4733,160035,4044,26117,660,,,,,,,
1802,2021-01-14,OR,ORA,Oregon,4217737,335075,129796,7944,3077,119980,2845,9616,228,,,,,,,
1802,2021-01-14,PA,PAA,Pennsylvania,12801989,1065300,410414,8321,3206,353821,2764,56188,439,,,,,,,
1802,2021-01-14,PR,PRA,Puerto Rico,3193694,305475,94880,9565,2971,80310,2515,14317,448,,,,,,,
1802,2021-01-14,RI,RIA,Rhode Island,1059361,84125,44871,7941,4236,38000,3587,6860,648,,,,,,,
1802,2021-01-14,RP,RPA,Republic of Palau,17907,6000,766,33506,4278,765,4272,1,6,,,,,,,
1802,2021-01-14,SC,SCA,South Carolina,5148714,346150,115855,6723,2250,96231,1869,19004,369,,,,,,,
1802,2021-01-14,SD,SDA,South Dakota,884659,88375,54284,9990,6136,44721,5055,9516,1076,,,,,,,
1802,2021-01-14,TN,TNA,Tennessee,6829174,656550,264713,9614,3876,238943,3499,25213,369,,,,,,,
1802,2021-01-14,TX,TXA,Texas,28995881,2105600,1043624,7262,3599,917387,3164,125126,432,,,,,,,
1802,2021-01-14,UT,UTA,Utah,3205958,267975,115384,8359,3599,103833,3239,8439,263,,,,,,,
1802,2021-01-14,VA,VAA,Virginia,8535519,852725,217836,9990,2552,192918,2260,23689,278,,,,,,,
1802,2021-01-14,VA2,VA2,Veterans Health,0,941925,284697,0,0,252993,0,31397,0,,,,,,,
1802,2021-01-14,VI,VIA,Virgin Islands,104680,10750,1424,10269,1360,1267,1210,157,150,,,,,,,
1802,2021-01-14,VT,VTA,Vermont,623989,69800,29571,11186,4739,26603,4263,2958,474,,,,,,,
1802,2021-01-14,WA,WAA,Washington,7614893,655575,225238,8609,2958,187450,2462,27591,362,,,,,,,
1802,2021-01-14,WI,WIA,Wisconsin,5822434,437900,149955,7521,2575,135841,2333,12820,220,,,,,,,
1802,2021-01-14,WV,WVA,West Virginia,1792147,160975,118660,8982,6621,99061,5528,19588,1093,,,,,,,
1802,2021-01-14,WY,WYA,Wyoming,578759,58775,19776,10155,3417,17310,2991,2456,424,,,,,,,
1802,2021-01-14,US,USA,United States,331996199,30628175,11148991,,,9690757,,1342086,,4620722,6525252,3017,,,,
1802,2021-01-14,LTC,LTC,Long Term Care,,,1225493,,,,,,,,,,,,,
1800,2021-01-13,AK,AKA,Alaska,731545,149475,38680,20433,5287,24541,3355,,,,,,,,,
1800,2021-01-13,AL,ALA,Alabama,4903185,378975,84040,7729,1714,74792,1525,,,,,,,,,
1800,2021-01-13,AR,ARA,Arkansas,3017804,297800,94854,9868,3143,80458,2666,,,,,,,,,
1800,2021-01-13,AS,ASA,American Samoa,55689,10650,2577,19124,4627,1193,2142,,,,,,,,,
1800,2021-01-13,AZ,AZA,Arizona,7278717,569525,154745,7825,2126,104387,1434,,,,,,,,,
1800,2021-01-13,BP2,BP2,Bureau of Prisons,0,16050,15694,0,0,5395,0,,,,,,,,,
1800,2021-01-13,CA,CAA,California,39512223,3435650,891489,8695,2256,744545,1884,,,,,,,,,
1800,2021-01-13,CO,COA,Colorado,5758736,530800,239665,9217,4162,198227,3442,,,,,,,,,
1800,2021-01-13,CT,CTA,Connecticut,3565287,315025,161875,8836,4540,58920,1653,,,,,,,,,
1800,2021-01-13,DC,DCA,District of Columbia,705749,68325,33049,9681,4683,1957,277,,,,,,,,,
1800,2021-01-13,DD2,DD2,Dept of Defense,0,415500,139993,0,0,131610,0,,,,,,,,,
1800,2021-01-13,DE,DEA,Delaware,973764,91250,28413,9371,2918,16647,1710,,,,,,,,,
1800,2021-01-13,FL,FLA,Florida,21477737,1680200,705398,7823,3284,647330,3014,,,,,,,,,
1800,2021-01-13,FM,FMA,Federated States of Micronesia,103643,9800,565,9456,545,555,535,,,,,,,,,
1800,2021-01-13,GA,GAA,Georgia,10617423,1003975,198756,9456,1872,86105,811,,,,,,,,,
1800,2021-01-13,GU,GUA,Guam,165768,34300,3791,20692,2287,401,242,,,,,,,,,
1800,2021-01-13,HI,HIA,Hawaii,1415872,154150,36605,10887,2585,0,0,,,,,,,,,
1800,2021-01-13,IA,IAA,Iowa,3155070,264125,112093,8371,3553,101859,3228,,,,,,,,,
1800,2021-01-13,ID,IDA,Idaho,1787065,158125,38872,8848,2175,33176,1856,,,,,,,,,
1800,2021-01-13,IH2,IH2,Indian Health Svc,0,290900,74462,0,0,17240,0,,,,,,,,,
1800,2021-01-13,IL,ILA,Illinois,12671821,920225,365859,7262,2887,291445,2300,,,,,,,,,
1800,2021-01-13,IN,INA,Indiana,6732219,579050,211334,8601,3139,125763,1868,,,,,,,,,
1800,2021-01-13,KS,KSA,Kansas,2913314,261175,85650,8965,2940,58477,2007,,,,,,,,,
1800,2021-01-13,KY,KYA,Kentucky,4467673,329450,142436,7374,3188,111449,2495,,,,,,,,,
1800,2021-01-13,LA,LAA,Louisiana,4648794,369475,156186,7948,3360,127078,2734,,,,,,,,,
1800,2021-01-13,LTC,LTC,Long Term Care,0,4556575,1084177,0,0,1066689,0,,,,,,,,,
1800,2021-01-13,MA,MAA,Massachusetts,6892503,656850,217443,9530,3155,192619,2795,,,,,,,,,
1800,2021-01-13,MD,MDA,Maryland,6045680,561500,178056,9288,2945,162350,2685,,,,,,,,,
1800,2021-01-13,ME,MEA,Maine,1344212,136875,57248,10183,4259,39157,2913,,,,,,,,,
1800,2021-01-13,MH,MHA,Marshall Islands,58413,13600,649,23282,1111,633,1084,,,,,,,,,
1800,2021-01-13,MI,MIA,Michigan,9986857,772150,291519,7732,2919,259119,2595,,,,,,,,,
1800,2021-01-13,MN,MNA,Minnesota,5639632,511200,165355,9064,2932,154767,2744,,,,,,,,,
1800,2021-01-13,MO,MOA,Missouri,6137428,526425,161784,8577,2636,107939,1759,,,,,,,,,
1800,2021-01-13,MP,MPA,Northern Mariana Islands,56882,18650,4141,32787,7280,1141,2006,,,,,,,,,
1800,2021-01-13,MS,MSA,Mississippi,2976149,218825,61289,7353,2059,51588,1733,,,,,,,,,
1800,2021-01-13,MT,MTA,Montana,1068778,89550,44063,8379,4123,31886,2983,,,,,,,,,
1800,2021-01-13,NC,NCA,North Carolina,10488084,852000,266938,8124,2545,228686,2180,,,,,,,,,
1800,2021-01-13,ND,NDA,North Dakota,762062,66725,40728,8756,5344,34317,4503,,,,,,,,,
1800,2021-01-13,NE,NEA,Nebraska,1934408,199800,79699,10329,4120,69113,3573,,,,,,,,,
1800,2021-01-13,NH,NHA,New Hampshire,1359711,124300,55218,9142,4061,12722,936,,,,,,,,,
1800,2021-01-13,NJ,NJA,New Jersey,8882190,654900,262982,7373,2961,236053,2658,,,,,,,,,
1800,2021-01-13,NM,NMA,New Mexico,2096829,199525,81855,9516,3904,45873,2188,,,,,,,,,
1800,2021-01-13,NV,NVA,Nevada,3080156,207150,61653,6725,2002,31320,1017,,,,,,,,,
1800,2021-01-13,NY,NYA,New York State,19453561,1796850,632473,9237,3251,587865,3022,,,,,,,,,
1800,2021-01-13,OH,OHA,Ohio,11689100,957700,329318,8193,2817,329295,2817,,,,,,,,,
1800,2021-01-13,OK,OKA,Oklahoma,3956971,396975,172403,10032,4357,118786,3002,,,,,,,,,
1800,2021-01-13,OR,ORA,Oregon,4217737,325325,115075,7713,2728,107843,2557,,,,,,,,,
1800,2021-01-13,PA,PAA,Pennsylvania,12801989,1017475,379944,7948,2968,285938,2234,,,,,,,,,
1800,2021-01-13,PR,PRA,Puerto Rico,3193694,305475,84432,9565,2644,67475,2113,,,,,,,,,
1800,2021-01-13,RI,RIA,Rhode Island,1059361,82175,42028,7757,3967,36489,3444,,,,,,,,,
1800,2021-01-13,RP,RPA,Republic of Palau,17907,6000,725,33506,4049,725,4049,,,,,,,,,
1800,2021-01-13,SC,SCA,South Carolina,5148714,317450,99887,6166,1940,87584,1701,,,,,,,,,
1800,2021-01-13,SD,SDA,South Dakota,884659,88375,50712,9990,5732,42789,4837,,,,,,,,,
1800,2021-01-13,TN,TNA,Tennessee,6829174,598000,264713,8757,3876,150893,2210,,,,,,,,,
1800,2021-01-13,TX,TXA,Texas,28995881,1984225,978042,6843,3373,861072,2970,,,,,,,,,
1800,2021-01-13,US,USA,United States,331996199,29380125,10278462,8850,3096,8015434,2414,,,,,,,,,
1800,2021-01-13,UT,UTA,Utah,3205958,266025,104036,8298,3245,98010,3057,,,,,,,,,
1800,2021-01-13,VA,VAA,Virginia,8535519,845900,217836,9910,2552,0,0,,,,,,,,,
1800,2021-01-13,VA2,VA2,Veterans Health,0,941525,254377,0,0,227886,0,,,,,,,,,
1800,2021-01-13,VI,VIA,Virgin Islands,104680,9575,1195,9147,1142,0,0,,,,,,,,,
1800,2021-01-13,VT,VTA,Vermont,623989,69800,29571,11186,4739,0,0,,,,,,,,,
1800,2021-01-13,WA,WAA,Washington,7614893,572600,208238,7519,2735,169650,2228,,,,,,,,,
1800,2021-01-13,WI,WIA,Wisconsin,5822434,435900,137253,7487,2357,125895,2162,,,,,,,,,
1800,2021-01-13,WV,WVA,West Virginia,1792147,160975,110709,8982,6177,0,0,,,,,,,,,
1800,2021-01-13,WY,WYA,Wyoming,578759,57800,17794,9987,3075,14406,2489,,,,,,,,,
1798,2021-01-12,AK,AKA,Alaska,731545,141600,35838,19356,4899,22486,3074,5400,738,9526,26302,10,2,0.253,7952,1087
1798,2021-01-12,AL,ALA,Alabama,4903185,377025,78134,7689,1594,70861,1445,7270,148,34087,44047,0,2,0.207,3,0
1798,2021-01-12,AR,ARA,Arkansas,3017804,274400,40879,9093,1355,39357,1304,8,0,9623,31255,1,2,0.149,1514,50
1798,2021-01-12,AS,ASA,American Samoa,55689,10650,2124,19124,3814,842,1512,260,467,849,1275,0,2,0.199,1022,1835
1798,2021-01-12,AZ,AZA,Arizona,7278717,563025,141355,7735,1942,95141,1307,8343,115,47776,93553,26,2,0.251,37871,520
1798,2021-01-12,BP2,BP2,Bureau of Prisons,0,16050,14663,0,0,5199,0,1077,0,5312,9351,0,2,0.914,8387,0
1798,2021-01-12,CA,CAA,California,39512223,3286050,816301,8317,2066,703540,1781,100089,253,250289,566012,0,2,0.248,12672,32
1798,2021-01-12,CO,COA,Colorado,5758736,516750,224428,8973,3897,187838,3262,36425,633,102375,122028,25,2,0.434,165,3
1798,2021-01-12,CT,CTA,Connecticut,3565287,250775,151395,7034,4246,56350,1581,4174,117,82658,68737,0,2,0.604,90871,2549
1798,2021-01-12,DC,DCA,District of Columbia,705749,62725,29812,8888,4224,0,0,0,0,7425,22387,0,2,0.475,29812,4224
1798,2021-01-12,DD2,DD2,Dept of Defense,0,376150,139439,0,0,131056,0,8383,0,58044,80996,399,2,0.371,0,0
1798,2021-01-12,DE,DEA,Delaware,973764,88325,26410,9070,2712,15911,1634,2784,286,7245,19162,3,2,0.299,7715,792
1798,2021-01-12,FL,FLA,Florida,21477737,1676300,633440,7805,2949,586741,2732,41725,194,330409,302916,115,2,0.378,4974,23
1798,2021-01-12,FM,FMA,Federated States of Micronesia,103643,9800,424,9456,409,414,399,0,0,424,0,0,2,0.043,10,10
1798,2021-01-12,GA,GAA,Georgia,10617423,960975,170571,9051,1607,85110,802,7746,73,67103,103429,39,2,0.177,77715,732
1798,2021-01-12,GU,GUA,Guam,165768,26500,3791,15986,2287,401,242,0,0,0,3791,0,2,0.143,3390,2045
1798,2021-01-12,HI,HIA,Hawaii,1415872,141750,33483,10011,2365,0,0,0,0,7724,25759,0,2,0.236,0,0
1798,2021-01-12,IA,IAA,Iowa,3155070,208875,98691,6620,3128,91969,2915,6099,193,54085,44490,116,2,0.472,623,20
1798,2021-01-12,ID,IDA,Idaho,1787065,146750,35845,8212,2006,31504,1763,4308,241,14195,21633,17,2,0.244,33,2
1798,2021-01-12,IH2,IH2,Indian Health Svc,0,224425,68387,0,0,16105,0,236,0,32960,35427,0,2,0.305,52046,0
1798,2021-01-12,IL,ILA,Illinois,12671821,903100,347005,7127,2738,284035,2241,62757,495,98678,248295,32,2,0.384,213,2
1798,2021-01-12,IN,INA,Indiana,6732219,540475,191844,8028,2850,114781,1705,23546,350,54037,137791,16,2,0.355,53517,795
1798,2021-01-12,KS,KSA,Kansas,2913314,193175,78268,6631,2687,53988,1853,9577,329,34016,44252,0,2,0.405,14703,505
1798,2021-01-12,KY,KYA,Kentucky,4467673,329450,132114,7374,2957,102517,2295,6335,142,80929,51183,2,2,0.401,23262,521
1798,2021-01-12,LA,LAA,Louisiana,4648794,368300,142771,7922,3071,117022,2517,18314,394,36210,106420,141,2,0.388,7435,160
1798,2021-01-12,LTC,LTC,Long Term Care,0,4385175,951774,0,0,948869,0,2429,0,207094,738660,6020,2,0.217,476,0
1798,2021-01-12,MA,MAA,Massachusetts,6892503,476025,204082,6906,2961,184984,2684,19073,277,82460,121613,9,2,0.429,25,0
1798,2021-01-12,MD,MDA,Maryland,6045680,552800,146231,9144,2419,136576,2259,6663,110,72196,74017,18,2,0.265,2992,49
1798,2021-01-12,ME,MEA,Maine,1344212,132975,54945,9892,4088,38045,2830,4518,336,27104,27839,2,2,0.413,12382,921
1798,2021-01-12,MH,MHA,Marshall Islands,58413,13600,639,23282,1094,623,1067,1,2,639,0,0,2,0.047,15,26
1798,2021-01-12,MI,MIA,Michigan,9986857,768150,227685,7692,2280,207786,2081,19472,195,54628,173057,0,2,0.296,427,4
1798,2021-01-12,MN,MNA,Minnesota,5639632,453200,162240,8036,2877,152280,2700,9798,174,41843,120366,31,2,0.358,162,3
1798,2021-01-12,MO,MOA,Missouri,6137428,485175,161784,7905,2636,107939,1759,22155,361,32301,129462,21,2,0.333,31690,516
1798,2021-01-12,MP,MPA,Northern Mariana Islands,56882,18650,3722,32787,6543,1094,1923,331,582,11,3711,0,2,0.2,2297,4038
1798,2021-01-12,MS,MSA,Mississippi,2976149,212050,54544,7125,1833,45733,1537,4832,162,33744,20734,66,2,0.257,3979,134
1798,2021-01-12,MT,MTA,Montana,1068778,78350,42083,7331,3937,30887,2890,5843,547,20826,21237,20,2,0.537,5353,501
1798,2021-01-12,NC,NCA,North Carolina,10488084,836450,211610,7975,2018,189213,1804,19293,184,61839,149442,329,2,0.253,3104,30
1798,2021-01-12,ND,NDA,North Dakota,762062,53525,39479,7024,5181,33648,4415,5815,763,19047,20432,0,2,0.738,16,2
1798,2021-01-12,NE,NEA,Nebraska,1934408,177375,74439,9169,3848,65924,3408,8459,437,29807,44596,36,2,0.42,56,3
1798,2021-01-12,NH,NHA,New Hampshire,1359711,122350,50613,8998,3722,11615,854,5,0,26877,23709,27,2,0.414,38993,2868
1798,2021-01-12,NJ,NJA,New Jersey,8882190,654900,221045,7373,2489,206737,2328,14306,161,116686,103884,475,2,0.338,2,0
1798,2021-01-12,NM,NMA,New Mexico,2096829,177075,78235,8445,3731,43344,2067,11335,541,21279,56936,20,2,0.442,23556,1123
1798,2021-01-12,NV,NVA,Nevada,3080156,207150,61653,6725,2002,31320,1017,8761,284,27528,34125,0,2,0.298,21572,700
1798,2021-01-12,NY,NYA,New York State,19453561,1622100,579532,8338,2979,543014,2791,36422,187,253439,325997,96,2,0.357,96,0
1798,2021-01-12,OH,OHA,Ohio,11689100,866050,311890,7409,2668,311867,2668,0,0,216050,95802,38,2,0.36,23,0
1798,2021-01-12,OK,OKA,Oklahoma,3956971,381375,157843,9638,3989,109045,2756,17463,441,78898,78944,1,2,0.414,31335,792
1798,2021-01-12,OR,ORA,Oregon,4217737,321425,104610,7621,2480,99594,2361,4813,114,49061,55513,36,2,0.325,203,5
1798,2021-01-12,PA,PAA,Pennsylvania,12801989,974725,341948,7614,2671,266288,2080,10591,83,107673,234273,2,2,0.351,65069,508
1798,2021-01-12,PR,PRA,Puerto Rico,3193694,277200,74559,8680,2335,61486,1925,7666,240,22233,52115,211,2,0.269,5407,169
1798,2021-01-12,RI,RIA,Rhode Island,1059361,80225,39568,7573,3735,35385,3340,4141,391,17544,22024,0,2,0.493,42,4
1798,2021-01-12,RP,RPA,Republic of Palau,17907,6000,416,33506,2323,416,2323,0,0,416,0,0,2,0.069,0,0
1798,2021-01-12,SC,SCA,South Carolina,5148714,315950,81075,6136,1575,77042,1496,3954,77,14548,66487,40,2,0.257,79,2
1798,2021-01-12,SD,SDA,South Dakota,884659,83500,48698,9439,5505,41322,4671,7374,834,21594,27091,13,2,0.583,2,0
1798,2021-01-12,TN,TNA,Tennessee,6829174,485800,251257,7114,3679,143735,2105,17914,262,102279,148888,90,2,0.517,89608,1312
1798,2021-01-12,TX,TXA,Texas,28995881,1949125,911461,6722,3143,809148,2791,101317,349,451717,459744,0,2,0.468,996,3
1798,2021-01-12,US,USA,United States,331996199,27696150,9327138,8342,2809,7398897,2229,782228,236,3835859,5488697,2582,2,0.337,1112530,335
1798,2021-01-12,UT,UTA,Utah,3205958,256275,95225,7994,2970,90613,2826,4608,144,45019,50206,0,2,0.372,4,0
1798,2021-01-12,VA,VAA,Virginia,8535519,797150,190607,9339,2233,0,0,0,0,67593,123010,4,2,0.239,190607,2233
1798,2021-01-12,VA2,VA2,Veterans Health,0,885950,226754,0,0,207449,0,19301,0,106382,120372,0,2,0.256,4,0
1798,2021-01-12,VI,VIA,Virgin Islands,104680,9175,880,8765,841,0,0,0,0,409,471,0,2,0.096,880,841
1798,2021-01-12,VT,VTA,Vermont,623989,64925,25757,10405,4128,0,0,0,0,10959,14796,2,2,0.397,25757,4128
1798,2021-01-12,WA,WAA,Washington,7614893,567725,195567,7455,2568,162105,2129,17689,232,80765,114758,44,2,0.344,15773,207
1798,2021-01-12,WI,WIA,Wisconsin,5822434,429500,137253,7377,2357,125895,2162,11343,195,51326,85926,1,2,0.32,15,0
1798,2021-01-12,WV,WVA,West Virginia,1792147,160975,103330,8982,5766,0,0,0,0,36139,67191,0,2,0.642,103330,5766
1798,2021-01-12,WY,WYA,Wyoming,578759,47800,16467,8259,2845,13577,2346,2116,366,7021,9438,8,2,0.344,774,134
1796,2021-01-11,AK,AKA,Alaska,731545,132350,35027,18092,4788,,,,,9177,25840,10,2,0.265,,
1796,2021-01-11,AL,ALA,Alabama,4903185,326850,76528,6666,1561,,,,,33655,42873,0,2,0.234,,
1796,2021-01-11,AR,ARA,Arkansas,3017804,250200,40879,8291,1355,,,,,9623,31255,1,2,0.163,,
1796,2021-01-11,AS,ASA,American Samoa,55689,10650,2054,19124,3688,,,,,849,1205,0,2,0.193,,
1796,2021-01-11,AZ,AZA,Arizona,7278717,563025,137860,7735,1894,,,,,46718,91118,24,2,0.245,,
1796,2021-01-11,BP2,BP2,Bureau of Prisons,0,16050,13891,0,0,,,,,4892,8999,0,2,0.865,,
1796,2021-01-11,CA,CAA,California,39512223,2833400,782638,7171,1981,,,,,234176,548462,0,2,0.276,,
1796,2021-01-11,CO,COA,Colorado,5758736,416875,218185,7239,3789,,,,,100150,118011,24,2,0.523,,
1796,2021-01-11,CT,CTA,Connecticut,3565287,246875,147174,6924,4128,,,,,79809,67365,0,2,0.596,,
1796,2021-01-11,DC,DCA,District of Columbia,705749,60775,29228,8611,4141,,,,,7146,22082,0,2,0.481,,
1796,2021-01-11,DD2,DD2,Dept of Defense,0,353500,136557,0,0,,,,,55794,80364,399,2,0.386,,
1796,2021-01-11,DE,DEA,Delaware,973764,70650,25708,7255,2640,,,,,7212,18494,2,2,0.364,,
1796,2021-01-11,FL,FLA,Florida,21477737,1661675,633440,7737,2949,,,,,330409,302916,115,2,0.381,,
1796,2021-01-11,FM,FMA,Federated States of Micronesia,103643,9800,305,9456,294,,,,,305,0,0,2,0.031,,
1796,2021-01-11,GA,GAA,Georgia,10617423,770625,142909,7258,1346,,,,,54357,88521,31,2,0.185,,
1796,2021-01-11,GU,GUA,Guam,165768,19300,3791,11643,2287,,,,,0,3791,0,2,0.196,,
1796,2021-01-11,HI,HIA,Hawaii,1415872,115250,31462,8140,2222,,,,,6754,24708,0,2,0.273,,
1796,2021-01-11,IA,IAA,Iowa,3155070,208875,98691,6620,3128,,,,,54085,44490,116,2,0.472,,
1796,2021-01-11,ID,IDA,Idaho,1787065,108825,34713,6090,1942,,,,,13679,21017,17,2,0.319,,
1796,2021-01-11,IH2,IH2,Indian Health Svc,0,223450,65154,0,0,,,,,31424,33730,0,2,0.292,,
1796,2021-01-11,IL,ILA,Illinois,12671821,892075,331171,7040,2613,,,,,96236,234903,32,2,0.371,,
1796,2021-01-11,IN,INA,Indiana,6732219,522525,183356,7762,2724,,,,,49883,133458,15,2,0.351,,
1796,2021-01-11,KS,KSA,Kansas,2913314,192200,77217,6597,2650,,,,,33921,43296,0,2,0.402,,
1796,2021-01-11,KY,KYA,Kentucky,4467673,329450,132114,7374,2957,,,,,80929,51183,2,2,0.401,,
1796,2021-01-11,LA,LAA,Louisiana,4648794,361750,129591,7782,2788,,,,,34438,95029,124,2,0.358,,
1796,2021-01-11,LTC,LTC,Long Term Care,0,4239775,937028,0,0,,,,,203923,727085,6020,2,0.221,,
1796,2021-01-11,MA,MAA,Massachusetts,6892503,458600,197823,6654,2870,,,,,80762,117052,9,2,0.431,,
1796,2021-01-11,MD,MDA,Maryland,6045680,407800,146231,6745,2419,,,,,72196,74017,18,2,0.359,,
1796,2021-01-11,ME,MEA,Maine,1344212,108775,54945,8092,4088,,,,,27104,27839,2,2,0.505,,
1796,2021-01-11,MH,MHA,Marshall Islands,58413,7200,577,12326,988,,,,,577,0,0,2,0.08,,
1796,2021-01-11,MI,MIA,Michigan,9986857,765900,222379,7669,2227,,,,,53857,168522,0,2,0.29,,
1796,2021-01-11,MN,MNA,Minnesota,5639632,422450,157245,7491,2788,,,,,38492,118722,31,2,0.372,,
1796,2021-01-11,MO,MOA,Missouri,6137428,420000,150070,6843,2445,,,,,31362,118690,18,2,0.357,,
1796,2021-01-11,MP,MPA,Northern Mariana Islands,56882,18650,3477,32787,6113,,,,,11,3466,0,2,0.186,,
1796,2021-01-11,MS,MSA,Mississippi,2976149,192750,53347,6476,1792,,,,,33244,20037,66,2,0.277,,
1796,2021-01-11,MT,MTA,Montana,1068778,78350,41703,7331,3902,,,,,20801,20882,20,2,0.532,,
1796,2021-01-11,NC,NCA,North Carolina,10488084,820825,211572,7826,2017,,,,,61801,149442,329,2,0.258,,
1796,2021-01-11,ND,NDA,North Dakota,762062,53525,38868,7024,5100,,,,,18933,19935,0,2,0.726,,
1796,2021-01-11,NE,NEA,Nebraska,1934408,148275,74439,7665,3848,,,,,29807,44596,36,2,0.502,,
1796,2021-01-11,NH,NHA,New Hampshire,1359711,98150,49452,7218,3637,,,,,26359,23066,27,2,0.504,,
1796,2021-01-11,NJ,NJA,New Jersey,8882190,651000,220828,7329,2486,,,,,116686,103667,475,2,0.339,,
1796,2021-01-11,NM,NMA,New Mexico,2096829,170300,76773,8122,3661,,,,,20523,56230,20,2,0.451,,
1796,2021-01-11,NV,NVA,Nevada,3080156,205200,58651,6662,1904,,,,,27036,31615,0,2,0.286,,
1796,2021-01-11,NY,NYA,New York State,19453561,1410325,579532,7250,2979,,,,,253439,325997,96,2,0.411,,
1796,2021-01-11,OH,OHA,Ohio,11689100,751250,303522,6427,2597,,,,,210953,92531,38,2,0.404,,
1796,2021-01-11,OK,OKA,Oklahoma,3956971,310300,154337,7842,3900,,,,,77145,77191,1,2,0.497,,
1796,2021-01-11,OR,ORA,Oregon,4217737,316550,97024,7505,2300,,,,,45516,51472,36,2,0.307,,
1796,2021-01-11,PA,PAA,Pennsylvania,12801989,923975,305339,7217,2385,,,,,105326,200011,2,2,0.33,,
1796,2021-01-11,PR,PRA,Puerto Rico,3193694,246950,73418,7732,2299,,,,,21524,51683,211,2,0.297,,
1796,2021-01-11,RI,RIA,Rhode Island,1059361,80225,37707,7573,3559,,,,,16902,20805,0,2,0.47,,
1796,2021-01-11,RP,RPA,Republic of Palau,17907,6000,367,33506,2049,,,,,367,0,0,2,0.061,,
1796,2021-01-11,SC,SCA,South Carolina,5148714,311950,79057,6059,1535,,,,,12551,66466,40,2,0.253,,
1796,2021-01-11,SD,SDA,South Dakota,884659,68900,48225,7788,5451,,,,,21594,26618,13,2,0.7,,
1796,2021-01-11,TN,TNA,Tennessee,6829174,478500,243855,7007,3571,,,,,99524,144243,88,2,0.51,,
1796,2021-01-11,TX,TXA,Texas,28995881,1942300,852015,6699,2938,,,,,414763,437252,0,2,0.439,,
1796,2021-01-11,US,USA,United States,331996199,25480725,8987322,7675,2707,,,,,3696616,5288159,2547,2,0.353,,
1796,2021-01-11,UT,UTA,Utah,3205958,211575,70957,6599,2213,,,,,32448,38509,0,2,0.335,,
1796,2021-01-11,VA,VAA,Virginia,8535519,643625,190607,7541,2233,,,,,67593,123010,4,2,0.296,,
1796,2021-01-11,VA2,VA2,Veterans Health,0,804525,224109,0,0,,,,,105127,118982,0,2,0.279,,
1796,2021-01-11,VI,VIA,Virgin Islands,104680,7875,636,7523,608,,,,,295,341,0,2,0.081,,
1796,2021-01-11,VT,VTA,Vermont,623989,54250,25757,8694,4128,,,,,10959,14796,2,2,0.475,,
1796,2021-01-11,WA,WAA,Washington,7614893,565775,188215,7430,2472,,,,,77394,110777,44,2,0.333,,
1796,2021-01-11,WI,WIA,Wisconsin,5822434,418775,135261,7192,2323,,,,,50036,85224,1,2,0.323,,
1796,2021-01-11,WV,WVA,West Virginia,1792147,160975,96337,8982,5376,,,,,32369,63968,0,2,0.598,,
1796,2021-01-11,WY,WYA,Wyoming,578759,41375,13022,7149,2250,,,,,5619,7395,8,2,0.315,,
1795,2021-01-08,AK,AKA,Alaska,731545,93175,24562,12737,3358,,,,,5249,19303,10,1,0.264,,
1795,2021-01-08,AL,ALA,Alabama,4903185,283200,57105,5776,1165,,,,,23726,33379,0,1,0.202,,
1795,2021-01-08,AR,ARA,Arkansas,3017804,225100,40899,7459,1355,,,,,9623,31275,1,1,0.182,,
1795,2021-01-08,AS,ASA,American Samoa,55689,10650,1331,19124,2390,,,,,358,973,0,1,0.125,,
1795,2021-01-08,AZ,AZA,Arizona,7278717,453875,106288,6236,1460,,,,,29948,76325,15,1,0.234,,
1795,2021-01-08,BP2,BP2,Bureau of Prisons,0,14100,14909,0,0,,,,,4277,8724,1908,1,1.057,,
1795,2021-01-08,CA,CAA,California,39512223,2315325,584366,5860,1479,,,,,157458,426908,0,1,0.252,,
1795,2021-01-08,CO,COA,Colorado,5758736,381775,145164,6629,2521,,,,,68720,76428,16,1,0.38,,
1795,2021-01-08,CT,CTA,Connecticut,3565287,219125,116277,6146,3261,,,,,70464,45813,0,1,0.531,,
1795,2021-01-08,DC,DCA,District of Columbia,705749,49250,21681,6978,3072,,,,,4060,17621,0,1,0.44,,
1795,2021-01-08,DD2,DD2,Dept of Defense,0,347600,95482,0,0,,,,,36802,58281,399,1,0.275,,
1795,2021-01-08,DE,DEA,Delaware,973764,65350,18482,6711,1898,,,,,6113,12367,2,1,0.283,,
1795,2021-01-08,FL,FLA,Florida,21477737,1355775,402802,6312,1875,,,,,204927,197817,58,1,0.297,,
1795,2021-01-08,FM,FMA,Federated States of Micronesia,103643,9800,197,9456,190,,,,,197,0,0,1,0.02,,
1795,2021-01-08,GA,GAA,Georgia,10617423,687425,119118,6474,1122,,,,,44572,74517,29,1,0.173,,
1795,2021-01-08,GU,GUA,Guam,165768,19300,3791,11643,2287,,,,,0,3791,0,1,0.196,,
1795,2021-01-08,HI,HIA,Hawaii,1415872,95700,27375,6759,1933,,,,,6434,20941,0,1,0.286,,
1795,2021-01-08,IA,IAA,Iowa,3155070,191675,80621,6075,2555,,,,,47402,33219,0,1,0.421,,
1795,2021-01-08,ID,IDA,Idaho,1787065,108825,25335,6090,1418,,,,,9766,15556,13,1,0.233,,
1795,2021-01-08,IH2,IH2,Indian Health Svc,0,192850,58028,0,0,,,,,27703,30325,0,1,0.301,,
1795,2021-01-08,IL,ILA,Illinois,12671821,769700,234051,6074,1847,,,,,75362,158660,29,1,0.304,,
1795,2021-01-08,IN,INA,Indiana,6732219,430025,137933,6388,2049,,,,,33111,104813,9,1,0.321,,
1795,2021-01-08,KS,KSA,Kansas,2913314,191225,58841,6564,2020,,,,,26561,32280,0,1,0.308,,
1795,2021-01-08,KY,KYA,Kentucky,4467673,267750,94443,5993,2114,,,,,57240,37202,1,1,0.353,,
1795,2021-01-08,LA,LAA,Louisiana,4648794,299325,78608,6439,1691,,,,,18632,59902,74,1,0.263,,
1795,2021-01-08,LTC,LTC,Long Term Care,0,4060225,693246,0,0,,,,,134777,552449,6020,1,0.171,,
1795,2021-01-08,MA,MAA,Massachusetts,6892503,449625,151430,6523,2197,,,,,65469,85952,9,1,0.337,,
1795,2021-01-08,MD,MDA,Maryland,6045680,371425,114731,6144,1898,,,,,56461,58257,13,1,0.309,,
1795,2021-01-08,ME,MEA,Maine,1344212,96475,41429,7177,3082,,,,,21869,19559,1,1,0.429,,
1795,2021-01-08,MH,MHA,Marshall Islands,58413,7200,0,12326,0,,,,,0,0,0,1,0.0,,
1795,2021-01-08,MI,MIA,Michigan,9986857,662550,156251,6634,1565,,,,,34210,122041,0,1,0.236,,
1795,2021-01-08,MN,MNA,Minnesota,5639632,381325,110427,6762,1958,,,,,21915,88489,23,1,0.29,,
1795,2021-01-08,MO,MOA,Missouri,6137428,406150,124721,6618,2032,,,,,23812,100896,13,1,0.307,,
1795,2021-01-08,MP,MPA,Northern Mariana Islands,56882,18650,3101,32787,5452,,,,,11,3090,0,1,0.166,,
1795,2021-01-08,MS,MSA,Mississippi,2976149,159625,34406,5363,1156,,,,,18883,15457,66,1,0.216,,
1795,2021-01-08,MT,MTA,Montana,1068778,71950,31444,6732,2942,,,,,16561,14864,19,1,0.437,,
1795,2021-01-08,NC,NCA,North Carolina,10488084,649150,178136,6189,1698,,,,,54951,122856,329,1,0.274,,
1795,2021-01-08,ND,NDA,North Dakota,762062,43950,29954,5767,3931,,,,,15517,14437,0,1,0.682,,
1795,2021-01-08,NE,NEA,Nebraska,1934408,143700,68297,7429,3531,,,,,28385,39877,35,1,0.475,,
1795,2021-01-08,NH,NHA,New Hampshire,1359711,89375,41868,6573,3079,,,,,22391,19450,27,1,0.468,,
1795,2021-01-08,NJ,NJA,New Jersey,8882190,572250,156021,6443,1757,,,,,75662,79884,475,1,0.273,,
1795,2021-01-08,NM,NMA,New Mexico,2096829,145025,56366,6916,2688,,,,,13739,42614,13,1,0.389,,
1795,2021-01-08,NV,NVA,Nevada,3080156,187375,44656,6083,1450,,,,,19334,25322,0,1,0.238,,
1795,2021-01-08,NY,NYA,New York State,19453561,1208900,434802,6214,2235,,,,,180855,253856,91,1,0.36,,
1795,2021-01-08,OH,OHA,Ohio,11689100,646450,223424,5530,1911,,,,,155167,68235,22,1,0.346,,
1795,2021-01-08,OK,OKA,Oklahoma,3956971,297625,103020,7522,2604,,,,,45898,57121,1,1,0.346,,
1795,2021-01-08,OR,ORA,Oregon,4217737,262300,66933,6219,1587,,,,,29259,37646,28,1,0.255,,
1795,2021-01-08,PA,PAA,Pennsylvania,12801989,812550,226478,6347,1769,,,,,75433,151045,0,1,0.279,,
1795,2021-01-08,PR,PRA,Puerto Rico,3193694,237650,51428,7441,1610,,,,,10484,40735,209,1,0.216,,
1795,2021-01-08,RI,RIA,Rhode Island,1059361,72175,30264,6813,2857,,,,,14228,16036,0,1,0.419,,
1795,2021-01-08,RP,RPA,Republic of Palau,17907,2800,247,15636,1379,,,,,247,0,0,1,0.088,,
1795,2021-01-08,SC,SCA,South Carolina,5148714,256550,64729,4983,1257,,,,,7606,57092,31,1,0.252,,
1795,2021-01-08,SD,SDA,South Dakota,884659,67925,36890,7678,4170,,,,,18085,18792,13,1,0.543,,
1795,2021-01-08,TN,TNA,Tennessee,6829174,458100,196642,6708,2879,,,,,85035,111550,57,1,0.429,,
1795,2021-01-08,TX,TXA,Texas,28995881,1833350,618298,6323,2132,,,,,317156,301142,0,1,0.337,,
1795,2021-01-08,US,USA,United States,331996199,22137350,6688231,6668,2015,,,,,2690648,3993499,4084,1,0.302,,
1795,2021-01-08,UT,UTA,Utah,3205958,207500,71669,6472,2235,,,,,33160,38509,0,1,0.345,,
1795,2021-01-08,VA,VAA,Virginia,8535519,556625,150104,6521,1759,,,,,50713,99389,2,1,0.27,,
1795,2021-01-08,VA2,VA2,Veterans Health,0,617450,168159,0,0,,,,,78615,89544,0,1,0.272,,
1795,2021-01-08,VI,VIA,Virgin Islands,104680,7875,410,7523,392,,,,,188,222,0,1,0.052,,
1795,2021-01-08,VT,VTA,Vermont,623989,48550,22331,7781,3579,,,,,10106,12223,2,1,0.46,,
1795,2021-01-08,WA,WAA,Washington,7614893,518550,135097,6810,1774,,,,,53255,81810,32,1,0.261,,
1795,2021-01-08,WI,WIA,Wisconsin,5822434,323075,98373,5549,1690,,,,,31614,66758,1,1,0.304,,
1795,2021-01-08,WV,WVA,West Virginia,1792147,126275,87215,7046,4867,,,,,30964,56251,0,1,0.691,,
1795,2021-01-08,WY,WYA,Wyoming,578759,41375,10791,7149,1865,,,,,4705,6078,8,1,0.261,,
1788,2021-01-07,AK,AKA,Alaska,731545,87325,21830,11937,2984,,,,,4419,17402,9,1,0.25,,
1788,2021-01-07,AL,ALA,Alabama,4903185,245100,48888,4999,997,,,,,19028,29860,0,1,0.199,,
1788,2021-01-07,AR,ARA,Arkansas,3017804,212700,40899,7048,1355,,,,,9623,31275,1,1,0.192,,
1788,2021-01-07,AS,ASA,American Samoa,55689,8250,1161,14814,2085,,,,,189,972,0,1,0.141,,
1788,2021-01-07,AZ,AZA,Arizona,7278717,453275,88266,6227,1213,,,,,24158,64097,11,1,0.195,,
1788,2021-01-07,BP2,BP2,Bureau of Prisons,0,12800,11137,0,0,,,,,3136,6940,1061,1,0.87,,
1788,2021-01-07,CA,CAA,California,39512223,2314350,528173,5857,1337,,,,,130792,397381,0,1,0.228,,
1788,2021-01-07,CO,COA,Colorado,5758736,361375,130445,6275,2265,,,,,60235,70200,10,1,0.361,,
1788,2021-01-07,CT,CTA,Connecticut,3565287,219125,100889,6146,2830,,,,,60910,39979,0,1,0.46,,
1788,2021-01-07,DC,DCA,District of Columbia,705749,45950,19366,6511,2744,,,,,3226,16140,0,1,0.421,,
1788,2021-01-07,DD2,DD2,Dept of Defense,0,342625,82842,0,0,,,,,29709,52734,399,1,0.242,,
1788,2021-01-07,DE,DEA,Delaware,973764,64375,16677,6611,1713,,,,,5002,11674,1,1,0.259,,
1788,2021-01-07,FL,FLA,Florida,21477737,1355775,402802,6312,1875,,,,,204927,197817,58,1,0.297,,
1788,2021-01-07,FM,FMA,Federated States of Micronesia,103643,9800,100,9456,96,,,,,100,0,0,1,0.01,,
1788,2021-01-07,GA,GAA,Georgia,10617423,619250,103793,5832,978,,,,,35883,67885,25,1,0.168,,
1788,2021-01-07,GU,GUA,Guam,165768,19300,3791,11643,2287,,,,,0,3791,0,1,0.196,,
1788,2021-01-07,HI,HIA,Hawaii,1415872,95200,24558,6724,1734,,,,,5878,18680,0,1,0.258,,
1788,2021-01-07,IA,IAA,Iowa,3155070,191675,74224,6075,2353,,,,,43728,30496,0,1,0.387,,
1788,2021-01-07,ID,IDA,Idaho,1787065,104925,22822,5871,1277,,,,,8445,14367,10,1,0.218,,
1788,2021-01-07,IH2,IH2,Indian Health Svc,0,182125,49960,0,0,,,,,24350,25610,0,1,0.274,,
1788,2021-01-07,IL,ILA,Illinois,12671821,737125,213045,5817,1681,,,,,65383,147636,26,1,0.289,,
1788,2021-01-07,IN,INA,Indiana,6732219,409625,123835,6085,1839,,,,,25175,98654,6,1,0.302,,
1788,2021-01-07,KS,KSA,Kansas,2913314,191225,36538,6564,1254,,,,,16695,19843,0,1,0.191,,
1788,2021-01-07,KY,KYA,Kentucky,4467673,244350,94443,5469,2114,,,,,57240,37202,1,1,0.387,,
1788,2021-01-07,LA,LAA,Louisiana,4648794,298825,64664,6428,1391,,,,,13209,51381,74,1,0.216,,
1788,2021-01-07,LTC,LTC,Long Term Care,0,3770425,603313,0,0,,,,,112029,485264,6020,1,0.16,,
1788,2021-01-07,MA,MAA,Massachusetts,6892503,449025,137858,6515,2000,,,,,59177,78672,9,1,0.307,,
1788,2021-01-07,MD,MDA,Maryland,6045680,371425,100049,6144,1655,,,,,47046,52990,13,1,0.269,,
1788,2021-01-07,ME,MEA,Maine,1344212,96475,37128,7177,2762,,,,,19942,17185,1,1,0.385,,
1788,2021-01-07,MH,MHA,Marshall Islands,58413,7200,0,12326,0,,,,,0,0,0,1,0.0,,
1788,2021-01-07,MI,MIA,Michigan,9986857,662450,137887,6633,1381,,,,,26672,111215,0,1,0.208,,
1788,2021-01-07,MN,MNA,Minnesota,5639632,378425,97098,6710,1722,,,,,18039,79037,22,1,0.257,,
1788,2021-01-07,MO,MOA,Missouri,6137428,401050,113369,6534,1847,,,,,21032,92328,9,1,0.283,,
1788,2021-01-07,MP,MPA,Northern Mariana Islands,56882,18650,3090,32787,5432,,,,,0,3090,0,1,0.166,,
1788,2021-01-07,MS,MSA,Mississippi,2976149,159625,28356,5363,953,,,,,14750,13541,65,1,0.178,,
1788,2021-01-07,MT,MTA,Montana,1068778,69025,27693,6458,2591,,,,,14598,13076,19,1,0.401,,
1788,2021-01-07,NC,NCA,North Carolina,10488084,647450,139474,6173,1330,,,,,42673,96472,329,1,0.215,,
1788,2021-01-07,ND,NDA,North Dakota,762062,43950,27289,5767,3581,,,,,14496,12793,0,1,0.621,,
1788,2021-01-07,NE,NEA,Nebraska,1934408,132800,53548,6865,2768,,,,,22299,31216,33,1,0.403,,
1788,2021-01-07,NH,NHA,New Hampshire,1359711,77075,37369,5668,2748,,,,,20552,16790,27,1,0.485,,
1788,2021-01-07,NJ,NJA,New Jersey,8882190,572250,155458,6443,1750,,,,,75662,79321,475,1,0.272,,
1788,2021-01-07,NM,NMA,New Mexico,2096829,133125,48306,6349,2304,,,,,9881,38418,7,1,0.363,,
1788,2021-01-07,NV,NVA,Nevada,3080156,187375,39761,6083,1291,,,,,16643,23118,0,1,0.212,,
1788,2021-01-07,NY,NYA,New York State,19453561,1134800,353788,5833,1819,,,,,132348,221354,86,1,0.312,,
1788,2021-01-07,OH,OHA,Ohio,11689100,576250,175681,4930,1503,,,,,119064,56605,12,1,0.305,,
1788,2021-01-07,OK,OKA,Oklahoma,3956971,264000,85978,6672,2173,,,,,34820,51158,0,1,0.326,,
1788,2021-01-07,OR,ORA,Oregon,4217737,262100,61672,6214,1462,,,,,26305,35342,25,1,0.235,,
1788,2021-01-07,PA,PAA,Pennsylvania,12801989,789250,202498,6165,1582,,,,,64689,137809,0,1,0.257,,
1788,2021-01-07,PR,PRA,Puerto Rico,3193694,237650,51071,7441,1599,,,,,10216,40646,209,1,0.215,,
1788,2021-01-07,RI,RIA,Rhode Island,1059361,72175,27696,6813,2614,,,,,12573,15123,0,1,0.384,,
1788,2021-01-07,RP,RPA,Republic of Palau,17907,2800,247,15636,1379,,,,,247,0,0,1,0.088,,
1788,2021-01-07,SC,SCA,South Carolina,5148714,225850,58044,4387,1127,,,,,5675,52344,25,1,0.257,,
1788,2021-01-07,SD,SDA,South Dakota,884659,59900,33389,6771,3774,,,,,16586,16790,13,1,0.557,,
1788,2021-01-07,TN,TNA,Tennessee,6829174,454800,179811,6660,2633,,,,,75464,104304,43,1,0.395,,
1788,2021-01-07,TX,TXA,Texas,28995881,1676925,545658,5783,1882,,,,,274672,270986,0,1,0.325,,
1788,2021-01-07,US,USA,United States,331996199,21419800,5919418,6452,1783,,,,,2295546,3620722,3150,1,0.276,,
1788,2021-01-07,UT,UTA,Utah,3205958,191075,62662,5960,1955,,,,,28704,33958,0,1,0.328,,
1788,2021-01-07,VA,VAA,Virginia,8535519,556625,136924,6521,1604,,,,,45059,91863,2,1,0.246,,
1788,2021-01-07,VA2,VA2,Veterans Health,0,617450,149496,0,0,,,,,68473,81023,0,1,0.242,,
1788,2021-01-07,VI,VIA,Virgin Islands,104680,7775,318,7427,304,,,,,141,177,0,1,0.041,,
1788,2021-01-07,VT,VTA,Vermont,623989,48550,18740,7781,3003,,,,,8321,10418,1,1,0.386,,
1788,2021-01-07,WA,WAA,Washington,7614893,518550,121354,6810,1594,,,,,45562,75768,24,1,0.234,,
1788,2021-01-07,WI,WIA,Wisconsin,5822434,322775,82170,5544,1411,,,,,23030,59139,1,1,0.255,,
1788,2021-01-07,WV,WVA,West Virginia,1792147,126275,74016,7046,4130,,,,,24745,49271,0,1,0.586,,
1788,2021-01-07,WY,WYA,Wyoming,578759,40400,9324,6980,1611,,,,,3950,5366,8,1,0.231,,
1785,2021-01-06,AK,AKA,Alaska,731545,80300,20106,10977,2748,,,,,,,,1,,,
1785,2021-01-06,AL,ALA,Alabama,4903185,183900,43280,3751,883,,,,,,,,1,,,
1785,2021-01-06,AR,ARA,Arkansas,3017804,170700,40899,5656,1355,,,,,,,,1,,,
1785,2021-01-06,AS,ASA,American Samoa,55689,8250,1022,14814,1835,,,,,,,,1,,,
1785,2021-01-06,AZ,AZA,Arizona,7278717,419175,75683,5759,1040,,,,,,,,1,,,
1785,2021-01-06,BP2,BP2,Bureau of Prisons,0,12800,9391,0,0,,,,,,,,1,,,
1785,2021-01-06,CA,CAA,California,39512223,2057375,486087,5207,1230,,,,,,,,1,,,
1785,2021-01-06,CO,COA,Colorado,5758736,282400,122347,4904,2125,,,,,,,,1,,,
1785,2021-01-06,CT,CTA,Connecticut,3565287,149900,93056,4204,2610,,,,,,,,1,,,
1785,2021-01-06,DC,DCA,District of Columbia,705749,35475,17475,5027,2476,,,,,,,,1,,,
1785,2021-01-06,DD2,DD2,Dept of Defense,0,290600,74961,0,0,,,,,,,,1,,,
1785,2021-01-06,DE,DEA,Delaware,973764,53650,14835,5510,1523,,,,,,,,1,,,
1785,2021-01-06,FL,FLA,Florida,21477737,1152000,339032,5364,1579,,,,,,,,1,,,
1785,2021-01-06,FM,FMA,Federated States of Micronesia,103643,9800,30,9456,29,,,,,,,,1,,,
1785,2021-01-06,GA,GAA,Georgia,10617423,514925,89695,4850,845,,,,,,,,1,,,
1785,2021-01-06,GU,GUA,Guam,165768,19300,3791,11643,2287,,,,,,,,1,,,
1785,2021-01-06,HI,HIA,Hawaii,1415872,82500,22896,5827,1617,,,,,,,,1,,,
1785,2021-01-06,IA,IAA,Iowa,3155070,121475,66051,3850,2093,,,,,,,,1,,,
1785,2021-01-06,ID,IDA,Idaho,1787065,81525,20848,4562,1167,,,,,,,,1,,,
1785,2021-01-06,IH2,IH2,Indian Health Svc,0,176275,42841,0,0,,,,,,,,1,,,
1785,2021-01-06,IL,ILA,Illinois,12671821,542200,189660,4279,1497,,,,,,,,1,,,
1785,2021-01-06,IN,INA,Indiana,6732219,356025,111806,5288,1661,,,,,,,,1,,,
1785,2021-01-06,KS,KSA,Kansas,2913314,131750,31938,4522,1096,,,,,,,,1,,,
1785,2021-01-06,KY,KYA,Kentucky,4467673,174150,67673,3898,1515,,,,,,,,1,,,
1785,2021-01-06,LA,LAA,Louisiana,4648794,230125,54973,4950,1183,,,,,,,,1,,,
1785,2021-01-06,LTC,LTC,Long Term Care,0,3416875,511635,0,0,,,,,,,,1,,,
1785,2021-01-06,MA,MAA,Massachusetts,6892503,329000,124450,4773,1806,,,,,,,,1,,,
1785,2021-01-06,MD,MDA,Maryland,6045680,292450,87513,4837,1448,,,,,,,,1,,,
1785,2021-01-06,ME,MEA,Maine,1344212,70150,34201,5219,2544,,,,,,,,1,,,
1785,2021-01-06,MH,MHA,Marshall Islands,58413,1200,0,2054,0,,,,,,,,1,,,
1785,2021-01-06,MI,MIA,Michigan,9986857,480750,124689,4814,1249,,,,,,,,1,,,
1785,2021-01-06,MN,MNA,Minnesota,5639632,288850,97098,5122,1722,,,,,,,,1,,,
1785,2021-01-06,MO,MOA,Missouri,6137428,294850,105173,4804,1714,,,,,,,,1,,,
1785,2021-01-06,MP,MPA,Northern Mariana Islands,56882,18650,3090,32787,5432,,,,,,,,1,,,
1785,2021-01-06,MS,MSA,Mississippi,2976149,98650,24386,3315,819,,,,,,,,1,,,
1785,2021-01-06,MT,MTA,Montana,1068778,52450,24574,4907,2299,,,,,,,,1,,,
1785,2021-01-06,NC,NCA,North Carolina,10488084,498450,137198,4753,1308,,,,,,,,1,,,
1785,2021-01-06,ND,NDA,North Dakota,762062,40825,23642,5357,3102,,,,,,,,1,,,
1785,2021-01-06,NE,NEA,Nebraska,1934408,90875,36753,4698,1900,,,,,,,,1,,,
1785,2021-01-06,NH,NHA,New Hampshire,1359711,54650,33177,4019,2440,,,,,,,,1,,,
1785,2021-01-06,NJ,NJA,New Jersey,8882190,406500,137586,4577,1549,,,,,,,,1,,,
1785,2021-01-06,NM,NMA,New Mexico,2096829,106525,44766,5080,2135,,,,,,,,1,,,
1785,2021-01-06,NV,NVA,Nevada,3080156,142525,36874,4627,1197,,,,,,,,1,,,
1785,2021-01-06,NY,NYA,New York State,19453561,934925,311797,4806,1603,,,,,,,,1,,,
1785,2021-01-06,OH,OHA,Ohio,11689100,359800,175681,3078,1503,,,,,,,,1,,,
1785,2021-01-06,OK,OKA,Oklahoma,3956971,223050,72862,5637,1841,,,,,,,,1,,,
1785,2021-01-06,OR,ORA,Oregon,4217737,227000,55247,5382,1310,,,,,,,,1,,,
1785,2021-01-06,PA,PAA,Pennsylvania,12801989,656600,179354,5129,1401,,,,,,,,1,,,
1785,2021-01-06,PR,PRA,Puerto Rico,3193694,194050,51071,6076,1599,,,,,,,,1,,,
1785,2021-01-06,RI,RIA,Rhode Island,1059361,55600,25688,5248,2425,,,,,,,,1,,,
1785,2021-01-06,RP,RPA,Republic of Palau,17907,2800,120,15636,670,,,,,,,,1,,,
1785,2021-01-06,SC,SCA,South Carolina,5148714,146250,58044,2841,1127,,,,,,,,1,,,
1785,2021-01-06,SD,SDA,South Dakota,884659,45275,31267,5118,3534,,,,,,,,1,,,
1785,2021-01-06,TN,TNA,Tennessee,6829174,328500,166389,4810,2436,,,,,,,,1,,,
1785,2021-01-06,TX,TXA,Texas,28995881,1375800,489003,4745,1686,,,,,,,,1,,,
1785,2021-01-06,US,USA,United States,331996199,17288950,5306797,5208,1598,,,,,,,,1,,,
1785,2021-01-06,UT,UTA,Utah,3205958,161825,56313,5048,1757,,,,,,,,1,,,
1785,2021-01-06,VA,VAA,Virginia,8535519,481550,117240,5642,1374,,,,,,,,1,,,
1785,2021-01-06,VA2,VA2,Veterans Health,0,617450,133450,0,0,,,,,,,,1,,,
1785,2021-01-06,VI,VIA,Virgin Islands,104680,7675,283,7332,270,,,,,,,,1,,,
1785,2021-01-06,VT,VTA,Vermont,623989,37825,18740,6062,3003,,,,,,,,1,,,
1785,2021-01-06,WA,WAA,Washington,7614893,403500,104975,5299,1379,,,,,,,,1,,,
1785,2021-01-06,WI,WIA,Wisconsin,5822434,266675,73213,4580,1257,,,,,,,,1,,,
1785,2021-01-06,WV,WVA,West Virginia,1792147,126275,62154,7046,3468,,,,,,,,1,,,
1785,2021-01-06,WY,WYA,Wyoming,578759,32600,8360,5633,1444,,,,,,,,1,,,
1783,2021-01-05,AK,AKA,Alaska,731545,76200,19050,10416,2604,,,,,,,,1,,,
1783,2021-01-05,AL,ALA,Alabama,4903185,172000,40278,3508,821,,,,,,,,1,,,
1783,2021-01-05,AR,ARA,Arkansas,3017804,152175,40899,5043,1355,,,,,,,,1,,,
1783,2021-01-05,AS,ASA,American Samoa,55689,8250,1022,14814,1835,,,,,,,,1,,,
1783,2021-01-05,AZ,AZA,Arizona,7278717,419175,68707,5759,944,,,,,,,,1,,,
1783,2021-01-05,BP2,BP2,Bureau of Prisons,0,12800,8700,0,0,,,,,,,,1,,,
1783,2021-01-05,CA,CAA,California,39512223,2039100,456980,5161,1157,,,,,,,,1,,,
1783,2021-01-05,CO,COA,Colorado,5758736,281900,114555,4895,1989,,,,,,,,1,,,
1783,2021-01-05,CT,CTA,Connecticut,3565287,149900,81970,4204,2299,,,,,,,,1,,,
1783,2021-01-05,DC,DCA,District of Columbia,705749,35475,15853,5027,2246,,,,,,,,1,,,
1783,2021-01-05,DD2,DD2,Dept of Defense,0,270125,67766,0,0,,,,,,,,1,,,
1783,2021-01-05,DE,DEA,Delaware,973764,53650,13962,5510,1434,,,,,,,,1,,,
1783,2021-01-05,FL,FLA,Florida,21477737,1152000,264512,5364,1232,,,,,,,,1,,,
1783,2021-01-05,FM,FMA,Federated States of Micronesia,103643,9800,30,9456,29,,,,,,,,1,,,
1783,2021-01-05,GA,GAA,Georgia,10617423,493625,80459,4649,758,,,,,,,,1,,,
1783,2021-01-05,GU,GUA,Guam,165768,19300,3791,11643,2287,,,,,,,,1,,,
1783,2021-01-05,HI,HIA,Hawaii,1415872,82500,20893,5827,1476,,,,,,,,1,,,
1783,2021-01-05,IA,IAA,Iowa,3155070,120175,60137,3809,1906,,,,,,,,1,,,
1783,2021-01-05,ID,IDA,Idaho,1787065,81525,19575,4562,1095,,,,,,,,1,,,
1783,2021-01-05,IH2,IH2,Indian Health Svc,0,175300,38053,0,0,,,,,,,,1,,,
1783,2021-01-05,IL,ILA,Illinois,12671821,538300,176586,4248,1394,,,,,,,,1,,,
1783,2021-01-05,IN,INA,Indiana,6732219,355825,100487,5285,1493,,,,,,,,1,,,
1783,2021-01-05,KS,KSA,Kansas,2913314,131750,20158,4522,692,,,,,,,,1,,,
1783,2021-01-05,KY,KYA,Kentucky,4467673,174150,61408,3898,1374,,,,,,,,1,,,
1783,2021-01-05,LA,LAA,Louisiana,4648794,230125,49693,4950,1069,,,,,,,,1,,,
1783,2021-01-05,LTC,LTC,Long Term Care,0,3260775,429066,0,0,,,,,,,,1,,,
1783,2021-01-05,MA,MAA,Massachusetts,6892503,328900,114465,4772,1661,,,,,,,,1,,,
1783,2021-01-05,MD,MDA,Maryland,6045680,291750,77274,4826,1278,,,,,,,,1,,,
1783,2021-01-05,ME,MEA,Maine,1344212,70150,32150,5219,2392,,,,,,,,1,,,
1783,2021-01-05,MH,MHA,Marshall Islands,58413,1200,0,2054,0,,,,,,,,1,,,
1783,2021-01-05,MI,MIA,Michigan,9986857,478800,99040,4794,992,,,,,,,,1,,,
1783,2021-01-05,MN,MNA,Minnesota,5639632,271375,86329,4812,1531,,,,,,,,1,,,
1783,2021-01-05,MO,MOA,Missouri,6137428,286075,98589,4661,1606,,,,,,,,1,,,
1783,2021-01-05,MP,MPA,Northern Mariana Islands,56882,14050,3083,24700,5420,,,,,,,,1,,,
1783,2021-01-05,MS,MSA,Mississippi,2976149,97450,22174,3274,745,,,,,,,,1,,,
1783,2021-01-05,MT,MTA,Montana,1068778,52450,23526,4907,2201,,,,,,,,1,,,
1783,2021-01-05,NC,NCA,North Carolina,10488084,498450,121881,4753,1162,,,,,,,,1,,,
1783,2021-01-05,ND,NDA,North Dakota,762062,40825,22358,5357,2934,,,,,,,,1,,,
1783,2021-01-05,NE,NEA,Nebraska,1934408,90875,36753,4698,1900,,,,,,,,1,,,
1783,2021-01-05,NH,NHA,New Hampshire,1359711,53675,30035,3948,2209,,,,,,,,1,,,
1783,2021-01-05,NJ,NJA,New Jersey,8882190,390900,120947,4401,1362,,,,,,,,1,,,
1783,2021-01-05,NM,NMA,New Mexico,2096829,106425,42380,5076,2021,,,,,,,,1,,,
1783,2021-01-05,NV,NVA,Nevada,3080156,142525,34549,4627,1122,,,,,,,,1,,,
1783,2021-01-05,NY,NYA,New York State,19453561,934925,299428,4806,1539,,,,,,,,1,,,
1783,2021-01-05,OH,OHA,Ohio,11689100,359800,163130,3078,1396,,,,,,,,1,,,
1783,2021-01-05,OK,OKA,Oklahoma,3956971,218175,63090,5514,1594,,,,,,,,1,,,
1783,2021-01-05,OR,ORA,Oregon,4217737,226700,51283,5375,1216,,,,,,,,1,,,
1783,2021-01-05,PA,PAA,Pennsylvania,12801989,625400,164552,4885,1285,,,,,,,,1,,,
1783,2021-01-05,PR,PRA,Puerto Rico,3193694,172600,45368,5404,1421,,,,,,,,1,,,
1783,2021-01-05,RI,RIA,Rhode Island,1059361,55600,23151,5248,2185,,,,,,,,1,,,
1783,2021-01-05,RP,RPA,Republic of Palau,17907,2800,120,15636,670,,,,,,,,1,,,
1783,2021-01-05,SC,SCA,South Carolina,5148714,146250,61797,2841,1200,,,,,,,,1,,,
1783,2021-01-05,SD,SDA,South Dakota,884659,44300,28581,5008,3231,,,,,,,,1,,,
1783,2021-01-05,TN,TNA,Tennessee,6829174,328500,154184,4810,2258,,,,,,,,1,,,
1783,2021-01-05,TX,TXA,Texas,28995881,1371125,451210,4729,1556,,,,,,,,1,,,
1783,2021-01-05,US,USA,United States,331996199,17020575,4836469,5127,1457,,,,,,,,1,,,
1783,2021-01-05,UT,UTA,Utah,3205958,157925,49456,4926,1543,,,,,,,,1,,,
1783,2021-01-05,VA,VAA,Virginia,8535519,481550,126363,5642,1480,,,,,,,,1,,,
1783,2021-01-05,VA2,VA2,Veterans Health,0,584300,118952,0,0,,,,,,,,1,,,
1783,2021-01-05,VI,VIA,Virgin Islands,104680,6600,231,6305,221,,,,,,,,1,,,
1783,2021-01-05,VT,VTA,Vermont,623989,33925,15955,5437,2557,,,,,,,,1,,,
1783,2021-01-05,WA,WAA,Washington,7614893,395500,96845,5194,1272,,,,,,,,1,,,
1783,2021-01-05,WI,WIA,Wisconsin,5822434,266675,67398,4580,1158,,,,,,,,1,,,
1783,2021-01-05,WV,WVA,West Virginia,1792147,126275,56664,7046,3162,,,,,,,,1,,,
1783,2021-01-05,WY,WYA,Wyoming,578759,30650,7654,5296,1322,,,,,,,,1,,,
