date,state,positive,negative,pending,hospitalized,death,total,dateChecked,totalTestResults,deathIncrease,hospitalizedIncrease,negativeIncrease,positiveIncrease,totalTestResultsIncrease
20200325,AK,42.0,1649.0,,1.0,1.0,1691,2020-03-25T20:00:00Z,1691,1.0,1.0,663.0,6.0,669.0
20200325,AL,283.0,2529.0,,,0.0,2812,2020-03-25T20:00:00Z,2812,0.0,0.0,423.0,68.0,491.0
20200325,AR,280.0,1437.0,0.0,22.0,2.0,1717,2020-03-25T20:00:00Z,1717,2.0,0.0,490.0,62.0,552.0
20200325,AS,0.0,,,,0.0,0,2020-03-25T20:00:00Z,0,0.0,0.0,0.0,0.0,0.0
20200325,AZ,450.0,323.0,53.0,8.0,6.0,826,2020-03-25T20:00:00Z,773,1.0,0.0,10.0,93.0,103.0
20200325,CA,2102.0,13452.0,12100.0,,40.0,27654,2020-03-25T20:00:00Z,15554,0.0,0.0,0.0,0.0,0.0
20200325,CO,912.0,6789.0,,84.0,11.0,7701,2020-03-25T20:00:00Z,7701,4.0,12.0,1285.0,192.0,1477.0
20200325,CT,875.0,5023.0,,113.0,19.0,5898,2020-03-25T20:00:00Z,5898,7.0,42.0,341.0,257.0,598.0
20200325,DC,183.0,1423.0,3.0,,2.0,1609,2020-03-25T20:00:00Z,1606,0.0,0.0,228.0,46.0,274.0
20200325,DE,115.0,36.0,,11.0,0.0,151,2020-03-25T20:00:00Z,151,0.0,11.0,0.0,24.0,24.0
20200325,FL,1682.0,15374.0,1233.0,316.0,22.0,18289,2020-03-25T20:00:00Z,17056,4.0,57.0,2247.0,270.0,2517.0
20200325,GA,1247.0,4932.0,,394.0,40.0,6179,2020-03-25T20:00:00Z,6179,8.0,394.0,474.0,221.0,695.0
20200325,GU,37.0,233.0,,10.0,1.0,270,2020-03-25T20:00:00Z,270,0.0,5.0,32.0,5.0,37.0
20200325,HI,90.0,4357.0,,6.0,1.0,4447,2020-03-25T20:00:00Z,4447,0.0,2.0,768.0,13.0,781.0
20200325,IA,145.0,2578.0,,36.0,1.0,2723,2020-03-25T20:00:00Z,2723,1.0,9.0,263.0,21.0,284.0
20200325,ID,73.0,1887.0,,,0.0,1960,2020-03-25T20:00:00Z,1960,0.0,0.0,0.0,23.0,23.0
20200325,IL,1865.0,12344.0,,,19.0,14209,2020-03-25T20:00:00Z,14209,3.0,0.0,2410.0,314.0,2724.0
20200325,IN,477.0,2879.0,,1.0,14.0,3356,2020-03-25T20:00:00Z,3356,2.0,0.0,313.0,112.0,425.0
20200325,KS,126.0,2360.0,,,3.0,2486,2020-03-25T20:00:00Z,2486,1.0,0.0,274.0,28.0,302.0
20200325,KY,157.0,2865.0,,,4.0,3022,2020-03-25T20:00:00Z,3022,0.0,0.0,1123.0,33.0,1156.0
20200325,LA,1795.0,9656.0,,491.0,65.0,11451,2020-03-25T20:00:00Z,11451,19.0,220.0,2441.0,407.0,2848.0
20200325,MA,1838.0,17956.0,,103.0,15.0,19794,2020-03-25T20:00:00Z,19794,4.0,9.0,5366.0,679.0,6045.0
20200325,MD,423.0,94.0,,,4.0,517,2020-03-25T20:00:00Z,517,1.0,0.0,0.0,74.0,74.0
20200325,ME,149.0,3177.0,,,,3326,2020-03-25T20:00:00Z,3326,0.0,0.0,163.0,24.0,187.0
20200325,MI,2294.0,2069.0,,,43.0,4363,2020-03-25T20:00:00Z,4363,19.0,0.0,0.0,503.0,503.0
20200325,MN,287.0,11188.0,,35.0,1.0,11475,2020-03-25T20:00:00Z,11475,0.0,14.0,5638.0,25.0,5663.0
20200325,MO,356.0,369.0,,,8.0,725,2020-03-25T20:00:00Z,725,5.0,0.0,0.0,173.0,173.0
20200325,MP,0.0,,,,0.0,0,2020-03-25T20:00:00Z,0,0.0,0.0,0.0,0.0,0.0
20200325,MS,377.0,1566.0,,117.0,2.0,1943,2020-03-25T20:00:00Z,1943,1.0,31.0,14.0,57.0,71.0
20200325,MT,53.0,1948.0,,,,2001,2020-03-25T20:00:00Z,2001,0.0,0.0,305.0,7.0,312.0
20200325,NC,504.0,9985.0,,29.0,1.0,10489,2020-03-25T20:00:00Z,10489,1.0,29.0,1844.0,106.0,1950.0
20200325,ND,39.0,1734.0,,8.0,0.0,1773,2020-03-25T20:00:00Z,1773,0.0,3.0,280.0,5.0,285.0
20200325,NE,61.0,1304.0,,,0.0,1365,2020-03-25T20:00:00Z,1365,0.0,0.0,329.0,9.0,338.0
20200325,NH,108.0,2356.0,804.0,13.0,1.0,3268,2020-03-25T20:00:00Z,2464,0.0,2.0,909.0,7.0,916.0
20200325,NJ,4402.0,10452.0,,,62.0,14854,2020-03-25T20:00:00Z,14854,18.0,0.0,2127.0,727.0,2854.0
20200325,NM,100.0,6742.0,,,1.0,6842,2020-03-25T20:00:00Z,6842,1.0,0.0,852.0,17.0,869.0
20200325,NV,321.0,4251.0,0.0,,6.0,4572,2020-03-25T20:00:00Z,4572,2.0,0.0,297.0,43.0,340.0
20200325,NY,30811.0,72668.0,,3805.0,285.0,103479,2020-03-25T20:00:00Z,103479,75.0,571.0,7063.0,5146.0,12209.0
20200325,OH,704.0,14060.0,,182.0,10.0,14764,2020-03-25T20:00:00Z,14764,2.0,37.0,13920.0,140.0,14060.0
20200325,OK,164.0,805.0,,59.0,5.0,969,2020-03-25T20:00:00Z,969,2.0,34.0,70.0,58.0,128.0
20200325,OR,209.0,4350.0,,61.0,8.0,4559,2020-03-25T20:00:00Z,4559,0.0,0.0,0.0,0.0,0.0
20200325,PA,1127.0,11193.0,,,11.0,12320,2020-03-25T20:00:00Z,12320,4.0,0.0,2550.0,276.0,2826.0
20200325,PR,51.0,317.0,70.0,,2.0,438,2020-03-25T20:00:00Z,368,0.0,0.0,49.0,12.0,61.0
20200325,RI,124.0,1143.0,196.0,16.0,,1463,2020-03-25T20:00:00Z,1267,0.0,16.0,23.0,18.0,41.0
20200325,SC,424.0,2303.0,,102.0,7.0,2727,2020-03-25T20:00:00Z,2727,2.0,102.0,291.0,126.0,417.0
20200325,SD,41.0,819.0,268.0,,1.0,1128,2020-03-25T20:00:00Z,860,0.0,0.0,29.0,11.0,40.0
20200325,TN,784.0,11012.0,,53.0,3.0,11796,2020-03-25T20:00:00Z,11796,1.0,53.0,495.0,117.0,612.0
20200325,TX,974.0,12520.0,,,12.0,13494,2020-03-25T20:00:00Z,13494,3.0,0.0,1763.0,564.0,2327.0
20200325,UT,346.0,6491.0,,,1.0,6837,2020-03-25T20:00:00Z,6837,0.0,0.0,967.0,47.0,1014.0
20200325,VA,391.0,4979.0,,59.0,9.0,5370,2020-03-25T20:00:00Z,5370,2.0,14.0,799.0,101.0,900.0
20200325,VI,17.0,55.0,2.0,,0.0,74,2020-03-25T20:00:00Z,72,0.0,0.0,55.0,0.0,55.0
20200325,VT,123.0,1589.0,,,8.0,1712,2020-03-25T20:00:00Z,1712,1.0,0.0,149.0,28.0,177.0
20200325,WA,2469.0,31712.0,,,123.0,34181,2020-03-25T20:00:00Z,34181,13.0,0.0,0.0,248.0,248.0
20200325,WI,585.0,10089.0,,,7.0,10674,2020-03-25T20:00:00Z,10674,2.0,0.0,1852.0,128.0,1980.0
20200325,WV,39.0,759.0,6.0,1.0,0.0,804,2020-03-25T20:00:00Z,798,0.0,0.0,149.0,19.0,168.0
20200325,WY,44.0,954.0,,,,998,2020-03-25T20:00:00Z,998,0.0,0.0,244.0,15.0,259.0
20200324,AK,36.0,986.0,,0.0,,1022,2020-03-24T20:00:00Z,1022,0.0,0.0,40.0,14.0,54.0
20200324,AL,215.0,2106.0,,,0.0,2321,2020-03-24T20:00:00Z,2321,0.0,0.0,441.0,48.0,489.0
20200324,AR,218.0,947.0,0.0,22.0,0.0,1165,2020-03-24T20:00:00Z,1165,0.0,9.0,41.0,44.0,85.0
20200324,AS,0.0,,,,0.0,0,2020-03-24T20:00:00Z,0,0.0,0.0,0.0,0.0,0.0
20200324,AZ,357.0,313.0,22.0,8.0,5.0,692,2020-03-24T20:00:00Z,670,3.0,8.0,4.0,92.0,96.0
20200324,CA,2102.0,13452.0,12100.0,,40.0,27654,2020-03-24T20:00:00Z,15554,13.0,0.0,885.0,369.0,1254.0
20200324,CO,720.0,5504.0,,72.0,7.0,6224,2020-03-24T20:00:00Z,6224,1.0,14.0,659.0,129.0,788.0
20200324,CT,618.0,4682.0,,71.0,12.0,5300,2020-03-24T20:00:00Z,5300,2.0,17.0,597.0,203.0,800.0
20200324,DC,137.0,1195.0,2.0,,2.0,1334,2020-03-24T20:00:00Z,1332,0.0,0.0,82.0,21.0,103.0
20200324,DE,91.0,36.0,,0.0,0.0,127,2020-03-24T20:00:00Z,127,0.0,0.0,0.0,23.0,23.0
20200324,FL,1412.0,13127.0,1008.0,259.0,18.0,15547,2020-03-24T20:00:00Z,14539,4.0,42.0,2064.0,241.0,2305.0
20200324,GA,1026.0,4458.0,,,32.0,5484,2020-03-24T20:00:00Z,5484,7.0,0.0,161.0,254.0,415.0
20200324,GU,32.0,201.0,,5.0,1.0,233,2020-03-24T20:00:00Z,233,0.0,5.0,40.0,3.0,43.0
20200324,HI,77.0,3589.0,,4.0,1.0,3666,2020-03-24T20:00:00Z,3666,1.0,4.0,634.0,21.0,655.0
20200324,IA,124.0,2315.0,,27.0,,2439,2020-03-24T20:00:00Z,2439,0.0,27.0,272.0,19.0,291.0
20200324,ID,50.0,1887.0,,,0.0,1937,2020-03-24T20:00:00Z,1937,0.0,0.0,578.0,3.0,581.0
20200324,IL,1551.0,9934.0,,,16.0,11485,2020-03-24T20:00:00Z,11485,4.0,0.0,1351.0,266.0,1617.0
20200324,IN,365.0,2566.0,,1.0,12.0,2931,2020-03-24T20:00:00Z,2931,5.0,0.0,865.0,106.0,971.0
20200324,KS,98.0,2086.0,,,2.0,2184,2020-03-24T20:00:00Z,2184,0.0,0.0,1669.0,16.0,1685.0
20200324,KY,124.0,1742.0,,,4.0,1866,2020-03-24T20:00:00Z,1866,1.0,0.0,-20.0,20.0,0.0
20200324,LA,1388.0,7215.0,,271.0,46.0,8603,2020-03-24T20:00:00Z,8603,12.0,271.0,2439.0,216.0,2655.0
20200324,MA,1159.0,12590.0,,94.0,11.0,13749,2020-03-24T20:00:00Z,13749,2.0,15.0,4445.0,382.0,4827.0
20200324,MD,349.0,94.0,,,3.0,443,2020-03-24T20:00:00Z,443,0.0,0.0,0.0,61.0,61.0
20200324,ME,125.0,3014.0,,,,3139,2020-03-24T20:00:00Z,3139,0.0,0.0,223.0,18.0,241.0
20200324,MI,1791.0,2069.0,,,24.0,3860,2020-03-24T20:00:00Z,3860,9.0,0.0,0.0,463.0,463.0
20200324,MN,262.0,5550.0,,21.0,1.0,5812,2020-03-24T20:00:00Z,5812,0.0,4.0,1039.0,27.0,1066.0
20200324,MO,183.0,369.0,,,3.0,552,2020-03-24T20:00:00Z,552,0.0,0.0,0.0,0.0,0.0
20200324,MP,0.0,,,,0.0,0,2020-03-24T20:00:00Z,0,0.0,0.0,0.0,0.0,0.0
20200324,MS,320.0,1552.0,,86.0,1.0,1872,2020-03-24T20:00:00Z,1872,0.0,53.0,409.0,71.0,480.0
20200324,MT,46.0,1643.0,,,,1689,2020-03-24T20:00:00Z,1689,0.0,0.0,497.0,12.0,509.0
20200324,NC,398.0,8141.0,,,0.0,8539,2020-03-24T20:00:00Z,8539,0.0,0.0,0.0,101.0,101.0
20200324,ND,34.0,1454.0,,5.0,0.0,1488,2020-03-24T20:00:00Z,1488,0.0,1.0,101.0,4.0,105.0
20200324,NE,52.0,975.0,,,0.0,1027,2020-03-24T20:00:00Z,1027,0.0,0.0,619.0,2.0,621.0
20200324,NH,101.0,1447.0,869.0,11.0,1.0,2417,2020-03-24T20:00:00Z,1548,1.0,11.0,73.0,23.0,96.0
20200324,NJ,3675.0,8325.0,45.0,,44.0,12045,2020-03-24T20:00:00Z,12000,17.0,0.0,7966.0,831.0,8797.0
20200324,NM,83.0,5890.0,,,,5973,2020-03-24T20:00:00Z,5973,0.0,0.0,569.0,18.0,587.0
20200324,NV,278.0,3954.0,0.0,,4.0,4232,2020-03-24T20:00:00Z,4232,0.0,0.0,464.0,33.0,497.0
20200324,NY,25665.0,65605.0,,3234.0,210.0,91270,2020-03-24T20:00:00Z,91270,96.0,599.0,8191.0,4790.0,12981.0
20200324,OH,564.0,140.0,,145.0,8.0,704,2020-03-24T20:00:00Z,704,2.0,41.0,0.0,122.0,122.0
20200324,OK,106.0,735.0,,25.0,3.0,841,2020-03-24T20:00:00Z,841,1.0,10.0,41.0,25.0,66.0
20200324,OR,209.0,4350.0,,61.0,8.0,4559,2020-03-24T20:00:00Z,4559,3.0,5.0,701.0,18.0,719.0
20200324,PA,851.0,8643.0,,,7.0,9494,2020-03-24T20:00:00Z,9494,1.0,0.0,2048.0,207.0,2255.0
20200324,PR,39.0,268.0,42.0,,2.0,349,2020-03-24T20:00:00Z,307,0.0,0.0,79.0,8.0,87.0
20200324,RI,106.0,1120.0,77.0,,,1303,2020-03-24T20:00:00Z,1226,0.0,0.0,188.0,0.0,188.0
20200324,SC,298.0,2012.0,,,5.0,2310,2020-03-24T20:00:00Z,2310,0.0,0.0,546.0,-1.0,545.0
20200324,SD,30.0,790.0,268.0,,1.0,1088,2020-03-24T20:00:00Z,820,0.0,0.0,28.0,2.0,30.0
20200324,TN,667.0,10517.0,,,2.0,11184,2020-03-24T20:00:00Z,11184,0.0,0.0,7245.0,52.0,7297.0
20200324,TX,410.0,10757.0,,,9.0,11167,2020-03-24T20:00:00Z,11167,1.0,0.0,1054.0,58.0,1112.0
20200324,UT,299.0,5524.0,,,1.0,5823,2020-03-24T20:00:00Z,5823,0.0,0.0,734.0,42.0,776.0
20200324,VA,290.0,4180.0,,45.0,7.0,4470,2020-03-24T20:00:00Z,4470,1.0,7.0,737.0,36.0,773.0
20200324,VI,17.0,,,,0.0,17,2020-03-24T20:00:00Z,17,0.0,0.0,0.0,0.0,0.0
20200324,VT,95.0,1440.0,,,7.0,1535,2020-03-24T20:00:00Z,1535,2.0,0.0,334.0,20.0,354.0
20200324,WA,2221.0,31712.0,,,110.0,33933,2020-03-24T20:00:00Z,33933,15.0,0.0,2833.0,225.0,3058.0
20200324,WI,457.0,8237.0,,,5.0,8694,2020-03-24T20:00:00Z,8694,0.0,0.0,1187.0,41.0,1228.0
20200324,WV,20.0,610.0,0.0,1.0,0.0,630,2020-03-24T20:00:00Z,630,0.0,0.0,166.0,4.0,170.0
20200324,WY,29.0,710.0,,,,739,2020-03-24T20:00:00Z,739,0.0,0.0,118.0,3.0,121.0
20200323,AK,22.0,946.0,,0.0,,968,2020-03-23T20:00:00Z,968,0.0,0.0,0.0,0.0,0.0
20200323,AL,167.0,1665.0,,,0.0,1832,2020-03-23T20:00:00Z,1832,0.0,0.0,201.0,29.0,230.0
20200323,AR,174.0,906.0,0.0,13.0,0.0,1080,2020-03-23T20:00:00Z,1080,0.0,0.0,195.0,9.0,204.0
20200323,AS,,,,,0.0,0,2020-03-23T20:00:00Z,0,0.0,0.0,0.0,0.0,0.0
20200323,AZ,265.0,309.0,6.0,,2.0,580,2020-03-23T20:00:00Z,574,0.0,0.0,27.0,113.0,140.0
20200323,CA,1733.0,12567.0,12100.0,,27.0,26400,2020-03-23T20:00:00Z,14300,0.0,0.0,1263.0,197.0,1460.0
20200323,CO,591.0,4845.0,,58.0,6.0,5436,2020-03-23T20:00:00Z,5436,1.0,9.0,770.0,116.0,886.0
20200323,CT,415.0,4085.0,,54.0,10.0,4500,2020-03-23T20:00:00Z,4500,5.0,11.0,1208.0,192.0,1400.0
20200323,DC,116.0,1113.0,,,2.0,1229,2020-03-23T20:00:00Z,1229,1.0,0.0,156.0,18.0,174.0
20200323,DE,68.0,36.0,,0.0,0.0,104,2020-03-23T20:00:00Z,104,0.0,0.0,0.0,12.0,12.0
20200323,FL,1171.0,11063.0,860.0,217.0,14.0,13094,2020-03-23T20:00:00Z,12234,1.0,32.0,3073.0,341.0,3414.0
20200323,GA,772.0,4297.0,,,25.0,5069,2020-03-23T20:00:00Z,5069,2.0,0.0,877.0,172.0,1049.0
20200323,GU,29.0,161.0,,,1.0,190,2020-03-23T20:00:00Z,190,0.0,0.0,35.0,2.0,37.0
20200323,HI,56.0,2955.0,,,,3011,2020-03-23T20:00:00Z,3011,0.0,0.0,2692.0,8.0,2700.0
20200323,IA,105.0,2043.0,,,,2148,2020-03-23T20:00:00Z,2148,0.0,0.0,828.0,15.0,843.0
20200323,ID,47.0,1309.0,,,0.0,1356,2020-03-23T20:00:00Z,1356,0.0,0.0,134.0,5.0,139.0
20200323,IL,1285.0,8583.0,,,12.0,9868,2020-03-23T20:00:00Z,9868,3.0,0.0,1312.0,227.0,1539.0
20200323,IN,259.0,1701.0,,1.0,7.0,1960,2020-03-23T20:00:00Z,1960,1.0,0.0,408.0,58.0,466.0
20200323,KS,82.0,417.0,,,2.0,499,2020-03-23T20:00:00Z,499,0.0,0.0,0.0,18.0,18.0
20200323,KY,104.0,1762.0,,,3.0,1866,2020-03-23T20:00:00Z,1866,0.0,0.0,290.0,5.0,295.0
20200323,LA,1172.0,4776.0,,,34.0,5948,2020-03-23T20:00:00Z,5948,14.0,0.0,2115.0,335.0,2450.0
20200323,MA,777.0,8145.0,,79.0,9.0,8922,2020-03-23T20:00:00Z,8922,4.0,8.0,2686.0,131.0,2817.0
20200323,MD,288.0,94.0,,,3.0,382,2020-03-23T20:00:00Z,382,0.0,0.0,0.0,44.0,44.0
20200323,ME,107.0,2791.0,,,,2898,2020-03-23T20:00:00Z,2898,0.0,0.0,527.0,18.0,545.0
20200323,MI,1328.0,2069.0,,,15.0,3397,2020-03-23T20:00:00Z,3397,7.0,0.0,0.0,293.0,293.0
20200323,MN,235.0,4511.0,,17.0,1.0,4746,2020-03-23T20:00:00Z,4746,0.0,5.0,0.0,66.0,66.0
20200323,MO,183.0,369.0,,,3.0,552,2020-03-23T20:00:00Z,552,0.0,0.0,0.0,93.0,93.0
20200323,MP,0.0,,,,0.0,0,2020-03-23T20:00:00Z,0,0.0,0.0,0.0,0.0,0.0
20200323,MS,249.0,1143.0,,33.0,1.0,1392,2020-03-23T20:00:00Z,1392,0.0,0.0,29.0,42.0,71.0
20200323,MT,34.0,1146.0,,,,1180,2020-03-23T20:00:00Z,1180,0.0,0.0,0.0,3.0,3.0
20200323,NC,297.0,8141.0,,,0.0,8438,2020-03-23T20:00:00Z,8438,0.0,0.0,1958.0,42.0,2000.0
20200323,ND,30.0,1353.0,,4.0,0.0,1383,2020-03-23T20:00:00Z,1383,0.0,1.0,93.0,2.0,95.0
20200323,NE,50.0,356.0,,,0.0,406,2020-03-23T20:00:00Z,406,0.0,0.0,0.0,2.0,2.0
20200323,NH,78.0,1374.0,889.0,,,2341,2020-03-23T20:00:00Z,1452,0.0,0.0,186.0,13.0,199.0
20200323,NJ,2844.0,359.0,94.0,,27.0,3297,2020-03-23T20:00:00Z,3203,7.0,0.0,32.0,930.0,962.0
20200323,NM,65.0,5321.0,,,,5386,2020-03-23T20:00:00Z,5386,0.0,0.0,599.0,8.0,607.0
20200323,NV,245.0,3490.0,0.0,,4.0,3735,2020-03-23T20:00:00Z,3735,2.0,0.0,1042.0,55.0,1097.0
20200323,NY,20875.0,57414.0,,2635.0,114.0,78289,2020-03-23T20:00:00Z,78289,0.0,661.0,11181.0,5707.0,16888.0
20200323,OH,442.0,140.0,,104.0,6.0,582,2020-03-23T20:00:00Z,582,3.0,21.0,0.0,91.0,91.0
20200323,OK,81.0,694.0,102.0,15.0,2.0,877,2020-03-23T20:00:00Z,775,0.0,4.0,25.0,14.0,39.0
20200323,OR,191.0,3649.0,,56.0,5.0,3840,2020-03-23T20:00:00Z,3840,1.0,13.0,785.0,30.0,815.0
20200323,PA,644.0,6595.0,,,6.0,7239,2020-03-23T20:00:00Z,7239,4.0,0.0,1631.0,165.0,1796.0
20200323,PR,31.0,189.0,35.0,,2.0,255,2020-03-23T20:00:00Z,220,2.0,0.0,6.0,8.0,14.0
20200323,RI,106.0,932.0,216.0,,,1254,2020-03-23T20:00:00Z,1038,0.0,0.0,0.0,23.0,23.0
20200323,SC,299.0,1466.0,,,5.0,1765,2020-03-23T20:00:00Z,1765,2.0,0.0,0.0,104.0,104.0
20200323,SD,28.0,762.0,265.0,,1.0,1055,2020-03-23T20:00:00Z,790,0.0,0.0,22.0,7.0,29.0
20200323,TN,615.0,3272.0,,,2.0,3887,2020-03-23T20:00:00Z,3887,2.0,0.0,0.0,110.0,110.0
20200323,TX,352.0,9703.0,,,8.0,10055,2020-03-23T20:00:00Z,10055,3.0,0.0,1281.0,18.0,1299.0
20200323,UT,257.0,4790.0,,,1.0,5047,2020-03-23T20:00:00Z,5047,0.0,0.0,1282.0,76.0,1358.0
20200323,VA,254.0,3443.0,,38.0,6.0,3697,2020-03-23T20:00:00Z,3697,3.0,6.0,325.0,35.0,360.0
20200323,VI,17.0,,,,0.0,17,2020-03-23T20:00:00Z,17,0.0,0.0,0.0,11.0,11.0
20200323,VT,75.0,1106.0,,,5.0,1181,2020-03-23T20:00:00Z,1181,3.0,0.0,0.0,23.0,23.0
20200323,WA,1996.0,28879.0,,,95.0,30875,2020-03-23T20:00:00Z,30875,1.0,0.0,3551.0,203.0,3754.0
20200323,WI,416.0,7050.0,,,5.0,7466,2020-03-23T20:00:00Z,7466,1.0,0.0,820.0,31.0,851.0
20200323,WV,16.0,444.0,4.0,1.0,0.0,464,2020-03-23T20:00:00Z,460,0.0,0.0,59.0,4.0,63.0
20200323,WY,26.0,592.0,,,,618,2020-03-23T20:00:00Z,618,0.0,0.0,154.0,2.0,156.0
20200322,AK,22.0,946.0,,0.0,,968,2020-03-22T20:00:00Z,968,0.0,0.0,188.0,8.0,196.0
20200322,AL,138.0,1464.0,,,0.0,1602,2020-03-22T20:00:00Z,1602,0.0,0.0,1436.0,14.0,1450.0
20200322,AR,165.0,711.0,119.0,13.0,0.0,995,2020-03-22T20:00:00Z,876,0.0,13.0,144.0,47.0,191.0
20200322,AS,,,,,0.0,0,2020-03-22T20:00:00Z,0,0.0,0.0,0.0,0.0,0.0
20200322,AZ,152.0,282.0,87.0,,2.0,521,2020-03-22T20:00:00Z,434,1.0,0.0,42.0,48.0,90.0
20200322,CA,1536.0,11304.0,,,27.0,12840,2020-03-22T20:00:00Z,12840,3.0,0.0,55.0,257.0,312.0
20200322,CO,475.0,4075.0,,49.0,5.0,4550,2020-03-22T20:00:00Z,4550,1.0,5.0,758.0,112.0,870.0
20200322,CT,223.0,2877.0,,43.0,5.0,3100,2020-03-22T20:00:00Z,3100,1.0,43.0,771.0,29.0,800.0
20200322,DC,98.0,957.0,,,1.0,1055,2020-03-22T20:00:00Z,1055,0.0,0.0,451.0,21.0,472.0
20200322,DE,56.0,36.0,,,0.0,92,2020-03-22T20:00:00Z,92,0.0,0.0,0.0,11.0,11.0
20200322,FL,830.0,7990.0,963.0,185.0,13.0,9783,2020-03-22T20:00:00Z,8820,1.0,27.0,1411.0,172.0,1583.0
20200322,GA,600.0,3420.0,,,23.0,4020,2020-03-22T20:00:00Z,4020,9.0,0.0,863.0,93.0,956.0
20200322,GU,27.0,126.0,,,1.0,153,2020-03-22T20:00:00Z,153,1.0,0.0,18.0,12.0,30.0
20200322,HI,48.0,263.0,,,,311,2020-03-22T20:00:00Z,311,0.0,0.0,139.0,11.0,150.0
20200322,IA,90.0,1215.0,,,,1305,2020-03-22T20:00:00Z,1305,0.0,0.0,166.0,22.0,188.0
20200322,ID,42.0,1175.0,,,0.0,1217,2020-03-22T20:00:00Z,1217,0.0,0.0,295.0,11.0,306.0
20200322,IL,1058.0,7271.0,,,9.0,8329,2020-03-22T20:00:00Z,8329,3.0,0.0,1783.0,299.0,2082.0
20200322,IN,201.0,1293.0,,1.0,6.0,1494,2020-03-22T20:00:00Z,1494,2.0,0.0,586.0,75.0,661.0
20200322,KS,64.0,417.0,,,2.0,481,2020-03-22T20:00:00Z,481,0.0,0.0,0.0,9.0,9.0
20200322,KY,99.0,1472.0,,,3.0,1571,2020-03-22T20:00:00Z,1571,1.0,0.0,758.0,45.0,803.0
20200322,LA,837.0,2661.0,,,20.0,3498,2020-03-22T20:00:00Z,3498,4.0,0.0,481.0,252.0,733.0
20200322,MA,646.0,5459.0,,71.0,5.0,6105,2020-03-22T20:00:00Z,6105,4.0,10.0,707.0,121.0,828.0
20200322,MD,244.0,94.0,,,3.0,338,2020-03-22T20:00:00Z,338,1.0,0.0,0.0,54.0,54.0
20200322,ME,89.0,2264.0,,,,2353,2020-03-22T20:00:00Z,2353,0.0,0.0,0.0,16.0,16.0
20200322,MI,1035.0,2069.0,,,8.0,3104,2020-03-22T20:00:00Z,3104,3.0,0.0,0.0,248.0,248.0
20200322,MN,169.0,4511.0,,12.0,1.0,4680,2020-03-22T20:00:00Z,4680,0.0,12.0,559.0,31.0,590.0
20200322,MO,90.0,369.0,,,3.0,459,2020-03-22T20:00:00Z,459,0.0,0.0,0.0,17.0,17.0
20200322,MP,0.0,,,,0.0,0,2020-03-22T20:00:00Z,0,0.0,0.0,0.0,0.0,0.0
20200322,MS,207.0,1114.0,,33.0,1.0,1321,2020-03-22T20:00:00Z,1321,0.0,33.0,419.0,67.0,486.0
20200322,MT,31.0,1146.0,,,,1177,2020-03-22T20:00:00Z,1177,0.0,0.0,0.0,11.0,11.0
20200322,NC,255.0,6183.0,,,0.0,6438,2020-03-22T20:00:00Z,6438,0.0,0.0,1091.0,71.0,1162.0
20200322,ND,28.0,1260.0,,3.0,0.0,1288,2020-03-22T20:00:00Z,1288,0.0,0.0,119.0,0.0,119.0
20200322,NE,48.0,356.0,,,0.0,404,2020-03-22T20:00:00Z,404,0.0,0.0,0.0,10.0,10.0
20200322,NH,65.0,1188.0,959.0,,,2212,2020-03-22T20:00:00Z,1253,0.0,0.0,215.0,10.0,225.0
20200322,NJ,1914.0,327.0,49.0,,20.0,2290,2020-03-22T20:00:00Z,2241,4.0,0.0,33.0,587.0,620.0
20200322,NM,57.0,4722.0,,,,4779,2020-03-22T20:00:00Z,4779,0.0,0.0,951.0,0.0,951.0
20200322,NV,190.0,2448.0,,,2.0,2638,2020-03-22T20:00:00Z,2638,0.0,0.0,64.0,66.0,130.0
20200322,NY,15168.0,46233.0,,1974.0,114.0,61401,2020-03-22T20:00:00Z,61401,70.0,371.0,11152.0,4812.0,15964.0
20200322,OH,351.0,140.0,,83.0,3.0,491,2020-03-22T20:00:00Z,491,0.0,25.0,0.0,104.0,104.0
20200322,OK,67.0,669.0,102.0,11.0,2.0,838,2020-03-22T20:00:00Z,736,1.0,1.0,109.0,14.0,123.0
20200322,OR,161.0,2864.0,,43.0,4.0,3025,2020-03-22T20:00:00Z,3025,1.0,43.0,861.0,47.0,908.0
20200322,PA,479.0,4964.0,,,2.0,5443,2020-03-22T20:00:00Z,5443,0.0,0.0,1198.0,108.0,1306.0
20200322,PR,23.0,183.0,69.0,,,275,2020-03-22T20:00:00Z,206,0.0,0.0,40.0,2.0,42.0
20200322,RI,83.0,932.0,216.0,,,1231,2020-03-22T20:00:00Z,1015,0.0,0.0,70.0,17.0,87.0
20200322,SC,195.0,1466.0,,,3.0,1661,2020-03-22T20:00:00Z,1661,2.0,0.0,211.0,43.0,254.0
20200322,SD,21.0,740.0,277.0,,1.0,1038,2020-03-22T20:00:00Z,761,0.0,0.0,49.0,7.0,56.0
20200322,TN,505.0,3272.0,,,,3777,2020-03-22T20:00:00Z,3777,0.0,0.0,0.0,134.0,134.0
20200322,TX,334.0,8422.0,,,5.0,8756,2020-03-22T20:00:00Z,8756,0.0,0.0,2204.0,30.0,2234.0
20200322,UT,181.0,3508.0,,,1.0,3689,2020-03-22T20:00:00Z,3689,1.0,0.0,1084.0,45.0,1129.0
20200322,VA,219.0,3118.0,,32.0,3.0,3337,2020-03-22T20:00:00Z,3337,1.0,7.0,480.0,67.0,547.0
20200322,VI,6.0,,,,0.0,6,2020-03-22T20:00:00Z,6,0.0,0.0,0.0,0.0,0.0
20200322,VT,52.0,1106.0,,,2.0,1158,2020-03-22T20:00:00Z,1158,0.0,0.0,327.0,23.0,350.0
20200322,WA,1793.0,25328.0,,,94.0,27121,2020-03-22T20:00:00Z,27121,11.0,0.0,3609.0,269.0,3878.0
20200322,WI,385.0,6230.0,,,4.0,6615,2020-03-22T20:00:00Z,6615,0.0,0.0,1602.0,104.0,1706.0
20200322,WV,12.0,385.0,1.0,1.0,0.0,398,2020-03-22T20:00:00Z,397,0.0,0.0,55.0,1.0,56.0
20200322,WY,24.0,438.0,,,,462,2020-03-22T20:00:00Z,462,0.0,0.0,0.0,1.0,1.0
20200321,AK,14.0,758.0,,0.0,,772,2020-03-21T20:00:00Z,772,0.0,0.0,72.0,2.0,74.0
20200321,AL,124.0,28.0,,,0.0,152,2020-03-21T20:00:00Z,152,0.0,0.0,0.0,43.0,43.0
20200321,AR,118.0,567.0,154.0,,,839,2020-03-21T20:00:00Z,685,0.0,0.0,216.0,22.0,238.0
20200321,AS,,,,,0.0,0,2020-03-21T20:00:00Z,0,0.0,0.0,0.0,0.0,0.0
20200321,AZ,104.0,240.0,122.0,,1.0,466,2020-03-21T20:00:00Z,344,1.0,0.0,29.0,39.0,68.0
20200321,CA,1279.0,11249.0,,,24.0,12528,2020-03-21T20:00:00Z,12528,4.0,0.0,825.0,216.0,1041.0
20200321,CO,363.0,3317.0,,44.0,4.0,3680,2020-03-21T20:00:00Z,3680,1.0,44.0,642.0,86.0,728.0
20200321,CT,194.0,2106.0,,,4.0,2300,2020-03-21T20:00:00Z,2300,1.0,0.0,1502.0,0.0,1502.0
20200321,DC,77.0,506.0,0.0,,1.0,583,2020-03-21T20:00:00Z,583,0.0,0.0,5.0,6.0,11.0
20200321,DE,45.0,36.0,,,0.0,81,2020-03-21T20:00:00Z,81,0.0,0.0,0.0,7.0,7.0
20200321,FL,658.0,6579.0,1002.0,158.0,12.0,8239,2020-03-21T20:00:00Z,7237,2.0,158.0,4709.0,138.0,4847.0
20200321,GA,507.0,2557.0,,,14.0,3064,2020-03-21T20:00:00Z,3064,1.0,0.0,591.0,87.0,678.0
20200321,GU,15.0,108.0,,,,123,2020-03-21T20:00:00Z,123,0.0,0.0,22.0,1.0,23.0
20200321,HI,37.0,124.0,9.0,,,170,2020-03-21T20:00:00Z,161,0.0,0.0,0.0,11.0,11.0
20200321,IA,68.0,1049.0,,,,1117,2020-03-21T20:00:00Z,1117,0.0,0.0,407.0,23.0,430.0
20200321,ID,31.0,880.0,,,,911,2020-03-21T20:00:00Z,911,0.0,0.0,290.0,8.0,298.0
20200321,IL,759.0,5488.0,,,6.0,6247,2020-03-21T20:00:00Z,6247,1.0,0.0,1792.0,169.0,1961.0
20200321,IN,126.0,707.0,,1.0,4.0,833,2020-03-21T20:00:00Z,833,2.0,1.0,232.0,47.0,279.0
20200321,KS,55.0,417.0,,,2.0,472,2020-03-21T20:00:00Z,472,1.0,0.0,0.0,11.0,11.0
20200321,KY,54.0,714.0,,,2.0,768,2020-03-21T20:00:00Z,768,1.0,0.0,122.0,7.0,129.0
20200321,LA,585.0,2180.0,,,16.0,2765,2020-03-21T20:00:00Z,2765,4.0,0.0,1612.0,106.0,1718.0
20200321,MA,525.0,4752.0,,61.0,1.0,5277,2020-03-21T20:00:00Z,5277,0.0,61.0,1074.0,112.0,1186.0
20200321,MD,190.0,94.0,,,2.0,284,2020-03-21T20:00:00Z,284,1.0,0.0,0.0,41.0,41.0
20200321,ME,73.0,2264.0,,,,2337,2020-03-21T20:00:00Z,2337,0.0,0.0,0.0,16.0,16.0
20200321,MI,787.0,2069.0,,,5.0,2856,2020-03-21T20:00:00Z,2856,2.0,0.0,0.0,238.0,238.0
20200321,MN,138.0,3952.0,,,1.0,4090,2020-03-21T20:00:00Z,4090,1.0,0.0,211.0,23.0,234.0
20200321,MO,73.0,369.0,,,3.0,442,2020-03-21T20:00:00Z,442,2.0,0.0,0.0,26.0,26.0
20200321,MP,0.0,,,,0.0,0,2020-03-21T20:00:00Z,0,0.0,0.0,0.0,0.0,0.0
20200321,MS,140.0,695.0,,,1.0,835,2020-03-21T20:00:00Z,835,0.0,0.0,0.0,60.0,60.0
20200321,MT,20.0,1146.0,,,,1166,2020-03-21T20:00:00Z,1166,0.0,0.0,215.0,4.0,219.0
20200321,NC,184.0,5092.0,,,0.0,5276,2020-03-21T20:00:00Z,5276,0.0,0.0,1996.0,47.0,2043.0
20200321,ND,28.0,1141.0,,3.0,0.0,1169,2020-03-21T20:00:00Z,1169,0.0,3.0,341.0,8.0,349.0
20200321,NE,38.0,356.0,,,0.0,394,2020-03-21T20:00:00Z,394,0.0,0.0,116.0,6.0,122.0
20200321,NH,55.0,973.0,942.0,,,1970,2020-03-21T20:00:00Z,1028,0.0,0.0,228.0,11.0,239.0
20200321,NJ,1327.0,294.0,40.0,,16.0,1661,2020-03-21T20:00:00Z,1621,5.0,0.0,30.0,437.0,467.0
20200321,NM,57.0,3771.0,,,,3828,2020-03-21T20:00:00Z,3828,0.0,0.0,0.0,14.0,14.0
20200321,NV,124.0,2384.0,,,2.0,2508,2020-03-21T20:00:00Z,2508,1.0,0.0,392.0,15.0,407.0
20200321,NY,10356.0,35081.0,,1603.0,44.0,45437,2020-03-21T20:00:00Z,45437,9.0,1603.0,9756.0,3254.0,13010.0
20200321,OH,247.0,140.0,,58.0,3.0,387,2020-03-21T20:00:00Z,387,2.0,58.0,0.0,78.0,78.0
20200321,OK,53.0,560.0,144.0,10.0,1.0,757,2020-03-21T20:00:00Z,613,0.0,10.0,22.0,4.0,26.0
20200321,OR,114.0,2003.0,433.0,,3.0,2550,2020-03-21T20:00:00Z,2117,0.0,0.0,0.0,0.0,0.0
20200321,PA,371.0,3766.0,,,2.0,4137,2020-03-21T20:00:00Z,4137,1.0,0.0,1192.0,103.0,1295.0
20200321,PR,21.0,143.0,71.0,,,235,2020-03-21T20:00:00Z,164,0.0,0.0,29.0,7.0,36.0
20200321,RI,66.0,862.0,290.0,,,1218,2020-03-21T20:00:00Z,928,0.0,0.0,208.0,12.0,220.0
20200321,SC,152.0,1255.0,,,1.0,1407,2020-03-21T20:00:00Z,1407,0.0,0.0,422.0,71.0,493.0
20200321,SD,14.0,691.0,268.0,,1.0,973,2020-03-21T20:00:00Z,705,0.0,0.0,28.0,0.0,28.0
20200321,TN,371.0,3272.0,,,,3643,2020-03-21T20:00:00Z,3643,0.0,0.0,2709.0,143.0,2852.0
20200321,TX,304.0,6218.0,,,5.0,6522,2020-03-21T20:00:00Z,6522,0.0,0.0,1135.0,110.0,1245.0
20200321,UT,136.0,2424.0,,,0.0,2560,2020-03-21T20:00:00Z,2560,0.0,0.0,389.0,24.0,413.0
20200321,VA,152.0,2638.0,,25.0,2.0,2790,2020-03-21T20:00:00Z,2790,0.0,25.0,427.0,38.0,465.0
20200321,VI,6.0,,,,0.0,6,2020-03-21T20:00:00Z,6,0.0,0.0,0.0,3.0,3.0
20200321,VT,29.0,779.0,,,2.0,808,2020-03-21T20:00:00Z,808,0.0,0.0,0.0,0.0,0.0
20200321,WA,1524.0,21719.0,,,83.0,23243,2020-03-21T20:00:00Z,23243,9.0,0.0,2383.0,148.0,2531.0
20200321,WI,281.0,4628.0,,,4.0,4909,2020-03-21T20:00:00Z,4909,1.0,0.0,1173.0,75.0,1248.0
20200321,WV,11.0,330.0,2.0,1.0,0.0,343,2020-03-21T20:00:00Z,341,0.0,1.0,111.0,4.0,115.0
20200321,WY,23.0,438.0,,,,461,2020-03-21T20:00:00Z,461,0.0,0.0,107.0,4.0,111.0
20200320,AK,12.0,686.0,,,,698,2020-03-20T20:00:00Z,698,0.0,0.0,286.0,6.0,292.0
20200320,AL,81.0,28.0,,,0.0,109,2020-03-20T20:00:00Z,109,0.0,0.0,0.0,13.0,13.0
20200320,AR,96.0,351.0,203.0,,,650,2020-03-20T20:00:00Z,447,0.0,0.0,41.0,50.0,91.0
20200320,AS,0.0,,,,0.0,0,2020-03-20T20:00:00Z,0,0.0,0.0,0.0,0.0,0.0
20200320,AZ,65.0,211.0,101.0,,0.0,377,2020-03-20T20:00:00Z,276,0.0,0.0,36.0,21.0,57.0
20200320,CA,1063.0,10424.0,,,20.0,11487,2020-03-20T20:00:00Z,11487,2.0,0.0,1637.0,139.0,1776.0
20200320,CO,277.0,2675.0,,,3.0,2952,2020-03-20T20:00:00Z,2952,1.0,0.0,563.0,61.0,624.0
20200320,CT,194.0,604.0,,,3.0,798,2020-03-20T20:00:00Z,798,2.0,0.0,0.0,98.0,98.0
20200320,DC,71.0,501.0,1.0,,1.0,573,2020-03-20T20:00:00Z,572,1.0,0.0,348.0,32.0,380.0
20200320,DE,38.0,36.0,,,0.0,74,2020-03-20T20:00:00Z,74,0.0,0.0,0.0,8.0,8.0
20200320,FL,520.0,1870.0,1026.0,,10.0,3416,2020-03-20T20:00:00Z,2390,2.0,0.0,337.0,130.0,467.0
20200320,GA,420.0,1966.0,,,13.0,2386,2020-03-20T20:00:00Z,2386,3.0,0.0,422.0,133.0,555.0
20200320,GU,14.0,86.0,,,,100,2020-03-20T20:00:00Z,100,0.0,0.0,17.0,2.0,19.0
20200320,HI,26.0,124.0,9.0,,,159,2020-03-20T20:00:00Z,150,0.0,0.0,31.0,10.0,41.0
20200320,IA,45.0,642.0,,,,687,2020-03-20T20:00:00Z,687,0.0,0.0,559.0,7.0,566.0
20200320,ID,23.0,590.0,,,,613,2020-03-20T20:00:00Z,613,0.0,0.0,133.0,12.0,145.0
20200320,IL,590.0,3696.0,,,5.0,4286,2020-03-20T20:00:00Z,4286,1.0,0.0,971.0,164.0,1135.0
20200320,IN,79.0,475.0,,,2.0,554,2020-03-20T20:00:00Z,554,0.0,0.0,151.0,23.0,174.0
20200320,KS,44.0,417.0,,,1.0,461,2020-03-20T20:00:00Z,461,0.0,0.0,0.0,10.0,10.0
20200320,KY,47.0,592.0,,,1.0,639,2020-03-20T20:00:00Z,639,0.0,0.0,138.0,12.0,150.0
20200320,LA,479.0,568.0,,,12.0,1047,2020-03-20T20:00:00Z,1047,4.0,0.0,110.0,132.0,242.0
20200320,MA,413.0,3678.0,,,1.0,4091,2020-03-20T20:00:00Z,4091,1.0,0.0,874.0,85.0,959.0
20200320,MD,149.0,94.0,,,1.0,243,2020-03-20T20:00:00Z,243,0.0,0.0,0.0,42.0,42.0
20200320,ME,57.0,2264.0,,,,2321,2020-03-20T20:00:00Z,2321,0.0,0.0,260.0,4.0,264.0
20200320,MI,549.0,2069.0,,,3.0,2618,2020-03-20T20:00:00Z,2618,0.0,0.0,-44.0,213.0,169.0
20200320,MN,115.0,3741.0,,,,3856,2020-03-20T20:00:00Z,3856,0.0,0.0,792.0,26.0,818.0
20200320,MO,47.0,369.0,,,1.0,416,2020-03-20T20:00:00Z,416,0.0,0.0,61.0,23.0,84.0
20200320,MP,0.0,,,,0.0,0,2020-03-20T20:00:00Z,0,0.0,0.0,0.0,0.0,0.0
20200320,MS,80.0,695.0,,,1.0,775,2020-03-20T20:00:00Z,775,1.0,0.0,143.0,30.0,173.0
20200320,MT,16.0,931.0,,,,947,2020-03-20T20:00:00Z,947,0.0,0.0,170.0,4.0,174.0
20200320,NC,137.0,3096.0,,,0.0,3233,2020-03-20T20:00:00Z,3233,0.0,0.0,688.0,40.0,728.0
20200320,ND,20.0,800.0,,,0.0,820,2020-03-20T20:00:00Z,820,0.0,0.0,307.0,5.0,312.0
20200320,NE,32.0,240.0,,,0.0,272,2020-03-20T20:00:00Z,272,0.0,0.0,0.0,5.0,5.0
20200320,NH,44.0,745.0,631.0,,,1420,2020-03-20T20:00:00Z,789,0.0,0.0,124.0,5.0,129.0
20200320,NJ,890.0,264.0,86.0,,11.0,1240,2020-03-20T20:00:00Z,1154,2.0,0.0,54.0,148.0,202.0
20200320,NM,43.0,3771.0,,,,3814,2020-03-20T20:00:00Z,3814,0.0,0.0,1009.0,8.0,1017.0
20200320,NV,109.0,1992.0,-3.0,,1.0,2098,2020-03-20T20:00:00Z,2101,0.0,0.0,366.0,14.0,380.0
20200320,NY,7102.0,25325.0,,,35.0,32427,2020-03-20T20:00:00Z,32427,23.0,0.0,7193.0,2950.0,10143.0
20200320,OH,169.0,140.0,,,1.0,309,2020-03-20T20:00:00Z,309,1.0,0.0,0.0,50.0,50.0
20200320,OK,49.0,538.0,374.0,,1.0,961,2020-03-20T20:00:00Z,587,0.0,0.0,72.0,5.0,77.0
20200320,OR,114.0,2003.0,433.0,,3.0,2550,2020-03-20T20:00:00Z,2117,0.0,0.0,674.0,26.0,700.0
20200320,PA,268.0,2574.0,,,1.0,2842,2020-03-20T20:00:00Z,2842,0.0,0.0,966.0,83.0,1049.0
20200320,PR,14.0,114.0,52.0,,,180,2020-03-20T20:00:00Z,128,0.0,0.0,58.0,9.0,67.0
20200320,RI,54.0,654.0,140.0,,,848,2020-03-20T20:00:00Z,708,0.0,0.0,114.0,21.0,135.0
20200320,SC,81.0,833.0,,,1.0,914,2020-03-20T20:00:00Z,914,0.0,0.0,250.0,21.0,271.0
20200320,SD,14.0,663.0,270.0,,1.0,947,2020-03-20T20:00:00Z,677,0.0,0.0,112.0,3.0,115.0
20200320,TN,228.0,563.0,,,,791,2020-03-20T20:00:00Z,791,0.0,0.0,214.0,74.0,288.0
20200320,TX,194.0,5083.0,,,5.0,5277,2020-03-20T20:00:00Z,5277,2.0,0.0,2871.0,51.0,2922.0
20200320,UT,112.0,2035.0,,,0.0,2147,2020-03-20T20:00:00Z,2147,0.0,0.0,587.0,34.0,621.0
20200320,VA,114.0,2211.0,,,2.0,2325,2020-03-20T20:00:00Z,2325,0.0,0.0,382.0,20.0,402.0
20200320,VI,3.0,,,,0.0,3,2020-03-20T20:00:00Z,3,0.0,0.0,0.0,0.0,0.0
20200320,VT,29.0,779.0,,,2.0,808,2020-03-20T20:00:00Z,808,2.0,0.0,134.0,7.0,141.0
20200320,WA,1376.0,19336.0,,,74.0,20712,2020-03-20T20:00:00Z,20712,8.0,0.0,3418.0,189.0,3607.0
20200320,WI,206.0,3455.0,,,3.0,3661,2020-03-20T20:00:00Z,3661,3.0,0.0,1263.0,51.0,1314.0
20200320,WV,7.0,219.0,13.0,,0.0,239,2020-03-20T20:00:00Z,226,0.0,0.0,76.0,5.0,81.0
20200320,WY,19.0,331.0,,,,350,2020-03-20T20:00:00Z,350,0.0,0.0,60.0,1.0,61.0
20200319,AK,6.0,400.0,,,,406,2020-03-19T20:00:00Z,406,0.0,0.0,-6.0,0.0,-6.0
20200319,AL,68.0,28.0,,,0.0,96,2020-03-19T20:00:00Z,96,0.0,0.0,0.0,22.0,22.0
20200319,AR,46.0,310.0,113.0,,,469,2020-03-19T20:00:00Z,356,0.0,0.0,74.0,13.0,87.0
20200319,AS,0.0,,,,0.0,0,2020-03-19T20:00:00Z,0,0.0,0.0,0.0,0.0,0.0
20200319,AZ,44.0,175.0,130.0,,0.0,349,2020-03-19T20:00:00Z,219,0.0,0.0,27.0,16.0,43.0
20200319,CA,924.0,8787.0,,,18.0,9711,2020-03-19T20:00:00Z,9711,5.0,0.0,806.0,313.0,1119.0
20200319,CO,216.0,2112.0,,,2.0,2328,2020-03-19T20:00:00Z,2328,0.0,0.0,495.0,33.0,528.0
20200319,CT,96.0,604.0,,,1.0,700,2020-03-19T20:00:00Z,700,1.0,0.0,479.0,28.0,507.0
20200319,DC,39.0,153.0,11.0,,0.0,203,2020-03-19T20:00:00Z,192,0.0,0.0,15.0,8.0,23.0
20200319,DE,30.0,36.0,,,0.0,66,2020-03-19T20:00:00Z,66,0.0,0.0,0.0,5.0,5.0
20200319,FL,390.0,1533.0,1019.0,,8.0,2942,2020-03-19T20:00:00Z,1923,1.0,0.0,308.0,76.0,384.0
20200319,GA,287.0,1544.0,,,10.0,1831,2020-03-19T20:00:00Z,1831,9.0,0.0,233.0,90.0,323.0
20200319,GU,12.0,69.0,,,,81,2020-03-19T20:00:00Z,81,0.0,0.0,12.0,4.0,16.0
20200319,HI,16.0,93.0,9.0,,,118,2020-03-19T20:00:00Z,109,0.0,0.0,0.0,2.0,2.0
20200319,IA,38.0,83.0,,,,121,2020-03-19T20:00:00Z,121,0.0,0.0,0.0,9.0,9.0
20200319,ID,11.0,457.0,,,,468,2020-03-19T20:00:00Z,468,0.0,0.0,-2.0,2.0,0.0
20200319,IL,426.0,2725.0,,,4.0,3151,2020-03-19T20:00:00Z,3151,3.0,0.0,962.0,137.0,1099.0
20200319,IN,56.0,324.0,,,2.0,380,2020-03-19T20:00:00Z,380,0.0,0.0,170.0,17.0,187.0
20200319,KS,34.0,417.0,,,1.0,451,2020-03-19T20:00:00Z,451,0.0,0.0,0.0,18.0,18.0
20200319,KY,35.0,454.0,,,1.0,489,2020-03-19T20:00:00Z,489,0.0,0.0,100.0,9.0,109.0
20200319,LA,347.0,458.0,,,8.0,805,2020-03-19T20:00:00Z,805,2.0,0.0,123.0,107.0,230.0
20200319,MA,328.0,2804.0,,,,3132,2020-03-19T20:00:00Z,3132,0.0,0.0,789.0,72.0,861.0
20200319,MD,107.0,94.0,,,1.0,201,2020-03-19T20:00:00Z,201,1.0,0.0,0.0,22.0,22.0
20200319,ME,53.0,2004.0,,,,2057,2020-03-19T20:00:00Z,2057,0.0,0.0,334.0,10.0,344.0
20200319,MI,336.0,2113.0,,,3.0,2449,2020-03-19T20:00:00Z,2449,3.0,0.0,1841.0,256.0,2097.0
20200319,MN,89.0,2949.0,,,,3038,2020-03-19T20:00:00Z,3038,0.0,0.0,264.0,12.0,276.0
20200319,MO,24.0,308.0,,,1.0,332,2020-03-19T20:00:00Z,332,1.0,0.0,55.0,11.0,66.0
20200319,MP,0.0,,,,0.0,0,2020-03-19T20:00:00Z,0,0.0,0.0,0.0,0.0,0.0
20200319,MS,50.0,552.0,,,,602,2020-03-19T20:00:00Z,602,0.0,0.0,73.0,16.0,89.0
20200319,MT,12.0,761.0,0.0,,,773,2020-03-19T20:00:00Z,773,0.0,0.0,262.0,2.0,264.0
20200319,NC,97.0,2408.0,,,0.0,2505,2020-03-19T20:00:00Z,2505,0.0,0.0,621.0,34.0,655.0
20200319,ND,15.0,493.0,,,0.0,508,2020-03-19T20:00:00Z,508,0.0,0.0,225.0,9.0,234.0
20200319,NE,27.0,240.0,,,0.0,267,2020-03-19T20:00:00Z,267,0.0,0.0,34.0,3.0,37.0
20200319,NH,39.0,621.0,231.0,,,891,2020-03-19T20:00:00Z,660,0.0,0.0,108.0,13.0,121.0
20200319,NJ,742.0,210.0,74.0,,9.0,1026,2020-03-19T20:00:00Z,952,4.0,0.0,20.0,315.0,335.0
20200319,NM,35.0,2762.0,,,,2797,2020-03-19T20:00:00Z,2797,0.0,0.0,436.0,7.0,443.0
20200319,NV,95.0,1626.0,,,1.0,1721,2020-03-19T20:00:00Z,1721,0.0,0.0,1458.0,40.0,1498.0
20200319,NY,4152.0,18132.0,,,12.0,22284,2020-03-19T20:00:00Z,22284,0.0,0.0,5917.0,1770.0,7687.0
20200319,OH,119.0,140.0,,,,259,2020-03-19T20:00:00Z,259,0.0,0.0,0.0,31.0,31.0
20200319,OK,44.0,466.0,250.0,,1.0,760,2020-03-19T20:00:00Z,510,1.0,0.0,88.0,15.0,103.0
20200319,OR,88.0,1329.0,437.0,,3.0,1854,2020-03-19T20:00:00Z,1417,0.0,0.0,211.0,13.0,224.0
20200319,PA,185.0,1608.0,,,1.0,1793,2020-03-19T20:00:00Z,1793,1.0,0.0,421.0,52.0,473.0
20200319,PR,5.0,56.0,29.0,,,90,2020-03-19T20:00:00Z,61,0.0,0.0,25.0,0.0,25.0
20200319,RI,33.0,540.0,334.0,,,907,2020-03-19T20:00:00Z,573,0.0,0.0,0.0,0.0,0.0
20200319,SC,60.0,583.0,,,1.0,643,2020-03-19T20:00:00Z,643,0.0,0.0,0.0,0.0,0.0
20200319,SD,11.0,551.0,385.0,,1.0,947,2020-03-19T20:00:00Z,562,0.0,0.0,0.0,0.0,0.0
20200319,TN,154.0,349.0,,,,503,2020-03-19T20:00:00Z,503,0.0,0.0,0.0,56.0,56.0
20200319,TX,143.0,2212.0,,,3.0,2355,2020-03-19T20:00:00Z,2355,1.0,0.0,388.0,60.0,448.0
20200319,UT,78.0,1448.0,,,0.0,1526,2020-03-19T20:00:00Z,1526,0.0,0.0,1317.0,15.0,1332.0
20200319,VA,94.0,1829.0,,,2.0,1923,2020-03-19T20:00:00Z,1923,1.0,0.0,628.0,17.0,645.0
20200319,VI,3.0,,,,0.0,3,2020-03-19T20:00:00Z,3,0.0,0.0,0.0,1.0,1.0
20200319,VT,22.0,645.0,,,,667,2020-03-19T20:00:00Z,667,0.0,0.0,53.0,3.0,56.0
20200319,WA,1187.0,15918.0,,,66.0,17105,2020-03-19T20:00:00Z,17105,14.0,0.0,2801.0,175.0,2976.0
20200319,WI,155.0,2192.0,,,,2347,2020-03-19T20:00:00Z,2347,0.0,0.0,615.0,49.0,664.0
20200319,WV,2.0,143.0,3.0,,0.0,148,2020-03-19T20:00:00Z,145,0.0,0.0,21.0,1.0,22.0
20200319,WY,18.0,271.0,,,,289,2020-03-19T20:00:00Z,289,0.0,0.0,93.0,3.0,96.0
20200318,AK,6.0,406.0,,,,412,2020-03-18T20:00:00Z,412,0.0,0.0,72.0,3.0,75.0
20200318,AL,46.0,28.0,,,0.0,74,2020-03-18T20:00:00Z,74,0.0,0.0,0.0,10.0,10.0
20200318,AR,33.0,236.0,50.0,,,319,2020-03-18T20:00:00Z,269,0.0,0.0,39.0,11.0,50.0
20200318,AS,0.0,,,,0.0,0,2020-03-18T20:00:00Z,0,0.0,0.0,0.0,0.0,0.0
20200318,AZ,28.0,148.0,102.0,,0.0,278,2020-03-18T20:00:00Z,176,0.0,0.0,6.0,8.0,14.0
20200318,CA,611.0,7981.0,,,13.0,8592,2020-03-18T20:00:00Z,8592,2.0,0.0,0.0,128.0,128.0
20200318,CO,183.0,1617.0,,,2.0,1800,2020-03-18T20:00:00Z,1800,1.0,0.0,561.0,23.0,584.0
20200318,CT,68.0,125.0,,,,193,2020-03-18T20:00:00Z,193,0.0,0.0,0.0,27.0,27.0
20200318,DC,31.0,138.0,1.0,,,170,2020-03-18T20:00:00Z,169,0.0,0.0,34.0,9.0,43.0
20200318,DE,25.0,36.0,,,,61,2020-03-18T20:00:00Z,61,0.0,0.0,0.0,9.0,9.0
20200318,FL,314.0,1225.0,954.0,,7.0,2493,2020-03-18T20:00:00Z,1539,1.0,0.0,285.0,128.0,413.0
20200318,GA,197.0,1311.0,,,1.0,1508,2020-03-18T20:00:00Z,1508,0.0,0.0,1311.0,51.0,1362.0
20200318,GU,8.0,57.0,,,,65,2020-03-18T20:00:00Z,65,0.0,0.0,16.0,3.0,19.0
20200318,HI,14.0,93.0,12.0,,,119,2020-03-18T20:00:00Z,107,0.0,0.0,93.0,4.0,97.0
20200318,IA,29.0,83.0,,,,112,2020-03-18T20:00:00Z,112,0.0,0.0,0.0,6.0,6.0
20200318,ID,9.0,459.0,,,,468,2020-03-18T20:00:00Z,468,0.0,0.0,113.0,2.0,115.0
20200318,IL,289.0,1763.0,,,1.0,2052,2020-03-18T20:00:00Z,2052,0.0,0.0,423.0,129.0,552.0
20200318,IN,39.0,154.0,,,2.0,193,2020-03-18T20:00:00Z,193,0.0,0.0,25.0,9.0,34.0
20200318,KS,16.0,417.0,,,1.0,433,2020-03-18T20:00:00Z,433,0.0,0.0,35.0,1.0,36.0
20200318,KY,26.0,354.0,,,1.0,380,2020-03-18T20:00:00Z,380,0.0,0.0,59.0,4.0,63.0
20200318,LA,240.0,335.0,,,6.0,575,2020-03-18T20:00:00Z,575,2.0,0.0,49.0,69.0,118.0
20200318,MA,256.0,2015.0,,,,2271,2020-03-18T20:00:00Z,2271,0.0,0.0,474.0,38.0,512.0
20200318,MD,85.0,94.0,,,,179,2020-03-18T20:00:00Z,179,0.0,0.0,0.0,28.0,28.0
20200318,ME,43.0,1670.0,,,,1713,2020-03-18T20:00:00Z,1713,0.0,0.0,367.0,11.0,378.0
20200318,MI,80.0,272.0,,,,352,2020-03-18T20:00:00Z,352,0.0,0.0,0.0,15.0,15.0
20200318,MN,77.0,2685.0,,,,2762,2020-03-18T20:00:00Z,2762,0.0,0.0,409.0,17.0,426.0
20200318,MO,13.0,253.0,,,0.0,266,2020-03-18T20:00:00Z,266,0.0,0.0,46.0,5.0,51.0
20200318,MP,0.0,,,,0.0,0,2020-03-18T20:00:00Z,0,0.0,0.0,0.0,0.0,0.0
20200318,MS,34.0,479.0,,,,513,2020-03-18T20:00:00Z,513,0.0,0.0,111.0,13.0,124.0
20200318,MT,10.0,499.0,0.0,,,509,2020-03-18T20:00:00Z,509,0.0,0.0,196.0,2.0,198.0
20200318,NC,63.0,1787.0,,,0.0,1850,2020-03-18T20:00:00Z,1850,0.0,0.0,1313.0,23.0,1336.0
20200318,ND,6.0,268.0,,,0.0,274,2020-03-18T20:00:00Z,274,0.0,0.0,48.0,3.0,51.0
20200318,NE,24.0,206.0,,,,230,2020-03-18T20:00:00Z,230,0.0,0.0,0.0,3.0,3.0
20200318,NH,26.0,513.0,208.0,,,747,2020-03-18T20:00:00Z,539,0.0,0.0,158.0,9.0,167.0
20200318,NJ,427.0,190.0,21.0,,5.0,638,2020-03-18T20:00:00Z,617,2.0,0.0,27.0,160.0,187.0
20200318,NM,28.0,2326.0,,,,2354,2020-03-18T20:00:00Z,2354,0.0,0.0,1077.0,5.0,1082.0
20200318,NV,55.0,168.0,,,1.0,223,2020-03-18T20:00:00Z,223,0.0,0.0,0.0,0.0,0.0
20200318,NY,2382.0,12215.0,,,12.0,14597,2020-03-18T20:00:00Z,14597,5.0,0.0,6709.0,682.0,7391.0
20200318,OH,88.0,140.0,,,,228,2020-03-18T20:00:00Z,228,0.0,0.0,0.0,21.0,21.0
20200318,OK,29.0,378.0,110.0,,,517,2020-03-18T20:00:00Z,407,0.0,0.0,131.0,12.0,143.0
20200318,OR,75.0,1118.0,361.0,,3.0,1554,2020-03-18T20:00:00Z,1193,3.0,0.0,429.0,28.0,457.0
20200318,PA,133.0,1187.0,,,,1320,2020-03-18T20:00:00Z,1320,0.0,0.0,308.0,37.0,345.0
20200318,PR,5.0,31.0,21.0,,,57,2020-03-18T20:00:00Z,36,0.0,0.0,18.0,0.0,18.0
20200318,RI,33.0,540.0,334.0,,,907,2020-03-18T20:00:00Z,573,0.0,0.0,232.0,12.0,244.0
20200318,SC,60.0,583.0,,,1.0,643,2020-03-18T20:00:00Z,643,0.0,0.0,272.0,27.0,299.0
20200318,SD,11.0,551.0,350.0,,1.0,913,2020-03-18T20:00:00Z,562,1.0,0.0,0.0,0.0,0.0
20200318,TN,98.0,349.0,,,,447,2020-03-18T20:00:00Z,447,0.0,0.0,19.0,25.0,44.0
20200318,TX,83.0,1824.0,,,2.0,1907,2020-03-18T20:00:00Z,1907,1.0,0.0,620.0,19.0,639.0
20200318,UT,63.0,131.0,,,0.0,194,2020-03-18T20:00:00Z,194,0.0,0.0,0.0,12.0,12.0
20200318,VA,77.0,1201.0,,,1.0,1278,2020-03-18T20:00:00Z,1278,0.0,0.0,240.0,10.0,250.0
20200318,VI,2.0,,,,0.0,2,2020-03-18T20:00:00Z,2,0.0,0.0,0.0,0.0,0.0
20200318,VT,19.0,592.0,,,,611,2020-03-18T20:00:00Z,611,0.0,0.0,97.0,9.0,106.0
20200318,WA,1012.0,13117.0,,,52.0,14129,2020-03-18T20:00:00Z,14129,4.0,0.0,1535.0,108.0,1643.0
20200318,WI,106.0,1577.0,,,,1683,2020-03-18T20:00:00Z,1683,0.0,0.0,539.0,34.0,573.0
20200318,WV,1.0,122.0,14.0,,0.0,137,2020-03-18T20:00:00Z,123,0.0,0.0,42.0,1.0,43.0
20200318,WY,15.0,178.0,,,,193,2020-03-18T20:00:00Z,193,0.0,0.0,83.0,5.0,88.0
20200317,AK,3.0,334.0,,,,337,2020-03-17T20:00:00Z,337,0.0,0.0,191.0,2.0,193.0
20200317,AL,36.0,28.0,,,0.0,64,2020-03-17T20:00:00Z,64,0.0,0.0,0.0,8.0,8.0
20200317,AR,22.0,197.0,41.0,,,260,2020-03-17T20:00:00Z,219,0.0,0.0,65.0,0.0,65.0
20200317,AS,0.0,,,,,0,2020-03-17T20:00:00Z,0,0.0,0.0,0.0,0.0,0.0
20200317,AZ,20.0,142.0,66.0,,0.0,228,2020-03-17T20:00:00Z,162,0.0,0.0,17.0,2.0,19.0
20200317,CA,483.0,7981.0,,,11.0,8407,2020-03-17T20:00:00Z,8464,5.0,0.0,0.0,148.0,148.0
20200317,CO,160.0,1056.0,,,1.0,1216,2020-03-17T20:00:00Z,1216,0.0,0.0,429.0,29.0,458.0
20200317,CT,41.0,125.0,,,,166,2020-03-17T20:00:00Z,166,0.0,0.0,0.0,15.0,15.0
20200317,DC,22.0,104.0,0.0,,,126,2020-03-17T20:00:00Z,126,0.0,0.0,8.0,5.0,13.0
20200317,DE,16.0,36.0,,,,52,2020-03-17T20:00:00Z,52,0.0,0.0,0.0,8.0,8.0
20200317,FL,186.0,940.0,872.0,,6.0,1998,2020-03-17T20:00:00Z,1126,2.0,0.0,256.0,45.0,301.0
20200317,GA,146.0,,,,1.0,146,2020-03-17T20:00:00Z,146,0.0,0.0,0.0,25.0,25.0
20200317,GU,5.0,41.0,,,,46,2020-03-17T20:00:00Z,46,0.0,0.0,18.0,2.0,20.0
20200317,HI,10.0,,,,,10,2020-03-17T20:00:00Z,10,0.0,0.0,0.0,3.0,3.0
20200317,IA,23.0,83.0,,,,106,2020-03-17T20:00:00Z,106,0.0,0.0,0.0,1.0,1.0
20200317,ID,7.0,346.0,,,,353,2020-03-17T20:00:00Z,353,0.0,0.0,81.0,2.0,83.0
20200317,IL,160.0,1340.0,,,1.0,1500,2020-03-17T20:00:00Z,1500,1.0,0.0,408.0,67.0,475.0
20200317,IN,30.0,129.0,,,2.0,159,2020-03-17T20:00:00Z,159,1.0,0.0,14.0,6.0,20.0
20200317,KS,15.0,382.0,,,1.0,397,2020-03-17T20:00:00Z,397,0.0,0.0,216.0,4.0,220.0
20200317,KY,22.0,295.0,,,1.0,317,2020-03-17T20:00:00Z,317,0.0,0.0,61.0,1.0,62.0
20200317,LA,171.0,286.0,,,4.0,457,2020-03-17T20:00:00Z,457,2.0,0.0,98.0,57.0,155.0
20200317,MA,218.0,1541.0,,,,1759,2020-03-17T20:00:00Z,1759,0.0,0.0,1189.0,54.0,1243.0
20200317,MD,57.0,94.0,,,,151,2020-03-17T20:00:00Z,151,0.0,0.0,0.0,20.0,20.0
20200317,ME,32.0,1303.0,,,,1335,2020-03-17T20:00:00Z,1335,0.0,0.0,539.0,15.0,554.0
20200317,MI,65.0,272.0,,,,337,2020-03-17T20:00:00Z,337,0.0,0.0,0.0,12.0,12.0
20200317,MN,60.0,2276.0,,,,2336,2020-03-17T20:00:00Z,2336,0.0,0.0,437.0,6.0,443.0
20200317,MO,8.0,207.0,,,0.0,215,2020-03-17T20:00:00Z,215,0.0,0.0,43.0,2.0,45.0
20200317,MP,0.0,,,,,0,2020-03-17T20:00:00Z,0,0.0,0.0,0.0,0.0,0.0
20200317,MS,21.0,368.0,,,,389,2020-03-17T20:00:00Z,389,0.0,0.0,91.0,9.0,100.0
20200317,MT,8.0,303.0,0.0,,,311,2020-03-17T20:00:00Z,311,0.0,0.0,105.0,1.0,106.0
20200317,NC,40.0,474.0,,,0.0,514,2020-03-17T20:00:00Z,514,0.0,0.0,178.0,7.0,185.0
20200317,ND,3.0,220.0,0.0,,0.0,223,2020-03-17T20:00:00Z,223,0.0,0.0,97.0,2.0,99.0
20200317,NE,21.0,206.0,,,,227,2020-03-17T20:00:00Z,227,0.0,0.0,36.0,3.0,39.0
20200317,NH,17.0,355.0,195.0,,,567,2020-03-17T20:00:00Z,372,0.0,0.0,84.0,4.0,88.0
20200317,NJ,267.0,163.0,55.0,,3.0,485,2020-03-17T20:00:00Z,430,1.0,0.0,43.0,89.0,132.0
20200317,NM,23.0,1249.0,,,,1272,2020-03-17T20:00:00Z,1272,0.0,0.0,683.0,6.0,689.0
20200317,NV,55.0,168.0,,,1.0,223,2020-03-17T20:00:00Z,223,0.0,0.0,0.0,10.0,10.0
20200317,NY,1700.0,5506.0,,,7.0,7206,2020-03-17T20:00:00Z,7206,0.0,0.0,963.0,750.0,1713.0
20200317,OH,67.0,140.0,,,,207,2020-03-17T20:00:00Z,207,0.0,0.0,0.0,17.0,17.0
20200317,OK,17.0,247.0,82.0,,,346,2020-03-17T20:00:00Z,264,0.0,0.0,73.0,7.0,80.0
20200317,OR,47.0,689.0,184.0,,,920,2020-03-17T20:00:00Z,736,0.0,0.0,110.0,8.0,118.0
20200317,PA,96.0,879.0,,,,975,2020-03-17T20:00:00Z,975,0.0,0.0,209.0,20.0,229.0
20200317,PR,5.0,13.0,4.0,,,22,2020-03-17T20:00:00Z,18,0.0,0.0,4.0,0.0,4.0
20200317,RI,21.0,308.0,149.0,,,478,2020-03-17T20:00:00Z,329,0.0,0.0,0.0,0.0,0.0
20200317,SC,33.0,311.0,,,1.0,344,2020-03-17T20:00:00Z,344,0.0,0.0,76.0,5.0,81.0
20200317,SD,11.0,551.0,35.0,,,597,2020-03-17T20:00:00Z,562,0.0,0.0,57.0,1.0,58.0
20200317,TN,73.0,330.0,,,,403,2020-03-17T20:00:00Z,403,0.0,0.0,60.0,21.0,81.0
20200317,TX,64.0,1204.0,,,1.0,1268,2020-03-17T20:00:00Z,1268,1.0,0.0,1204.0,7.0,1211.0
20200317,UT,51.0,131.0,,,0.0,182,2020-03-17T20:00:00Z,182,0.0,0.0,0.0,12.0,12.0
20200317,VA,67.0,961.0,,,1.0,1028,2020-03-17T20:00:00Z,1028,0.0,0.0,523.0,16.0,539.0
20200317,VI,2.0,,,,,2,2020-03-17T20:00:00Z,2,0.0,0.0,0.0,1.0,1.0
20200317,VT,10.0,495.0,,,,505,2020-03-17T20:00:00Z,505,0.0,0.0,74.0,2.0,76.0
20200317,WA,904.0,11582.0,,,48.0,12486,2020-03-17T20:00:00Z,12486,6.0,0.0,2131.0,135.0,2266.0
20200317,WI,72.0,1038.0,,,,1110,2020-03-17T20:00:00Z,1110,0.0,0.0,534.0,25.0,559.0
20200317,WV,0.0,80.0,4.0,,0.0,84,2020-03-17T20:00:00Z,80,0.0,0.0,0.0,0.0,0.0
20200317,WY,10.0,95.0,,,,105,2020-03-17T20:00:00Z,105,0.0,0.0,95.0,7.0,102.0
20200316,AK,1.0,143.0,,,,144,2020-03-16T20:00:00Z,144,0.0,0.0,0.0,0.0,0.0
20200316,AL,28.0,28.0,40.0,,0.0,96,2020-03-16T20:00:00Z,56,0.0,0.0,0.0,16.0,16.0
20200316,AR,22.0,132.0,14.0,,,168,2020-03-16T20:00:00Z,154,0.0,0.0,29.0,6.0,35.0
20200316,AS,0.0,,,,,0,2020-03-16T20:00:00Z,0,,,,,
20200316,AZ,18.0,125.0,63.0,,0.0,206,2020-03-16T20:00:00Z,143,0.0,0.0,4.0,6.0,10.0
20200316,CA,335.0,7981.0,,,6.0,8316,2020-03-16T20:00:00Z,8316,1.0,0.0,7065.0,42.0,7107.0
20200316,CO,131.0,627.0,,,1.0,758,2020-03-16T20:00:00Z,758,0.0,0.0,0.0,0.0,0.0
20200316,CT,26.0,125.0,,,,151,2020-03-16T20:00:00Z,151,0.0,0.0,0.0,6.0,6.0
20200316,DC,17.0,96.0,7.0,,,120,2020-03-16T20:00:00Z,113,0.0,0.0,17.0,1.0,18.0
20200316,DE,8.0,36.0,32.0,,,76,2020-03-16T20:00:00Z,44,0.0,0.0,0.0,2.0,2.0
20200316,FL,141.0,684.0,514.0,,4.0,1339,2020-03-16T20:00:00Z,825,0.0,0.0,6.0,25.0,31.0
20200316,GA,121.0,,,,1.0,121,2020-03-16T20:00:00Z,121,0.0,0.0,0.0,22.0,22.0
20200316,GU,3.0,23.0,,,,26,2020-03-16T20:00:00Z,26,,,,,
20200316,HI,7.0,,,,,7,2020-03-16T20:00:00Z,7,0.0,0.0,0.0,5.0,5.0
20200316,IA,22.0,83.0,,,,105,2020-03-16T20:00:00Z,105,0.0,0.0,0.0,4.0,4.0
20200316,ID,5.0,265.0,,,,270,2020-03-16T20:00:00Z,270,0.0,0.0,94.0,0.0,94.0
20200316,IL,93.0,932.0,,,,1025,2020-03-16T20:00:00Z,1025,0.0,0.0,483.0,29.0,512.0
20200316,IN,24.0,115.0,,,1.0,139,2020-03-16T20:00:00Z,139,1.0,0.0,13.0,5.0,18.0
20200316,KS,11.0,166.0,,,1.0,177,2020-03-16T20:00:00Z,177,0.0,0.0,31.0,3.0,34.0
20200316,KY,21.0,234.0,,,1.0,255,2020-03-16T20:00:00Z,255,1.0,0.0,95.0,5.0,100.0
20200316,LA,114.0,188.0,,,2.0,302,2020-03-16T20:00:00Z,302,0.0,0.0,32.0,23.0,55.0
20200316,MA,164.0,352.0,,,,516,2020-03-16T20:00:00Z,516,0.0,0.0,0.0,26.0,26.0
20200316,MD,37.0,94.0,,,,131,2020-03-16T20:00:00Z,131,0.0,0.0,0.0,6.0,6.0
20200316,ME,17.0,764.0,,,,781,2020-03-16T20:00:00Z,781,0.0,0.0,673.0,14.0,687.0
20200316,MI,53.0,272.0,30.0,,,355,2020-03-16T20:00:00Z,325,0.0,0.0,67.0,20.0,87.0
20200316,MN,54.0,1839.0,,,,1893,2020-03-16T20:00:00Z,1893,0.0,0.0,452.0,19.0,471.0
20200316,MO,6.0,164.0,,,0.0,170,2020-03-16T20:00:00Z,170,0.0,0.0,42.0,1.0,43.0
20200316,MP,0.0,,,,,0,2020-03-16T20:00:00Z,0,,,,,
20200316,MS,12.0,277.0,,,,289,2020-03-16T20:00:00Z,289,0.0,0.0,193.0,2.0,195.0
20200316,MT,7.0,198.0,0.0,,,205,2020-03-16T20:00:00Z,205,0.0,0.0,95.0,0.0,95.0
20200316,NC,33.0,296.0,151.0,,0.0,480,2020-03-16T20:00:00Z,329,0.0,0.0,69.0,1.0,70.0
20200316,ND,1.0,123.0,0.0,,0.0,124,2020-03-16T20:00:00Z,124,0.0,0.0,28.0,0.0,28.0
20200316,NE,18.0,170.0,,,,188,2020-03-16T20:00:00Z,188,0.0,0.0,90.0,1.0,91.0
20200316,NH,13.0,271.0,95.0,,,379,2020-03-16T20:00:00Z,284,0.0,0.0,0.0,0.0,0.0
20200316,NJ,178.0,120.0,20.0,,2.0,218,2020-03-16T20:00:00Z,298,0.0,0.0,0.0,80.0,80.0
20200316,NM,17.0,566.0,,,,583,2020-03-16T20:00:00Z,583,0.0,0.0,84.0,4.0,88.0
20200316,NV,45.0,168.0,,,1.0,213,2020-03-16T20:00:00Z,213,1.0,0.0,0.0,24.0,24.0
20200316,NY,950.0,4543.0,,,7.0,5493,2020-03-16T20:00:00Z,5493,4.0,0.0,0.0,221.0,221.0
20200316,OH,50.0,140.0,361.0,,,551,2020-03-16T20:00:00Z,190,0.0,0.0,1.0,14.0,15.0
20200316,OK,10.0,174.0,29.0,,,213,2020-03-16T20:00:00Z,184,0.0,0.0,56.0,1.0,57.0
20200316,OR,39.0,579.0,182.0,,,800,2020-03-16T20:00:00Z,618,0.0,0.0,159.0,3.0,162.0
20200316,PA,76.0,670.0,,,,746,2020-03-16T20:00:00Z,746,0.0,0.0,465.0,13.0,478.0
20200316,PR,5.0,9.0,,,,14,2020-03-16T20:00:00Z,14,,,,,
20200316,RI,21.0,308.0,149.0,,,478,2020-03-16T20:00:00Z,329,0.0,0.0,110.0,1.0,111.0
20200316,SC,28.0,235.0,,,1.0,263,2020-03-16T20:00:00Z,263,1.0,0.0,81.0,9.0,90.0
20200316,SD,10.0,494.0,0.0,,,504,2020-03-16T20:00:00Z,504,0.0,0.0,167.0,1.0,168.0
20200316,TN,52.0,270.0,,,,322,2020-03-16T20:00:00Z,322,0.0,0.0,113.0,13.0,126.0
20200316,TX,57.0,,,,,57,2020-03-16T20:00:00Z,57,0.0,0.0,0.0,1.0,1.0
20200316,UT,39.0,131.0,,,0.0,170,2020-03-16T20:00:00Z,170,0.0,0.0,0.0,11.0,11.0
20200316,VA,51.0,438.0,,,1.0,489,2020-03-16T20:00:00Z,489,0.0,0.0,75.0,6.0,81.0
20200316,VI,1.0,,,,,1,2020-03-16T20:00:00Z,1,,,,,
20200316,VT,8.0,421.0,,,,429,2020-03-16T20:00:00Z,429,0.0,0.0,73.0,4.0,77.0
20200316,WA,769.0,9451.0,,,42.0,10220,2020-03-16T20:00:00Z,10220,2.0,0.0,2329.0,127.0,2456.0
20200316,WI,47.0,504.0,,,,551,2020-03-16T20:00:00Z,551,0.0,0.0,191.0,14.0,205.0
20200316,WV,0.0,80.0,4.0,,0.0,84,2020-03-16T20:00:00Z,80,0.0,0.0,42.0,0.0,42.0
20200316,WY,3.0,,,,,3,2020-03-16T20:00:00Z,3,0.0,0.0,0.0,0.0,0.0
20200315,AK,1.0,143.0,,,,144,2020-03-15T20:00:00Z,144,0.0,0.0,0.0,0.0,0.0
20200315,AL,12.0,28.0,46.0,,0.0,86,2020-03-15T20:00:00Z,40,0.0,0.0,6.0,6.0,12.0
20200315,AR,16.0,103.0,30.0,,,149,2020-03-15T20:00:00Z,119,0.0,0.0,38.0,4.0,42.0
20200315,AZ,12.0,121.0,50.0,,0.0,183,2020-03-15T20:00:00Z,133,0.0,0.0,0.0,0.0,0.0
20200315,CA,293.0,916.0,,,5.0,1209,2020-03-15T20:00:00Z,1209,0.0,0.0,0.0,41.0,41.0
20200315,CO,131.0,627.0,,,1.0,758,2020-03-15T20:00:00Z,758,0.0,0.0,17.0,30.0,47.0
20200315,CT,20.0,125.0,,,,145,2020-03-15T20:00:00Z,145,0.0,0.0,0.0,9.0,9.0
20200315,DC,16.0,79.0,20.0,,,115,2020-03-15T20:00:00Z,95,0.0,0.0,30.0,6.0,36.0
20200315,DE,6.0,36.0,32.0,,,74,2020-03-15T20:00:00Z,42,0.0,0.0,0.0,0.0,0.0
20200315,FL,116.0,678.0,454.0,,4.0,1248,2020-03-15T20:00:00Z,794,1.0,0.0,200.0,39.0,239.0
20200315,GA,99.0,,,,1.0,99,2020-03-15T20:00:00Z,99,0.0,0.0,0.0,33.0,33.0
20200315,HI,2.0,,,,,2,2020-03-15T20:00:00Z,2,0.0,0.0,0.0,0.0,0.0
20200315,IA,18.0,83.0,,,,101,2020-03-15T20:00:00Z,101,0.0,0.0,0.0,1.0,1.0
20200315,ID,5.0,171.0,,,,176,2020-03-15T20:00:00Z,176,0.0,0.0,-3.0,3.0,0.0
20200315,IL,64.0,449.0,195.0,,,708,2020-03-15T20:00:00Z,513,0.0,0.0,133.0,18.0,151.0
20200315,IN,19.0,102.0,,,0.0,121,2020-03-15T20:00:00Z,121,0.0,0.0,28.0,4.0,32.0
20200315,KS,8.0,135.0,,,1.0,143,2020-03-15T20:00:00Z,143,0.0,0.0,42.0,2.0,44.0
20200315,KY,16.0,139.0,,,,155,2020-03-15T20:00:00Z,155,0.0,0.0,0.0,2.0,2.0
20200315,LA,91.0,156.0,,,2.0,247,2020-03-15T20:00:00Z,247,2.0,0.0,47.0,22.0,69.0
20200315,MA,138.0,352.0,,,,490,2020-03-15T20:00:00Z,490,0.0,0.0,0.0,0.0,0.0
20200315,MD,31.0,94.0,,,,125,2020-03-15T20:00:00Z,125,0.0,0.0,0.0,5.0,5.0
20200315,ME,3.0,91.0,17.0,,,111,2020-03-15T20:00:00Z,94,0.0,0.0,0.0,0.0,0.0
20200315,MI,33.0,205.0,26.0,,,264,2020-03-15T20:00:00Z,238,0.0,0.0,0.0,8.0,8.0
20200315,MN,35.0,1387.0,,,,1422,2020-03-15T20:00:00Z,1422,0.0,0.0,540.0,14.0,554.0
20200315,MO,5.0,122.0,,,0.0,127,2020-03-15T20:00:00Z,127,0.0,0.0,32.0,1.0,33.0
20200315,MS,10.0,84.0,,,,94,2020-03-15T20:00:00Z,94,0.0,0.0,0.0,4.0,4.0
20200315,MT,7.0,103.0,57.0,,,167,2020-03-15T20:00:00Z,110,0.0,0.0,0.0,2.0,2.0
20200315,NC,32.0,227.0,151.0,,,410,2020-03-15T20:00:00Z,259,0.0,0.0,90.0,9.0,99.0
20200315,ND,1.0,95.0,4.0,,0.0,100,2020-03-15T20:00:00Z,96,0.0,0.0,41.0,0.0,41.0
20200315,NE,17.0,80.0,33.0,,,130,2020-03-15T20:00:00Z,97,0.0,0.0,0.0,3.0,3.0
20200315,NH,13.0,271.0,95.0,,,379,2020-03-15T20:00:00Z,284,0.0,0.0,59.0,6.0,65.0
20200315,NJ,98.0,120.0,34.0,,2.0,252,2020-03-15T20:00:00Z,218,1.0,0.0,23.0,48.0,71.0
20200315,NM,13.0,482.0,,,,495,2020-03-15T20:00:00Z,495,0.0,0.0,245.0,3.0,248.0
20200315,NV,21.0,168.0,164.0,,,353,2020-03-15T20:00:00Z,189,0.0,0.0,0.0,1.0,1.0
20200315,NY,729.0,4543.0,,,3.0,5272,2020-03-15T20:00:00Z,5272,3.0,0.0,1764.0,205.0,1969.0
20200315,OH,36.0,139.0,350.0,,,525,2020-03-15T20:00:00Z,175,0.0,0.0,89.0,23.0,112.0
20200315,OK,9.0,118.0,12.0,,,139,2020-03-15T20:00:00Z,127,0.0,0.0,82.0,5.0,87.0
20200315,OR,36.0,420.0,225.0,,,681,2020-03-15T20:00:00Z,456,0.0,0.0,83.0,6.0,89.0
20200315,PA,63.0,205.0,183.0,,,451,2020-03-15T20:00:00Z,268,0.0,0.0,0.0,16.0,16.0
20200315,RI,20.0,198.0,57.0,,,275,2020-03-15T20:00:00Z,218,0.0,0.0,0.0,0.0,0.0
20200315,SC,19.0,154.0,,,,173,2020-03-15T20:00:00Z,173,0.0,0.0,44.0,6.0,50.0
20200315,SD,9.0,327.0,6.0,,,342,2020-03-15T20:00:00Z,336,0.0,0.0,145.0,0.0,145.0
20200315,TN,39.0,157.0,,,,196,2020-03-15T20:00:00Z,196,0.0,0.0,27.0,7.0,34.0
20200315,TX,56.0,,,,,56,2020-03-15T20:00:00Z,56,0.0,0.0,0.0,5.0,5.0
20200315,UT,28.0,131.0,,,0.0,159,2020-03-15T20:00:00Z,159,0.0,0.0,0.0,22.0,22.0
20200315,VA,45.0,363.0,,,1.0,408,2020-03-15T20:00:00Z,408,1.0,0.0,246.0,15.0,261.0
20200315,VT,4.0,348.0,,,,352,2020-03-15T20:00:00Z,352,0.0,0.0,121.0,0.0,121.0
20200315,WA,642.0,7122.0,,,40.0,7764,2020-03-15T20:00:00Z,7764,3.0,0.0,1121.0,74.0,1195.0
20200315,WI,33.0,313.0,,,,346,2020-03-15T20:00:00Z,346,0.0,0.0,144.0,14.0,158.0
20200315,WV,0.0,38.0,1.0,,0.0,39,2020-03-15T20:00:00Z,38,0.0,0.0,12.0,0.0,12.0
20200315,WY,3.0,,,,,3,2020-03-15T20:00:00Z,3,0.0,0.0,0.0,1.0,1.0
20200314,AK,1.0,143.0,,,,144,2020-03-14T20:00:00Z,144,0.0,0.0,84.0,0.0,84.0
20200314,AL,6.0,22.0,46.0,,,74,2020-03-14T20:00:00Z,28,0.0,0.0,11.0,5.0,16.0
20200314,AR,12.0,65.0,26.0,,,103,2020-03-14T20:00:00Z,77,0.0,0.0,35.0,3.0,38.0
20200314,AZ,12.0,121.0,50.0,,0.0,183,2020-03-14T20:00:00Z,133,0.0,0.0,27.0,3.0,30.0
20200314,CA,252.0,916.0,,,5.0,1168,2020-03-14T20:00:00Z,1168,1.0,0.0,0.0,50.0,50.0
20200314,CO,101.0,610.0,,,1.0,711,2020-03-14T20:00:00Z,711,1.0,0.0,86.0,29.0,115.0
20200314,CT,11.0,125.0,,,,136,2020-03-14T20:00:00Z,136,0.0,0.0,26.0,5.0,31.0
20200314,DC,10.0,49.0,10.0,,,69,2020-03-14T20:00:00Z,59,0.0,0.0,29.0,0.0,29.0
20200314,DE,6.0,36.0,32.0,,,74,2020-03-14T20:00:00Z,42,0.0,0.0,6.0,2.0,8.0
20200314,FL,77.0,478.0,221.0,,3.0,776,2020-03-14T20:00:00Z,555,1.0,0.0,0.0,27.0,27.0
20200314,GA,66.0,,,,1.0,66,2020-03-14T20:00:00Z,66,0.0,0.0,0.0,24.0,24.0
20200314,HI,2.0,,,,,2,2020-03-14T20:00:00Z,2,0.0,0.0,0.0,0.0,0.0
20200314,IA,17.0,83.0,,,,100,2020-03-14T20:00:00Z,100,0.0,0.0,0.0,1.0,1.0
20200314,ID,2.0,174.0,,,,176,2020-03-14T20:00:00Z,176,0.0,0.0,43.0,2.0,45.0
20200314,IL,46.0,316.0,82.0,,,444,2020-03-14T20:00:00Z,362,0.0,0.0,22.0,14.0,36.0
20200314,IN,15.0,74.0,,,0.0,89,2020-03-14T20:00:00Z,89,0.0,0.0,13.0,3.0,16.0
20200314,KS,6.0,93.0,,,1.0,100,2020-03-14T20:00:00Z,99,1.0,0.0,0.0,0.0,0.0
20200314,KY,14.0,139.0,,,,153,2020-03-14T20:00:00Z,153,0.0,0.0,32.0,3.0,35.0
20200314,LA,69.0,109.0,,,,178,2020-03-14T20:00:00Z,178,0.0,0.0,72.0,33.0,105.0
20200314,MA,138.0,352.0,,,,490,2020-03-14T20:00:00Z,490,0.0,0.0,260.0,15.0,275.0
20200314,MD,26.0,94.0,,,,120,2020-03-14T20:00:00Z,120,0.0,0.0,0.0,9.0,9.0
20200314,ME,3.0,91.0,17.0,,,111,2020-03-14T20:00:00Z,94,0.0,0.0,0.0,0.0,0.0
20200314,MI,25.0,205.0,26.0,,,256,2020-03-14T20:00:00Z,230,0.0,0.0,72.0,9.0,81.0
20200314,MN,21.0,847.0,,,,868,2020-03-14T20:00:00Z,868,0.0,0.0,306.0,7.0,313.0
20200314,MO,4.0,90.0,,,0.0,94,2020-03-14T20:00:00Z,94,0.0,0.0,19.0,2.0,21.0
20200314,MS,6.0,84.0,,,,90,2020-03-14T20:00:00Z,90,0.0,0.0,43.0,2.0,45.0
20200314,MT,5.0,103.0,,,,108,2020-03-14T20:00:00Z,108,0.0,0.0,48.0,4.0,52.0
20200314,NC,23.0,137.0,,,,160,2020-03-14T20:00:00Z,160,0.0,0.0,51.0,8.0,59.0
20200314,ND,1.0,54.0,14.0,,0.0,69,2020-03-14T20:00:00Z,55,0.0,0.0,15.0,0.0,15.0
20200314,NE,14.0,80.0,33.0,,,127,2020-03-14T20:00:00Z,94,0.0,0.0,0.0,1.0,1.0
20200314,NH,7.0,212.0,31.0,,,250,2020-03-14T20:00:00Z,219,0.0,0.0,118.0,1.0,119.0
20200314,NJ,50.0,97.0,80.0,,1.0,227,2020-03-14T20:00:00Z,147,0.0,0.0,0.0,0.0,0.0
20200314,NM,10.0,237.0,,,,247,2020-03-14T20:00:00Z,247,0.0,0.0,47.0,0.0,47.0
20200314,NV,20.0,168.0,,,,188,2020-03-14T20:00:00Z,188,0.0,0.0,0.0,9.0,9.0
20200314,NY,524.0,2779.0,,,,3303,2020-03-14T20:00:00Z,3303,0.0,0.0,0.0,103.0,103.0
20200314,OH,13.0,50.0,159.0,,,222,2020-03-14T20:00:00Z,63,0.0,0.0,0.0,0.0,0.0
20200314,OK,4.0,36.0,37.0,,,77,2020-03-14T20:00:00Z,40,0.0,0.0,0.0,1.0,1.0
20200314,OR,30.0,337.0,157.0,,,524,2020-03-14T20:00:00Z,367,0.0,0.0,0.0,0.0,0.0
20200314,PA,47.0,205.0,150.0,,,402,2020-03-14T20:00:00Z,252,0.0,0.0,65.0,14.0,79.0
20200314,RI,20.0,198.0,57.0,,,275,2020-03-14T20:00:00Z,218,0.0,0.0,56.0,6.0,62.0
20200314,SC,13.0,110.0,,,,123,2020-03-14T20:00:00Z,123,0.0,0.0,35.0,1.0,36.0
20200314,SD,9.0,182.0,3.0,,,194,2020-03-14T20:00:00Z,191,0.0,0.0,109.0,0.0,109.0
20200314,TN,32.0,130.0,,,,162,2020-03-14T20:00:00Z,162,0.0,0.0,14.0,6.0,20.0
20200314,TX,51.0,,,,,51,2020-03-14T20:00:00Z,51,0.0,0.0,0.0,12.0,12.0
20200314,UT,6.0,131.0,,,,137,2020-03-14T20:00:00Z,137,0.0,0.0,0.0,0.0,0.0
20200314,VA,30.0,117.0,,,,147,2020-03-14T20:00:00Z,147,0.0,0.0,0.0,0.0,0.0
20200314,VT,4.0,227.0,,,,231,2020-03-14T20:00:00Z,231,0.0,0.0,85.0,2.0,87.0
20200314,WA,568.0,6001.0,,,37.0,6569,2020-03-14T20:00:00Z,6569,6.0,0.0,1651.0,111.0,1762.0
20200314,WI,19.0,169.0,,,,188,2020-03-14T20:00:00Z,188,0.0,0.0,0.0,0.0,0.0
20200314,WV,0.0,26.0,5.0,,,31,2020-03-14T20:00:00Z,26,0.0,0.0,9.0,0.0,9.0
20200314,WY,2.0,,,,,2,2020-03-14T20:00:00Z,2,0.0,0.0,0.0,1.0,1.0
20200313,AK,1.0,59.0,,,,60,2020-03-13T20:00:00Z,60,0.0,0.0,13.0,1.0,14.0
20200313,AL,1.0,11.0,,,,12,2020-03-13T20:00:00Z,12,0.0,0.0,1.0,1.0,2.0
20200313,AR,9.0,30.0,22.0,,,61,2020-03-13T20:00:00Z,39,0.0,0.0,6.0,3.0,9.0
20200313,AZ,9.0,94.0,40.0,,0.0,143,2020-03-13T20:00:00Z,103,0.0,0.0,12.0,0.0,12.0
20200313,CA,202.0,916.0,,,4.0,1118,2020-03-13T20:00:00Z,1118,0.0,0.0,0.0,0.0,0.0
20200313,CO,72.0,524.0,,,,596,2020-03-13T20:00:00Z,596,0.0,0.0,226.0,27.0,253.0
20200313,CT,6.0,99.0,,,,105,2020-03-13T20:00:00Z,105,0.0,0.0,10.0,0.0,10.0
20200313,DC,10.0,20.0,,,,30,2020-03-13T20:00:00Z,30,0.0,0.0,0.0,0.0,0.0
20200313,DE,4.0,30.0,10.0,,,44,2020-03-13T20:00:00Z,34,0.0,0.0,7.0,0.0,7.0
20200313,FL,50.0,478.0,221.0,,2.0,749,2020-03-13T20:00:00Z,528,0.0,0.0,177.0,18.0,195.0
20200313,GA,42.0,,,,1.0,42,2020-03-13T20:00:00Z,42,1.0,0.0,0.0,11.0,11.0
20200313,HI,2.0,,,,,2,2020-03-13T20:00:00Z,2,0.0,0.0,0.0,0.0,0.0
20200313,IA,16.0,83.0,29.0,,,128,2020-03-13T20:00:00Z,99,0.0,0.0,16.0,2.0,18.0
20200313,ID,0.0,131.0,,,,131,2020-03-13T20:00:00Z,131,0.0,0.0,38.0,0.0,38.0
20200313,IL,32.0,294.0,92.0,,,418,2020-03-13T20:00:00Z,326,0.0,0.0,28.0,7.0,35.0
20200313,IN,12.0,61.0,,,,73,2020-03-13T20:00:00Z,73,0.0,0.0,9.0,0.0,9.0
20200313,KS,6.0,93.0,,,,99,2020-03-13T20:00:00Z,99,0.0,0.0,52.0,2.0,54.0
20200313,KY,11.0,107.0,,,,118,2020-03-13T20:00:00Z,118,0.0,0.0,51.0,3.0,54.0
20200313,LA,36.0,37.0,,,,73,2020-03-13T20:00:00Z,73,0.0,0.0,0.0,22.0,22.0
20200313,MA,123.0,92.0,,,,215,2020-03-13T20:00:00Z,215,0.0,0.0,92.0,28.0,120.0
20200313,MD,17.0,94.0,,,,111,2020-03-13T20:00:00Z,111,0.0,0.0,0.0,5.0,5.0
20200313,ME,3.0,91.0,17.0,,,111,2020-03-13T20:00:00Z,94,0.0,0.0,26.0,2.0,28.0
20200313,MI,16.0,133.0,26.0,,,175,2020-03-13T20:00:00Z,149,0.0,0.0,42.0,14.0,56.0
20200313,MN,14.0,541.0,,,,555,2020-03-13T20:00:00Z,555,0.0,0.0,234.0,5.0,239.0
20200313,MO,2.0,71.0,,,,73,2020-03-13T20:00:00Z,73,0.0,0.0,7.0,1.0,8.0
20200313,MS,4.0,41.0,,,,45,2020-03-13T20:00:00Z,45,0.0,0.0,0.0,3.0,3.0
20200313,MT,1.0,55.0,,,,56,2020-03-13T20:00:00Z,56,0.0,0.0,21.0,0.0,21.0
20200313,NC,15.0,86.0,,,,101,2020-03-13T20:00:00Z,101,0.0,0.0,26.0,3.0,29.0
20200313,ND,1.0,39.0,12.0,,0.0,52,2020-03-13T20:00:00Z,40,0.0,0.0,27.0,0.0,27.0
20200313,NE,13.0,80.0,33.0,,,126,2020-03-13T20:00:00Z,93,0.0,0.0,0.0,3.0,3.0
20200313,NH,6.0,94.0,21.0,,,121,2020-03-13T20:00:00Z,100,0.0,0.0,0.0,0.0,0.0
20200313,NJ,50.0,97.0,80.0,,1.0,227,2020-03-13T20:00:00Z,147,0.0,0.0,23.0,20.0,43.0
20200313,NM,10.0,190.0,,,,200,2020-03-13T20:00:00Z,200,0.0,0.0,35.0,5.0,40.0
20200313,NV,11.0,168.0,,,,179,2020-03-13T20:00:00Z,179,0.0,0.0,0.0,4.0,4.0
20200313,NY,421.0,2779.0,,,,3200,2020-03-13T20:00:00Z,3200,0.0,0.0,2687.0,205.0,2892.0
20200313,OH,13.0,50.0,159.0,,,222,2020-03-13T20:00:00Z,63,0.0,0.0,20.0,8.0,28.0
20200313,OK,3.0,36.0,37.0,,,76,2020-03-13T20:00:00Z,39,0.0,0.0,0.0,0.0,0.0
20200313,OR,30.0,337.0,157.0,,,524,2020-03-13T20:00:00Z,367,0.0,0.0,51.0,11.0,62.0
20200313,PA,33.0,140.0,130.0,,,303,2020-03-13T20:00:00Z,173,0.0,0.0,24.0,11.0,35.0
20200313,RI,14.0,142.0,29.0,,,185,2020-03-13T20:00:00Z,156,0.0,0.0,48.0,9.0,57.0
20200313,SC,12.0,75.0,,,,87,2020-03-13T20:00:00Z,87,0.0,0.0,27.0,2.0,29.0
20200313,SD,9.0,73.0,11.0,,,93,2020-03-13T20:00:00Z,82,0.0,0.0,46.0,1.0,47.0
20200313,TN,26.0,116.0,,,,142,2020-03-13T20:00:00Z,142,0.0,0.0,37.0,8.0,45.0
20200313,TX,39.0,,,,,39,2020-03-13T20:00:00Z,39,0.0,0.0,0.0,16.0,16.0
20200313,UT,6.0,131.0,,,,137,2020-03-13T20:00:00Z,137,0.0,0.0,0.0,2.0,2.0
20200313,VA,30.0,117.0,,,,147,2020-03-13T20:00:00Z,147,0.0,0.0,0.0,13.0,13.0
20200313,VT,2.0,142.0,,,,144,2020-03-13T20:00:00Z,144,0.0,0.0,45.0,0.0,45.0
20200313,WA,457.0,4350.0,,,31.0,4807,2020-03-13T20:00:00Z,4807,2.0,0.0,1313.0,120.0,1433.0
20200313,WI,19.0,169.0,,,,188,2020-03-13T20:00:00Z,188,0.0,0.0,85.0,11.0,96.0
20200313,WV,0.0,17.0,4.0,,,21,2020-03-13T20:00:00Z,17,0.0,0.0,10.0,0.0,10.0
20200313,WY,1.0,,,,,1,2020-03-13T20:00:00Z,1,0.0,0.0,0.0,0.0,0.0
20200312,AK,0.0,46.0,14.0,,,60,2020-03-12T20:00:00Z,46,0.0,0.0,0.0,0.0,0.0
20200312,AL,0.0,10.0,,,,10,2020-03-12T20:00:00Z,10,0.0,0.0,0.0,0.0,0.0
20200312,AR,6.0,24.0,20.0,,,50,2020-03-12T20:00:00Z,30,0.0,0.0,12.0,6.0,18.0
20200312,AZ,9.0,82.0,24.0,,,115,2020-03-12T20:00:00Z,91,0.0,0.0,23.0,0.0,23.0
20200312,CA,202.0,916.0,,,4.0,1118,2020-03-12T20:00:00Z,1118,4.0,0.0,0.0,45.0,45.0
20200312,CO,45.0,298.0,,,,343,2020-03-12T20:00:00Z,343,0.0,0.0,47.0,17.0,64.0
20200312,CT,6.0,89.0,,,,95,2020-03-12T20:00:00Z,95,0.0,0.0,18.0,3.0,21.0
20200312,DC,10.0,20.0,,,,30,2020-03-12T20:00:00Z,30,0.0,0.0,0.0,6.0,6.0
20200312,DE,4.0,23.0,14.0,,,41,2020-03-12T20:00:00Z,27,0.0,0.0,6.0,3.0,9.0
20200312,FL,32.0,301.0,147.0,,2.0,480,2020-03-12T20:00:00Z,333,0.0,0.0,0.0,4.0,4.0
20200312,GA,31.0,,,,,31,2020-03-12T20:00:00Z,31,0.0,0.0,0.0,9.0,9.0
20200312,HI,2.0,,,,,2,2020-03-12T20:00:00Z,2,0.0,0.0,0.0,0.0,0.0
20200312,IA,14.0,67.0,24.0,,,105,2020-03-12T20:00:00Z,81,0.0,0.0,21.0,1.0,22.0
20200312,ID,0.0,93.0,,,,93,2020-03-12T20:00:00Z,93,0.0,0.0,26.0,0.0,26.0
20200312,IL,25.0,266.0,76.0,,,367,2020-03-12T20:00:00Z,291,0.0,0.0,22.0,6.0,28.0
20200312,IN,12.0,52.0,,,,64,2020-03-12T20:00:00Z,64,0.0,0.0,19.0,2.0,21.0
20200312,KS,4.0,41.0,,,,45,2020-03-12T20:00:00Z,45,0.0,0.0,0.0,3.0,3.0
20200312,KY,8.0,56.0,,,,64,2020-03-12T20:00:00Z,64,0.0,0.0,10.0,0.0,10.0
20200312,LA,14.0,37.0,,,,51,2020-03-12T20:00:00Z,51,0.0,0.0,0.0,8.0,8.0
20200312,MA,95.0,,,,,95,2020-03-12T20:00:00Z,95,0.0,0.0,0.0,3.0,3.0
20200312,MD,12.0,94.0,,,,106,2020-03-12T20:00:00Z,106,0.0,0.0,0.0,3.0,3.0
20200312,ME,1.0,65.0,20.0,,,86,2020-03-12T20:00:00Z,66,0.0,0.0,23.0,1.0,24.0
20200312,MI,2.0,91.0,27.0,,,120,2020-03-12T20:00:00Z,93,0.0,0.0,34.0,0.0,34.0
20200312,MN,9.0,307.0,,,,316,2020-03-12T20:00:00Z,316,0.0,0.0,90.0,4.0,94.0
20200312,MO,1.0,64.0,,,,65,2020-03-12T20:00:00Z,65,0.0,0.0,64.0,0.0,64.0
20200312,MS,1.0,41.0,,,,42,2020-03-12T20:00:00Z,42,0.0,0.0,21.0,1.0,22.0
20200312,MT,1.0,34.0,,,,35,2020-03-12T20:00:00Z,35,0.0,0.0,13.0,1.0,14.0
20200312,NC,12.0,60.0,,,,72,2020-03-12T20:00:00Z,72,0.0,0.0,60.0,5.0,65.0
20200312,ND,1.0,12.0,14.0,,,27,2020-03-12T20:00:00Z,13,0.0,0.0,5.0,1.0,6.0
20200312,NE,10.0,80.0,33.0,,,123,2020-03-12T20:00:00Z,90,0.0,0.0,33.0,5.0,38.0
20200312,NH,6.0,94.0,21.0,,,121,2020-03-12T20:00:00Z,100,0.0,0.0,56.0,2.0,58.0
20200312,NJ,30.0,74.0,20.0,,1.0,124,2020-03-12T20:00:00Z,104,0.0,0.0,17.0,6.0,23.0
20200312,NM,5.0,155.0,,,,160,2020-03-12T20:00:00Z,160,0.0,0.0,68.0,2.0,70.0
20200312,NV,7.0,168.0,,,,175,2020-03-12T20:00:00Z,175,0.0,0.0,0.0,2.0,2.0
20200312,NY,216.0,92.0,,,,308,2020-03-12T20:00:00Z,308,0.0,0.0,0.0,0.0,0.0
20200312,OH,5.0,30.0,52.0,,,87,2020-03-12T20:00:00Z,35,0.0,0.0,9.0,1.0,10.0
20200312,OK,3.0,36.0,4.0,,,43,2020-03-12T20:00:00Z,39,0.0,0.0,21.0,1.0,22.0
20200312,OR,19.0,286.0,62.0,,,367,2020-03-12T20:00:00Z,305,0.0,0.0,0.0,0.0,0.0
20200312,PA,22.0,116.0,81.0,,,219,2020-03-12T20:00:00Z,138,0.0,0.0,28.0,7.0,35.0
20200312,RI,5.0,94.0,8.0,,,107,2020-03-12T20:00:00Z,99,0.0,0.0,36.0,0.0,36.0
20200312,SC,10.0,48.0,,,,58,2020-03-12T20:00:00Z,58,0.0,0.0,16.0,1.0,17.0
20200312,SD,8.0,27.0,11.0,,,46,2020-03-12T20:00:00Z,35,0.0,0.0,14.0,3.0,17.0
20200312,TN,18.0,79.0,,,,97,2020-03-12T20:00:00Z,97,0.0,0.0,29.0,11.0,40.0
20200312,TX,23.0,,,,,23,2020-03-12T20:00:00Z,23,0.0,0.0,0.0,2.0,2.0
20200312,UT,4.0,131.0,,,,135,2020-03-12T20:00:00Z,135,0.0,0.0,131.0,2.0,133.0
20200312,VA,17.0,117.0,,,,134,2020-03-12T20:00:00Z,134,0.0,0.0,57.0,8.0,65.0
20200312,VT,2.0,97.0,,,,99,2020-03-12T20:00:00Z,99,0.0,0.0,35.0,1.0,36.0
20200312,WA,337.0,3037.0,,,29.0,3403,2020-03-12T20:00:00Z,3374,5.0,0.0,862.0,70.0,932.0
20200312,WI,8.0,84.0,,,,92,2020-03-12T20:00:00Z,92,0.0,0.0,41.0,5.0,46.0
20200312,WV,0.0,7.0,1.0,,,8,2020-03-12T20:00:00Z,7,0.0,0.0,4.0,0.0,4.0
20200312,WY,1.0,,,,,1,2020-03-12T20:00:00Z,1,0.0,0.0,0.0,1.0,1.0
20200311,AK,0.0,46.0,14.0,,,60,2020-03-11T20:00:00Z,46,0.0,0.0,23.0,0.0,23.0
20200311,AL,0.0,10.0,,,,10,2020-03-11T20:00:00Z,10,0.0,0.0,10.0,0.0,10.0
20200311,AR,0.0,12.0,14.0,,,26,2020-03-11T20:00:00Z,12,0.0,0.0,0.0,0.0,0.0
20200311,AZ,9.0,59.0,32.0,,,100,2020-03-11T20:00:00Z,68,0.0,0.0,8.0,3.0,11.0
20200311,CA,157.0,916.0,,,,1073,2020-03-11T20:00:00Z,1073,0.0,0.0,226.0,24.0,250.0
20200311,CO,28.0,251.0,,,,279,2020-03-11T20:00:00Z,279,0.0,0.0,109.0,16.0,125.0
20200311,CT,3.0,71.0,,,,74,2020-03-11T20:00:00Z,74,0.0,0.0,17.0,1.0,18.0
20200311,DC,4.0,20.0,15.0,,,39,2020-03-11T20:00:00Z,24,0.0,0.0,3.0,-1.0,2.0
20200311,DE,1.0,17.0,2.0,,,20,2020-03-11T20:00:00Z,18,0.0,0.0,0.0,1.0,1.0
20200311,FL,28.0,301.0,147.0,,2.0,476,2020-03-11T20:00:00Z,329,2.0,0.0,79.0,9.0,88.0
20200311,GA,22.0,,,,,22,2020-03-11T20:00:00Z,22,0.0,0.0,0.0,5.0,5.0
20200311,HI,2.0,,,,,2,2020-03-11T20:00:00Z,2,0.0,0.0,0.0,0.0,0.0
20200311,IA,13.0,46.0,27.0,,,86,2020-03-11T20:00:00Z,59,0.0,0.0,14.0,5.0,19.0
20200311,ID,0.0,67.0,,,,67,2020-03-11T20:00:00Z,67,0.0,0.0,26.0,0.0,26.0
20200311,IL,19.0,244.0,63.0,,,326,2020-03-11T20:00:00Z,263,0.0,0.0,0.0,0.0,0.0
20200311,IN,10.0,33.0,,,,43,2020-03-11T20:00:00Z,43,0.0,0.0,3.0,4.0,7.0
20200311,KS,1.0,41.0,,,,42,2020-03-11T20:00:00Z,42,0.0,0.0,24.0,0.0,24.0
20200311,KY,8.0,46.0,,,,54,2020-03-11T20:00:00Z,54,0.0,0.0,18.0,2.0,20.0
20200311,LA,6.0,37.0,,,,43,2020-03-11T20:00:00Z,43,0.0,0.0,26.0,5.0,31.0
20200311,MA,92.0,,,,,92,2020-03-11T20:00:00Z,92,0.0,0.0,0.0,0.0,0.0
20200311,MD,9.0,94.0,,,,103,2020-03-11T20:00:00Z,103,0.0,0.0,5.0,3.0,8.0
20200311,ME,0.0,42.0,5.0,,,47,2020-03-11T20:00:00Z,42,0.0,0.0,22.0,0.0,22.0
20200311,MI,2.0,57.0,18.0,,,77,2020-03-11T20:00:00Z,59,0.0,0.0,18.0,2.0,20.0
20200311,MN,5.0,217.0,,,,222,2020-03-11T20:00:00Z,222,0.0,0.0,85.0,2.0,87.0
20200311,MO,1.0,,,,,1,2020-03-11T20:00:00Z,1,0.0,0.0,0.0,0.0,0.0
20200311,MS,0.0,20.0,,,,20,2020-03-11T20:00:00Z,20,0.0,0.0,20.0,0.0,20.0
20200311,MT,0.0,21.0,,,,21,2020-03-11T20:00:00Z,21,0.0,0.0,6.0,0.0,6.0
20200311,NC,7.0,,,,,7,2020-03-11T20:00:00Z,7,0.0,0.0,0.0,0.0,0.0
20200311,ND,0.0,7.0,6.0,,,13,2020-03-11T20:00:00Z,7,0.0,0.0,1.0,0.0,1.0
20200311,NE,5.0,47.0,16.0,,,68,2020-03-11T20:00:00Z,52,0.0,0.0,0.0,2.0,2.0
20200311,NH,4.0,38.0,5.0,,,47,2020-03-11T20:00:00Z,42,0.0,0.0,0.0,0.0,0.0
20200311,NJ,24.0,57.0,20.0,,1.0,100,2020-03-11T20:00:00Z,81,1.0,0.0,13.0,9.0,22.0
20200311,NM,3.0,87.0,,,,90,2020-03-11T20:00:00Z,90,0.0,0.0,18.0,3.0,21.0
20200311,NV,5.0,168.0,,,,173,2020-03-11T20:00:00Z,173,0.0,0.0,154.0,5.0,159.0
20200311,NY,216.0,92.0,,,,308,2020-03-11T20:00:00Z,308,0.0,0.0,0.0,43.0,43.0
20200311,OH,4.0,21.0,24.0,,,49,2020-03-11T20:00:00Z,25,0.0,0.0,7.0,1.0,8.0
20200311,OK,2.0,15.0,11.0,,,28,2020-03-11T20:00:00Z,17,0.0,0.0,0.0,0.0,0.0
20200311,OR,19.0,286.0,62.0,,,367,2020-03-11T20:00:00Z,305,0.0,0.0,73.0,4.0,77.0
20200311,PA,15.0,88.0,54.0,,,157,2020-03-11T20:00:00Z,103,0.0,0.0,88.0,3.0,91.0
20200311,RI,5.0,58.0,24.0,,,87,2020-03-11T20:00:00Z,63,0.0,0.0,5.0,2.0,7.0
20200311,SC,9.0,32.0,,,,41,2020-03-11T20:00:00Z,41,0.0,0.0,8.0,2.0,10.0
20200311,SD,5.0,13.0,2.0,,,20,2020-03-11T20:00:00Z,18,0.0,0.0,2.0,5.0,7.0
20200311,TN,7.0,50.0,,,,57,2020-03-11T20:00:00Z,57,0.0,0.0,50.0,0.0,50.0
20200311,TX,21.0,,,,,21,2020-03-11T20:00:00Z,21,0.0,0.0,0.0,8.0,8.0
20200311,UT,2.0,,,,,2,2020-03-11T20:00:00Z,2,0.0,0.0,0.0,0.0,0.0
20200311,VA,9.0,60.0,,,,69,2020-03-11T20:00:00Z,69,0.0,0.0,7.0,1.0,8.0
20200311,VT,1.0,62.0,,,,63,2020-03-11T20:00:00Z,63,0.0,0.0,22.0,0.0,22.0
20200311,WA,267.0,2175.0,,,24.0,2466,2020-03-11T20:00:00Z,2442,24.0,0.0,1065.0,105.0,1170.0
20200311,WI,3.0,43.0,,,,46,2020-03-11T20:00:00Z,46,0.0,0.0,7.0,1.0,8.0
20200311,WV,0.0,3.0,2.0,,,5,2020-03-11T20:00:00Z,3,0.0,0.0,1.0,0.0,1.0
20200311,WY,0.0,,,,,0,2020-03-11T20:00:00Z,0,0.0,0.0,0.0,0.0,0.0
20200310,AK,0.0,23.0,9.0,,,32,2020-03-10T20:00:00Z,23,0.0,0.0,0.0,0.0,0.0
20200310,AL,0.0,0.0,0.0,,,0,2020-03-10T20:00:00Z,0,0.0,0.0,0.0,0.0,0.0
20200310,AR,0.0,12.0,3.0,,,15,2020-03-10T20:00:00Z,12,0.0,0.0,0.0,0.0,0.0
20200310,AZ,6.0,51.0,27.0,,,84,2020-03-10T20:00:00Z,57,0.0,0.0,7.0,1.0,8.0
20200310,CA,133.0,690.0,,,,823,2020-03-10T20:00:00Z,823,0.0,0.0,0.0,19.0,19.0
20200310,CO,12.0,142.0,1.0,,,155,2020-03-10T20:00:00Z,154,0.0,0.0,9.0,3.0,12.0
20200310,CT,2.0,54.0,,,,56,2020-03-10T20:00:00Z,56,0.0,0.0,8.0,1.0,9.0
20200310,DC,5.0,17.0,2.0,,,24,2020-03-10T20:00:00Z,22,0.0,0.0,3.0,4.0,7.0
20200310,DE,0.0,17.0,3.0,,,20,2020-03-10T20:00:00Z,17,0.0,0.0,2.0,0.0,2.0
20200310,FL,19.0,222.0,155.0,,,396,2020-03-10T20:00:00Z,241,0.0,0.0,82.0,1.0,83.0
20200310,GA,17.0,,,,,17,2020-03-10T20:00:00Z,17,0.0,0.0,0.0,5.0,5.0
20200310,HI,2.0,,,,,2,2020-03-10T20:00:00Z,2,0.0,0.0,0.0,0.0,0.0
20200310,IA,8.0,32.0,11.0,,,51,2020-03-10T20:00:00Z,40,0.0,0.0,6.0,5.0,11.0
20200310,ID,0.0,41.0,,,,41,2020-03-10T20:00:00Z,41,0.0,0.0,0.0,0.0,0.0
20200310,IL,19.0,244.0,63.0,,,326,2020-03-10T20:00:00Z,263,0.0,0.0,53.0,12.0,65.0
20200310,IN,6.0,30.0,,,,36,2020-03-10T20:00:00Z,36,0.0,0.0,30.0,4.0,34.0
20200310,KS,1.0,17.0,21.0,,,39,2020-03-10T20:00:00Z,18,0.0,0.0,6.0,0.0,6.0
20200310,KY,6.0,28.0,,,,34,2020-03-10T20:00:00Z,34,0.0,0.0,11.0,2.0,13.0
20200310,LA,1.0,11.0,,,,12,2020-03-10T20:00:00Z,12,0.0,0.0,6.0,0.0,6.0
20200310,MA,92.0,,,,,92,2020-03-10T20:00:00Z,92,0.0,0.0,0.0,51.0,51.0
20200310,MD,6.0,89.0,,,,95,2020-03-10T20:00:00Z,95,0.0,0.0,16.0,1.0,17.0
20200310,ME,0.0,20.0,5.0,,,25,2020-03-10T20:00:00Z,20,0.0,0.0,19.0,0.0,19.0
20200310,MI,0.0,39.0,24.0,,,63,2020-03-10T20:00:00Z,39,0.0,0.0,3.0,0.0,3.0
20200310,MN,3.0,132.0,,,,135,2020-03-10T20:00:00Z,135,0.0,0.0,52.0,1.0,53.0
20200310,MO,1.0,,,,,1,2020-03-10T20:00:00Z,1,0.0,0.0,0.0,0.0,0.0
20200310,MS,0.0,,,,,0,2020-03-10T20:00:00Z,0,0.0,0.0,0.0,0.0,0.0
20200310,MT,0.0,15.0,,,,15,2020-03-10T20:00:00Z,15,0.0,0.0,4.0,0.0,4.0
20200310,NC,7.0,,,,,7,2020-03-10T20:00:00Z,7,0.0,0.0,0.0,5.0,5.0
20200310,ND,0.0,6.0,2.0,,,8,2020-03-10T20:00:00Z,6,0.0,0.0,6.0,0.0,6.0
20200310,NE,3.0,47.0,16.0,,,66,2020-03-10T20:00:00Z,50,0.0,0.0,11.0,0.0,11.0
20200310,NH,4.0,38.0,5.0,,,47,2020-03-10T20:00:00Z,42,0.0,0.0,0.0,0.0,0.0
20200310,NJ,15.0,44.0,20.0,,,79,2020-03-10T20:00:00Z,59,0.0,0.0,9.0,4.0,13.0
20200310,NM,0.0,69.0,,,,69,2020-03-10T20:00:00Z,69,0.0,0.0,12.0,0.0,12.0
20200310,NV,0.0,14.0,,,,14,2020-03-10T20:00:00Z,14,0.0,0.0,0.0,0.0,-1.0
20200310,NY,173.0,92.0,,,,265,2020-03-10T20:00:00Z,265,0.0,0.0,0.0,31.0,31.0
20200310,OH,3.0,14.0,15.0,,,32,2020-03-10T20:00:00Z,17,0.0,0.0,3.0,0.0,3.0
20200310,OK,2.0,15.0,11.0,,,28,2020-03-10T20:00:00Z,17,0.0,0.0,7.0,1.0,8.0
20200310,OR,15.0,213.0,67.0,,,295,2020-03-10T20:00:00Z,228,0.0,0.0,48.0,1.0,49.0
20200310,PA,12.0,,,,,12,2020-03-10T20:00:00Z,12,0.0,0.0,0.0,5.0,5.0
20200310,RI,3.0,53.0,6.0,,,62,2020-03-10T20:00:00Z,56,0.0,0.0,0.0,0.0,0.0
20200310,SC,7.0,24.0,,,,31,2020-03-10T20:00:00Z,31,0.0,0.0,0.0,0.0,0.0
20200310,SD,0.0,11.0,0.0,,,11,2020-03-10T20:00:00Z,11,0.0,0.0,6.0,0.0,6.0
20200310,TN,7.0,,,,,7,2020-03-10T20:00:00Z,7,0.0,0.0,0.0,4.0,4.0
20200310,TX,13.0,,,,,13,2020-03-10T20:00:00Z,13,0.0,0.0,0.0,1.0,1.0
20200310,UT,2.0,,,,,2,2020-03-10T20:00:00Z,2,0.0,0.0,0.0,1.0,1.0
20200310,VA,8.0,53.0,,,,61,2020-03-10T20:00:00Z,61,0.0,0.0,15.0,5.0,20.0
20200310,VT,1.0,40.0,,,,41,2020-03-10T20:00:00Z,41,0.0,0.0,6.0,0.0,6.0
20200310,WA,162.0,1110.0,,,,1272,2020-03-10T20:00:00Z,1272,0.0,0.0,0.0,26.0,26.0
20200310,WI,2.0,36.0,,,,38,2020-03-10T20:00:00Z,38,0.0,0.0,0.0,1.0,1.0
20200310,WV,0.0,2.0,3.0,,,5,2020-03-10T20:00:00Z,2,0.0,0.0,0.0,0.0,0.0
20200310,WY,0.0,0.0,0.0,,,0,2020-03-10T20:00:00Z,0,0.0,0.0,0.0,0.0,0.0
20200309,AK,0.0,23.0,9.0,,,32,2020-03-09T20:00:00Z,23,0.0,0.0,9.0,0.0,9.0
20200309,AL,0.0,,,,,0,2020-03-09T20:00:00Z,0,0.0,0.0,0.0,0.0,0.0
20200309,AR,0.0,12.0,0.0,,,12,2020-03-09T20:00:00Z,12,0.0,0.0,6.0,0.0,6.0
20200309,AZ,5.0,44.0,7.0,,,56,2020-03-09T20:00:00Z,49,0.0,0.0,0.0,0.0,0.0
20200309,CA,114.0,690.0,,,,804,2020-03-09T20:00:00Z,804,0.0,0.0,228.0,26.0,254.0
20200309,CO,9.0,133.0,,,,142,2020-03-09T20:00:00Z,142,0.0,0.0,29.0,1.0,30.0
20200309,CT,1.0,46.0,,,,47,2020-03-09T20:00:00Z,47,0.0,0.0,17.0,0.0,17.0
20200309,DC,1.0,14.0,3.0,,,18,2020-03-09T20:00:00Z,15,0.0,0.0,4.0,0.0,4.0
20200309,DE,0.0,15.0,3.0,,,18,2020-03-09T20:00:00Z,15,0.0,0.0,5.0,0.0,5.0
20200309,FL,18.0,140.0,115.0,,,273,2020-03-09T20:00:00Z,158,0.0,0.0,22.0,1.0,23.0
20200309,GA,12.0,,,,,12,2020-03-09T20:00:00Z,12,0.0,0.0,0.0,5.0,5.0
20200309,HI,2.0,,,,,2,2020-03-09T20:00:00Z,2,0.0,0.0,0.0,1.0,1.0
20200309,IA,3.0,26.0,8.0,,,37,2020-03-09T20:00:00Z,29,0.0,0.0,11.0,3.0,14.0
20200309,ID,0.0,41.0,,,,41,2020-03-09T20:00:00Z,41,0.0,0.0,14.0,0.0,14.0
20200309,IL,7.0,191.0,44.0,,,242,2020-03-09T20:00:00Z,198,0.0,0.0,0.0,1.0,1.0
20200309,IN,2.0,,,,,2,2020-03-09T20:00:00Z,2,0.0,0.0,0.0,0.0,0.0
20200309,KS,1.0,11.0,0.0,,,12,2020-03-09T20:00:00Z,12,0.0,0.0,0.0,0.0,0.0
20200309,KY,4.0,17.0,,,,21,2020-03-09T20:00:00Z,21,0.0,0.0,4.0,3.0,7.0
20200309,LA,1.0,5.0,,,,6,2020-03-09T20:00:00Z,6,0.0,0.0,0.0,1.0,1.0
20200309,MA,41.0,,,,,41,2020-03-09T20:00:00Z,41,0.0,0.0,0.0,28.0,28.0
20200309,MD,5.0,73.0,,,,78,2020-03-09T20:00:00Z,78,0.0,0.0,21.0,2.0,23.0
20200309,ME,0.0,1.0,,,,1,2020-03-09T20:00:00Z,1,0.0,0.0,0.0,0.0,0.0
20200309,MI,0.0,36.0,11.0,,,47,2020-03-09T20:00:00Z,36,0.0,0.0,10.0,0.0,10.0
20200309,MN,2.0,80.0,,,,82,2020-03-09T20:00:00Z,82,0.0,0.0,32.0,1.0,33.0
20200309,MO,1.0,,,,,1,2020-03-09T20:00:00Z,1,0.0,0.0,0.0,0.0,0.0
20200309,MS,0.0,,,,,0,2020-03-09T20:00:00Z,0,0.0,0.0,0.0,0.0,0.0
20200309,MT,0.0,11.0,0.0,,,11,2020-03-09T20:00:00Z,11,0.0,0.0,0.0,0.0,0.0
20200309,NC,2.0,,,,,2,2020-03-09T20:00:00Z,2,0.0,0.0,0.0,0.0,0.0
20200309,ND,0.0,0.0,,,,0,2020-03-09T20:00:00Z,0,0.0,0.0,0.0,0.0,0.0
20200309,NE,3.0,36.0,9.0,,,48,2020-03-09T20:00:00Z,39,0.0,0.0,19.0,2.0,21.0
20200309,NH,4.0,38.0,5.0,,,47,2020-03-09T20:00:00Z,42,0.0,0.0,0.0,0.0,0.0
20200309,NJ,11.0,35.0,14.0,,,60,2020-03-09T20:00:00Z,46,0.0,0.0,4.0,5.0,9.0
20200309,NM,0.0,57.0,0.0,,,57,2020-03-09T20:00:00Z,57,0.0,0.0,9.0,0.0,9.0
20200309,NV,1.0,14.0,,,,15,2020-03-09T20:00:00Z,15,0.0,0.0,0.0,0.0,0.0
20200309,NY,142.0,92.0,,,,234,2020-03-09T20:00:00Z,234,0.0,0.0,0.0,37.0,37.0
20200309,OH,3.0,11.0,5.0,,,19,2020-03-09T20:00:00Z,14,0.0,0.0,1.0,3.0,4.0
20200309,OK,1.0,8.0,10.0,,,19,2020-03-09T20:00:00Z,9,0.0,0.0,0.0,0.0,0.0
20200309,OR,14.0,165.0,52.0,,,231,2020-03-09T20:00:00Z,179,0.0,0.0,65.0,0.0,65.0
20200309,PA,7.0,,,,,7,2020-03-09T20:00:00Z,7,0.0,0.0,0.0,3.0,3.0
20200309,RI,3.0,53.0,6.0,,,62,2020-03-09T20:00:00Z,56,0.0,0.0,23.0,0.0,23.0
20200309,SC,7.0,24.0,,,,31,2020-03-09T20:00:00Z,31,0.0,0.0,16.0,5.0,21.0
20200309,SD,0.0,5.0,0.0,,,5,2020-03-09T20:00:00Z,5,0.0,0.0,0.0,0.0,0.0
20200309,TN,3.0,,,,,3,2020-03-09T20:00:00Z,3,0.0,0.0,0.0,0.0,0.0
20200309,TX,12.0,,,,,12,2020-03-09T20:00:00Z,12,0.0,0.0,0.0,4.0,4.0
20200309,UT,1.0,,,,,1,2020-03-09T20:00:00Z,1,0.0,0.0,0.0,0.0,0.0
20200309,VA,3.0,38.0,9.0,,,50,2020-03-09T20:00:00Z,41,0.0,0.0,2.0,1.0,3.0
20200309,VT,1.0,34.0,,,,35,2020-03-09T20:00:00Z,35,0.0,0.0,6.0,0.0,6.0
20200309,WA,136.0,1110.0,,,,1246,2020-03-09T20:00:00Z,1246,0.0,0.0,470.0,34.0,504.0
20200309,WI,1.0,36.0,,,,37,2020-03-09T20:00:00Z,37,0.0,0.0,5.0,0.0,5.0
20200309,WV,0.0,2.0,3.0,,,5,2020-03-09T20:00:00Z,2,0.0,0.0,0.0,0.0,0.0
20200309,WY,0.0,,,,,0,2020-03-09T20:00:00Z,0,0.0,0.0,0.0,0.0,0.0
20200308,AK,0.0,14.0,6.0,,,20,2020-03-08T20:00:00Z,14,0.0,0.0,2.0,0.0,2.0
20200308,AL,0.0,,,,,0,2020-03-08T20:00:00Z,0,0.0,0.0,0.0,0.0,0.0
20200308,AR,0.0,6.0,0.0,,,6,2020-03-08T20:00:00Z,6,0.0,0.0,0.0,0.0,0.0
20200308,AZ,5.0,44.0,7.0,,,56,2020-03-08T20:00:00Z,49,0.0,0.0,0.0,0.0,0.0
20200308,CA,88.0,462.0,,,,550,2020-03-08T20:00:00Z,550,0.0,0.0,0.0,19.0,19.0
20200308,CO,8.0,104.0,,,,112,2020-03-08T20:00:00Z,112,0.0,0.0,49.0,0.0,49.0
20200308,CT,1.0,29.0,8.0,,,38,2020-03-08T20:00:00Z,30,0.0,0.0,29.0,1.0,30.0
20200308,DC,1.0,10.0,0.0,,,11,2020-03-08T20:00:00Z,11,0.0,0.0,2.0,1.0,3.0
20200308,DE,0.0,10.0,0.0,,,10,2020-03-08T20:00:00Z,10,0.0,0.0,0.0,0.0,0.0
20200308,FL,17.0,118.0,108.0,,,243,2020-03-08T20:00:00Z,135,0.0,0.0,18.0,3.0,21.0
20200308,GA,7.0,,,,,7,2020-03-08T20:00:00Z,7,0.0,0.0,0.0,1.0,1.0
20200308,HI,1.0,,,,,1,2020-03-08T20:00:00Z,1,0.0,0.0,0.0,0.0,0.0
20200308,IA,0.0,15.0,2.0,,,17,2020-03-08T20:00:00Z,15,0.0,0.0,0.0,0.0,0.0
20200308,ID,0.0,27.0,,,,27,2020-03-08T20:00:00Z,27,0.0,0.0,0.0,0.0,0.0
20200308,IL,6.0,191.0,44.0,,,241,2020-03-08T20:00:00Z,197,0.0,0.0,0.0,0.0,0.0
20200308,IN,2.0,,,,,2,2020-03-08T20:00:00Z,2,0.0,0.0,0.0,1.0,1.0
20200308,KS,1.0,11.0,0.0,,,12,2020-03-08T20:00:00Z,12,0.0,0.0,0.0,1.0,1.0
20200308,KY,1.0,13.0,,,,14,2020-03-08T20:00:00Z,14,0.0,0.0,4.0,0.0,4.0
20200308,LA,0.0,5.0,,,,5,2020-03-08T20:00:00Z,5,0.0,0.0,5.0,0.0,5.0
20200308,MA,13.0,,,,,13,2020-03-08T20:00:00Z,13,0.0,0.0,0.0,0.0,0.0
20200308,MD,3.0,52.0,,,,55,2020-03-08T20:00:00Z,55,0.0,0.0,11.0,0.0,11.0
20200308,ME,0.0,1.0,,,,1,2020-03-08T20:00:00Z,1,0.0,0.0,0.0,0.0,0.0
20200308,MI,0.0,26.0,10.0,,,36,2020-03-08T20:00:00Z,26,0.0,0.0,8.0,0.0,8.0
20200308,MN,1.0,48.0,,,,49,2020-03-08T20:00:00Z,49,0.0,0.0,0.0,0.0,0.0
20200308,MO,1.0,,,,,1,2020-03-08T20:00:00Z,1,0.0,0.0,0.0,1.0,1.0
20200308,MS,0.0,,,,,0,2020-03-08T20:00:00Z,0,0.0,0.0,0.0,0.0,0.0
20200308,MT,0.0,11.0,,,,11,2020-03-08T20:00:00Z,11,0.0,0.0,0.0,0.0,0.0
20200308,NC,2.0,,,,,2,2020-03-08T20:00:00Z,2,0.0,0.0,0.0,0.0,0.0
20200308,ND,0.0,0.0,,,,0,2020-03-08T20:00:00Z,0,0.0,0.0,0.0,0.0,0.0
20200308,NE,1.0,17.0,5.0,,,23,2020-03-08T20:00:00Z,18,0.0,0.0,0.0,0.0,0.0
20200308,NH,4.0,38.0,5.0,,,47,2020-03-08T20:00:00Z,42,0.0,0.0,18.0,2.0,20.0
20200308,NJ,6.0,31.0,0.0,,,37,2020-03-08T20:00:00Z,37,0.0,0.0,31.0,2.0,33.0
20200308,NM,0.0,48.0,0.0,,,48,2020-03-08T20:00:00Z,48,0.0,0.0,0.0,0.0,0.0
20200308,NV,1.0,14.0,,,,15,2020-03-08T20:00:00Z,15,0.0,0.0,0.0,0.0,0.0
20200308,NY,105.0,92.0,,,,197,2020-03-08T20:00:00Z,197,0.0,0.0,0.0,29.0,29.0
20200308,OH,0.0,10.0,4.0,,,14,2020-03-08T20:00:00Z,10,0.0,0.0,1.0,0.0,1.0
20200308,OK,1.0,8.0,2.0,,,11,2020-03-08T20:00:00Z,9,0.0,0.0,8.0,0.0,8.0
20200308,OR,14.0,100.0,53.0,,,167,2020-03-08T20:00:00Z,114,0.0,0.0,23.0,7.0,30.0
20200308,PA,4.0,,,,,4,2020-03-08T20:00:00Z,4,0.0,0.0,0.0,2.0,2.0
20200308,RI,3.0,30.0,12.0,,,45,2020-03-08T20:00:00Z,33,0.0,0.0,30.0,1.0,31.0
20200308,SC,2.0,8.0,,,,10,2020-03-08T20:00:00Z,10,0.0,0.0,0.0,0.0,0.0
20200308,SD,0.0,5.0,0.0,,,5,2020-03-08T20:00:00Z,5,0.0,0.0,0.0,0.0,0.0
20200308,TN,3.0,,,,,3,2020-03-08T20:00:00Z,3,0.0,0.0,0.0,2.0,2.0
20200308,TX,8.0,,,,,8,2020-03-08T20:00:00Z,8,0.0,0.0,0.0,0.0,0.0
20200308,UT,1.0,,,,,1,2020-03-08T20:00:00Z,1,0.0,0.0,0.0,0.0,0.0
20200308,VA,2.0,36.0,6.0,,,44,2020-03-08T20:00:00Z,38,0.0,0.0,5.0,2.0,7.0
20200308,VT,1.0,28.0,,,,29,2020-03-08T20:00:00Z,29,0.0,0.0,12.0,1.0,13.0
20200308,WA,102.0,640.0,60.0,,,802,2020-03-08T20:00:00Z,742,0.0,0.0,270.0,0.0,270.0
20200308,WI,1.0,31.0,12.0,,,44,2020-03-08T20:00:00Z,32,0.0,0.0,0.0,0.0,0.0
20200308,WV,0.0,2.0,3.0,,,5,2020-03-08T20:00:00Z,2,0.0,0.0,0.0,0.0,0.0
20200308,WY,0.0,,,,,0,2020-03-08T20:00:00Z,0,0.0,0.0,0.0,0.0,0.0
20200307,AK,0.0,12.0,2.0,,,14,2020-03-07T21:00:00Z,12,0.0,0.0,4.0,0.0,4.0
20200307,AL,0.0,,,,,0,2020-03-07T21:00:00Z,0,,,,,
20200307,AR,0.0,6.0,0.0,,,6,2020-03-07T21:00:00Z,6,0.0,0.0,0.0,0.0,0.0
20200307,AZ,5.0,44.0,7.0,,,56,2020-03-07T21:00:00Z,49,0.0,0.0,11.0,2.0,13.0
20200307,CA,69.0,462.0,,,,531,2020-03-07T21:00:00Z,531,0.0,0.0,0.0,9.0,9.0
20200307,CO,8.0,55.0,69.0,,,132,2020-03-07T21:00:00Z,63,0.0,0.0,9.0,6.0,15.0
20200307,CT,0.0,,,,,0,2020-03-07T21:00:00Z,0,,,,,
20200307,DC,0.0,8.0,1.0,,,9,2020-03-07T21:00:00Z,8,0.0,0.0,0.0,0.0,0.0
20200307,DE,0.0,10.0,0.0,,,10,2020-03-07T21:00:00Z,10,0.0,0.0,0.0,0.0,0.0
20200307,FL,14.0,100.0,88.0,,,202,2020-03-07T21:00:00Z,114,0.0,0.0,45.0,5.0,50.0
20200307,GA,6.0,,,,,6,2020-03-07T21:00:00Z,6,0.0,0.0,0.0,4.0,4.0
20200307,HI,1.0,,,,,1,2020-03-07T21:00:00Z,1,,,,,
20200307,IA,0.0,15.0,2.0,,,17,2020-03-07T21:00:00Z,15,0.0,0.0,0.0,0.0,0.0
20200307,ID,0.0,27.0,,,,27,2020-03-07T21:00:00Z,27,,,,,
20200307,IL,6.0,191.0,44.0,,,241,2020-03-07T21:00:00Z,197,0.0,0.0,11.0,1.0,12.0
20200307,IN,1.0,,,,,1,2020-03-07T21:00:00Z,1,0.0,0.0,0.0,0.0,0.0
20200307,KS,0.0,11.0,2.0,,,13,2020-03-07T21:00:00Z,11,0.0,0.0,7.0,0.0,7.0
20200307,KY,1.0,9.0,,,,10,2020-03-07T21:00:00Z,10,0.0,0.0,2.0,1.0,3.0
20200307,LA,0.0,,,,,0,2020-03-07T21:00:00Z,0,,,,,
20200307,MA,13.0,,,,,13,2020-03-07T21:00:00Z,13,0.0,0.0,0.0,5.0,5.0
20200307,MD,3.0,41.0,,,,44,2020-03-07T21:00:00Z,44,0.0,0.0,15.0,0.0,15.0
20200307,ME,0.0,1.0,,,,1,2020-03-07T21:00:00Z,1,,,,,
20200307,MI,0.0,18.0,9.0,,,27,2020-03-07T21:00:00Z,18,0.0,0.0,10.0,0.0,10.0
20200307,MN,1.0,48.0,,,,49,2020-03-07T21:00:00Z,49,0.0,0.0,12.0,1.0,13.0
20200307,MO,0.0,,,,,0,2020-03-07T21:00:00Z,0,,,,,
20200307,MS,0.0,,,,,0,2020-03-07T21:00:00Z,0,,,,,
20200307,MT,0.0,11.0,,,,11,2020-03-07T21:00:00Z,11,,,,,
20200307,NC,2.0,,,,,2,2020-03-07T21:00:00Z,2,0.0,0.0,0.0,0.0,0.0
20200307,ND,0.0,0.0,,,,0,2020-03-07T21:00:00Z,0,,,,,
20200307,NE,1.0,17.0,5.0,,,23,2020-03-07T21:00:00Z,18,0.0,0.0,0.0,1.0,1.0
20200307,NH,2.0,20.0,3.0,,,25,2020-03-07T21:00:00Z,22,0.0,0.0,0.0,0.0,0.0
20200307,NJ,4.0,,1.0,,,5,2020-03-07T21:00:00Z,4,0.0,0.0,0.0,3.0,3.0
20200307,NM,0.0,48.0,0.0,,,48,2020-03-07T21:00:00Z,48,0.0,0.0,32.0,0.0,32.0
20200307,NV,1.0,14.0,,,,15,2020-03-07T21:00:00Z,15,0.0,0.0,0.0,0.0,0.0
20200307,NY,76.0,92.0,236.0,,,404,2020-03-07T21:00:00Z,168,0.0,0.0,0.0,43.0,43.0
20200307,OH,0.0,9.0,5.0,,,14,2020-03-07T21:00:00Z,9,0.0,0.0,1.0,0.0,1.0
20200307,OK,1.0,,,,,1,2020-03-07T21:00:00Z,1,,,,,
20200307,OR,7.0,77.0,40.0,,,124,2020-03-07T21:00:00Z,84,0.0,0.0,13.0,4.0,17.0
20200307,PA,2.0,,,,,2,2020-03-07T21:00:00Z,2,0.0,0.0,0.0,0.0,0.0
20200307,RI,2.0,,,,,2,2020-03-07T21:00:00Z,2,,,,,
20200307,SC,2.0,8.0,,,,10,2020-03-07T21:00:00Z,10,0.0,0.0,3.0,2.0,5.0
20200307,SD,0.0,5.0,0.0,,,5,2020-03-07T21:00:00Z,5,,,,,
20200307,TN,1.0,,,,,1,2020-03-07T21:00:00Z,1,0.0,0.0,0.0,0.0,0.0
20200307,TX,8.0,,,,,8,2020-03-07T21:00:00Z,8,0.0,0.0,0.0,3.0,3.0
20200307,UT,1.0,,,,,1,2020-03-07T21:00:00Z,1,,,,,
20200307,VA,0.0,31.0,7.0,,,38,2020-03-07T21:00:00Z,31,0.0,0.0,10.0,0.0,10.0
20200307,VT,0.0,16.0,,,,16,2020-03-07T21:00:00Z,16,0.0,0.0,8.0,0.0,8.0
20200307,WA,102.0,370.0,66.0,,,538,2020-03-07T21:00:00Z,472,0.0,0.0,0.0,23.0,23.0
20200307,WI,1.0,31.0,12.0,,,44,2020-03-07T21:00:00Z,32,0.0,0.0,0.0,0.0,0.0
20200307,WV,0.0,2.0,3.0,,,5,2020-03-07T21:00:00Z,2,0.0,0.0,1.0,0.0,1.0
20200307,WY,0.0,,,,,0,2020-03-07T21:00:00Z,0,,,,,
20200306,AK,0.0,8.0,1.0,,,9,2020-03-06T21:00:00Z,8,,,,,
20200306,AR,0.0,6.0,0.0,,,6,2020-03-06T21:00:00Z,6,,,,,
20200306,AZ,3.0,33.0,15.0,,,51,2020-03-06T21:00:00Z,36,0.0,0.0,5.0,1.0,6.0
20200306,CA,60.0,462.0,,,,522,2020-03-06T21:00:00Z,522,0.0,0.0,0.0,7.0,7.0
20200306,CO,2.0,46.0,30.0,,,78,2020-03-06T21:00:00Z,48,0.0,0.0,27.0,2.0,29.0
20200306,DC,0.0,8.0,1.0,,,9,2020-03-06T21:00:00Z,8,0.0,0.0,2.0,0.0,2.0
20200306,DE,0.0,10.0,0.0,,,10,2020-03-06T21:00:00Z,10,,,,,
20200306,FL,9.0,55.0,51.0,,,115,2020-03-06T21:00:00Z,64,0.0,0.0,24.0,0.0,24.0
20200306,GA,2.0,,,,,2,2020-03-06T21:00:00Z,2,0.0,0.0,0.0,0.0,0.0
20200306,IA,0.0,15.0,2.0,,,17,2020-03-06T21:00:00Z,15,,,,,
20200306,IL,5.0,180.0,35.0,,,220,2020-03-06T21:00:00Z,185,0.0,0.0,15.0,0.0,15.0
20200306,IN,1.0,,,,,1,2020-03-06T21:00:00Z,1,,,,,
20200306,KS,0.0,4.0,0.0,,,4,2020-03-06T21:00:00Z,4,,,,,
20200306,KY,0.0,7.0,3.0,,,10,2020-03-06T21:00:00Z,7,,,,,
20200306,MA,8.0,,,,,8,2020-03-06T21:00:00Z,8,0.0,0.0,0.0,6.0,6.0
20200306,MD,3.0,26.0,12.0,,,41,2020-03-06T21:00:00Z,29,0.0,0.0,9.0,3.0,12.0
20200306,MI,0.0,8.0,8.0,,,16,2020-03-06T21:00:00Z,8,0.0,0.0,0.0,0.0,0.0
20200306,MN,0.0,36.0,,,,36,2020-03-06T21:00:00Z,36,,,,,
20200306,NC,2.0,,,,,2,2020-03-06T21:00:00Z,2,0.0,0.0,0.0,1.0,1.0
20200306,NE,0.0,17.0,5.0,,,22,2020-03-06T21:00:00Z,17,0.0,0.0,0.0,0.0,0.0
20200306,NH,2.0,20.0,3.0,,,25,2020-03-06T21:00:00Z,22,0.0,0.0,4.0,0.0,4.0
20200306,NJ,1.0,,,,,1,2020-03-06T21:00:00Z,1,0.0,0.0,0.0,0.0,0.0
20200306,NM,0.0,16.0,0.0,,,16,2020-03-06T21:00:00Z,16,,,,,
20200306,NV,1.0,14.0,,,,15,2020-03-06T21:00:00Z,15,0.0,0.0,0.0,0.0,0.0
20200306,NY,33.0,92.0,236.0,,,361,2020-03-06T21:00:00Z,125,0.0,0.0,16.0,11.0,27.0
20200306,OH,0.0,8.0,2.0,,,10,2020-03-06T21:00:00Z,8,0.0,0.0,1.0,0.0,1.0
20200306,OR,3.0,64.0,28.0,,,95,2020-03-06T21:00:00Z,67,0.0,0.0,19.0,0.0,19.0
20200306,PA,2.0,,,,,2,2020-03-06T21:00:00Z,2,,,,,
20200306,SC,0.0,5.0,0.0,,,5,2020-03-06T21:00:00Z,5,0.0,0.0,0.0,0.0,0.0
20200306,TN,1.0,,,,,1,2020-03-06T21:00:00Z,1,0.0,0.0,0.0,0.0,0.0
20200306,TX,5.0,,,,,5,2020-03-06T21:00:00Z,5,0.0,0.0,0.0,4.0,4.0
20200306,VA,0.0,21.0,10.0,,,31,2020-03-06T21:00:00Z,21,0.0,0.0,3.0,0.0,3.0
20200306,VT,0.0,8.0,,,,8,2020-03-06T21:00:00Z,8,,,,,
20200306,WA,79.0,370.0,,,,449,2020-03-06T21:00:00Z,449,0.0,0.0,370.0,9.0,379.0
20200306,WI,1.0,31.0,12.0,,,44,2020-03-06T21:00:00Z,32,0.0,0.0,12.0,0.0,12.0
20200306,WV,0.0,1.0,4.0,,,5,2020-03-06T21:00:00Z,1,,,,,
20200305,AZ,2.0,28.0,6.0,,,36,2020-03-05T21:00:00Z,30,0.0,0.0,1.0,0.0,1.0
20200305,CA,53.0,462.0,,,,515,2020-03-05T21:00:00Z,515,0.0,0.0,0.0,0.0,0.0
20200305,CO,0.0,19.0,21.0,,,40,2020-03-05T21:00:00Z,19,,,,,
20200305,DC,0.0,6.0,2.0,,,8,2020-03-05T21:00:00Z,6,,,,,
20200305,FL,9.0,31.0,69.0,,,109,2020-03-05T21:00:00Z,40,0.0,0.0,7.0,7.0,14.0
20200305,GA,2.0,,,,,2,2020-03-05T21:00:00Z,2,0.0,0.0,0.0,0.0,0.0
20200305,IL,5.0,165.0,27.0,,,197,2020-03-05T21:00:00Z,170,0.0,0.0,41.0,1.0,42.0
20200305,MA,2.0,,,,,2,2020-03-05T21:00:00Z,2,0.0,0.0,0.0,0.0,0.0
20200305,MD,0.0,17.0,14.0,,,31,2020-03-05T21:00:00Z,17,,,,,
20200305,MI,0.0,8.0,0.0,,,8,2020-03-05T21:00:00Z,8,,,,,
20200305,NC,1.0,,,,,1,2020-03-05T21:00:00Z,1,0.0,0.0,0.0,0.0,0.0
20200305,NE,0.0,17.0,5.0,,,22,2020-03-05T21:00:00Z,17,,,,,
20200305,NH,2.0,16.0,4.0,,,22,2020-03-05T21:00:00Z,18,0.0,0.0,6.0,0.0,6.0
20200305,NJ,1.0,,,,,1,2020-03-05T21:00:00Z,1,,,,,
20200305,NV,1.0,14.0,,,,15,2020-03-05T21:00:00Z,15,,,,,
20200305,NY,22.0,76.0,24.0,,,122,2020-03-05T21:00:00Z,98,0.0,0.0,28.0,16.0,44.0
20200305,OH,0.0,7.0,3.0,,,10,2020-03-05T21:00:00Z,7,,,,,
20200305,OR,3.0,45.0,13.0,,,61,2020-03-05T21:00:00Z,48,0.0,0.0,16.0,0.0,16.0
20200305,SC,0.0,5.0,0.0,,,5,2020-03-05T21:00:00Z,5,0.0,0.0,0.0,0.0,0.0
20200305,TN,1.0,,,,,1,2020-03-05T21:00:00Z,1,,,,,
20200305,TX,1.0,,,,,1,2020-03-05T21:00:00Z,1,0.0,0.0,0.0,0.0,0.0
20200305,VA,0.0,18.0,3.0,,,21,2020-03-05T21:00:00Z,18,,,,,
20200305,WA,70.0,,,,,70,2020-03-05T21:00:00Z,70,0.0,0.0,0.0,31.0,31.0
20200305,WI,1.0,19.0,6.0,,,26,2020-03-05T21:00:00Z,20,0.0,0.0,0.0,0.0,0.0
20200304,AZ,2.0,27.0,5.0,,,34,2020-03-04T21:00:00Z,29,,,,,
20200304,CA,53.0,462.0,,,,515,2020-03-04T21:00:00Z,515,,,,,
20200304,FL,2.0,24.0,16.0,,,42,2020-03-04T21:00:00Z,26,,,,,
20200304,GA,2.0,,,,,2,2020-03-04T21:00:00Z,2,,,,,
20200304,IL,4.0,124.0,27.0,,,155,2020-03-04T21:00:00Z,128,,,,,
20200304,MA,2.0,,,,,2,2020-03-04T21:00:00Z,2,,,,,
20200304,NC,1.0,,,,,1,2020-03-04T21:00:00Z,1,,,,,
20200304,NH,2.0,10.0,7.0,,,19,2020-03-04T21:00:00Z,12,,,,,
20200304,NY,6.0,48.0,24.0,,,78,2020-03-04T21:00:00Z,54,,,,,
20200304,OR,3.0,29.0,18.0,,,50,2020-03-04T21:00:00Z,32,,,,,
20200304,SC,0.0,5.0,0.0,,,5,2020-03-04T21:00:00Z,5,,,,,
20200304,TX,1.0,,,,,1,2020-03-04T21:00:00Z,1,,,,,
20200304,WA,39.0,,,,,39,2020-03-04T21:00:00Z,39,,,,,
20200304,WI,1.0,19.0,6.0,,,26,2020-03-04T21:00:00Z,20,,,,,
