date,states,positive,negative,pending,hospitalizedCurrently,hospitalizedCumulative,inIcuCurrently,inIcuCumulative,onVentilatorCurrently,onVentilatorCumulative,recovered,dateChecked,death,hospitalized,totalTestResults,lastModified,total,posNeg,deathIncrease,hospitalizedIncrease,negativeIncrease,positiveIncrease,totalTestResultsIncrease,hash
20200927,56,7080459,90648092,11136,29432,404083,6080,20049,1511,2277,2766280,2020-09-27T00:00:00Z,196869,404083,101298794,2020-09-27T00:00:00Z,0,0,307,758,665609,35289,806258,e7c64e674bfc2af02802153452e53628d44c241c
20200926,56,7045170,89982483,11183,29554,403325,6057,20002,1509,2272,2750459,2020-09-26T00:00:00Z,196562,403325,100492536,2020-09-26T00:00:00Z,0,0,866,1154,886140,47733,1004261,e98f5076c72de4a27a283d22756b7d0b9a44d41f
20200925,56,6997437,89096343,10905,29769,402171,6133,19919,1506,2264,2727335,2020-09-25T00:00:00Z,195696,402171,99488275,2020-09-25T00:00:00Z,0,0,844,1331,856519,55526,1011675,8d311e73fe038522a1a6be4bc3202de206ec0adb
20200924,56,6941911,88239824,12008,30043,400840,6168,19555,1560,2177,2710183,2020-09-24T00:00:00Z,194852,400840,98476600,2020-09-24T00:00:00Z,0,0,921,1588,823449,43772,940353,375a88dd29991abc1946cd7f98f4f20a9e37fb5d
20200923,56,6898139,87416375,10535,29905,399252,6113,19452,1544,2154,2672338,2020-09-23T00:00:00Z,193931,399252,97536247,2020-09-23T00:00:00Z,0,0,1157,1451,800878,38567,923704,b4fe7067370631b26f8e988fd2524b5691235a09
20200922,56,6859572,86615497,7999,29459,397801,6111,19324,1562,2130,2646959,2020-09-22T00:00:00Z,192774,397801,96612543,2020-09-22T00:00:00Z,0,0,854,1446,672641,49439,769953,b740122e3892c1c8bc2bc5b38bd50e429a1b6cf0
20200921,56,6810133,85942856,13241,28755,396355,6071,19353,1572,2116,2615974,2020-09-21T00:00:00Z,191920,396355,95842590,2020-09-21T00:00:00Z,0,0,287,1140,639272,39472,725311,35f2217a40f04df2a93c8577b4f1b83a8c97c558
20200920,56,6770661,85303584,13192,28608,395215,6015,19281,1595,2112,2589239,2020-09-20T00:00:00Z,191633,395215,95117279,2020-09-20T00:00:00Z,0,0,327,516,790601,36295,905323,115ac58aff38e5689a3a935446d32695d36e5752
20200919,56,6734366,84512983,13217,29035,394699,6070,19243,1577,2111,2577467,2020-09-19T00:00:00Z,191306,394699,94211956,2020-09-19T00:00:00Z,0,0,740,1067,946890,45539,1066069,ad566f5484b15ef7970c88a02dc945717241ae80
20200918,56,6688827,83566093,11805,29501,393632,6175,19163,1608,2107,2557862,2020-09-18T00:00:00Z,190566,393632,93145887,2020-09-18T00:00:00Z,0,0,901,1459,856141,47486,985004,6d4c4601411774894c99c91d4c25d4cef25f7131
20200917,56,6641341,82709952,11768,29900,392173,6278,19057,1658,2092,2540334,2020-09-17T00:00:00Z,189665,392173,92160883,2020-09-17T00:00:00Z,0,0,863,1549,733211,43558,841941,432bd71bd052e0ad18c96ecac29082a3a853cf4f
20200916,56,6597783,81976741,10587,30278,390624,6308,18961,1651,2090,2525573,2020-09-16T00:00:00Z,188802,390624,91318942,2020-09-16T00:00:00Z,0,0,1200,1517,625601,40021,729637,b4113987b56d6bf2844e68a1c937544a18a96df7
20200915,56,6557762,81351140,4966,30328,389107,6310,18847,1572,2071,2495127,2020-09-15T00:00:00Z,187602,389107,90589305,2020-09-15T00:00:00Z,0,0,1031,1491,649588,35445,724756,4d696ccbdcfa5fe19e9c8c2a49a7d3bc8ed2b69b
20200914,56,6522317,80701552,10494,29895,387616,6238,18748,1507,2061,2477942,2020-09-14T00:00:00Z,186571,387616,89864549,2020-09-14T00:00:00Z,0,0,404,937,371748,33864,445836,f413abdc5f6b497a500efc84aaba27e27d840fdb
20200913,56,6488453,80329804,10467,29810,386679,6233,18692,1562,2056,2450184,2020-09-13T00:00:00Z,186167,386679,89418713,2020-09-13T00:00:00Z,0,0,389,592,612437,34453,728220,363e4c22825f561c50b0eb1b0da9c49101422e2a
20200912,56,6454000,79717367,10403,30655,386087,6451,18648,1619,2051,2438903,2020-09-12T00:00:00Z,185778,386087,88690493,2020-09-12T00:00:00Z,0,0,810,1076,806722,42087,903365,ae91680c4fd34239b361ce261527c4ffce526a82
20200911,56,6411913,78910645,10813,31421,385011,6379,18549,1715,2031,2417878,2020-09-11T00:00:00Z,184968,385011,87787128,2020-09-11T00:00:00Z,0,0,1018,1553,721070,44927,826358,2a0228699277a3a1d0c24a18ee6be96ae46803fc
20200910,56,6366986,78189575,10530,32421,383458,6531,18453,1925,2008,2403511,2020-09-10T00:00:00Z,183950,383458,86960770,2020-09-10T00:00:00Z,0,0,1170,1532,576461,37581,690301,0b4109f6b912176ed2cad211edef13d456dd8bbf
20200909,56,6329405,77613114,6551,32562,381926,6646,18322,1903,1994,2387479,2020-09-09T00:00:00Z,182780,381926,86270469,2020-09-09T00:00:00Z,0,0,1083,2060,553429,30983,626180,9ac7c6cdf3a9e6d0c90c407db3cc60dccf78d41e
20200908,56,6298422,77059685,8983,32262,379866,6542,18189,1879,1975,2359111,2020-09-08T00:00:00Z,181697,379866,85644289,2020-09-08T00:00:00Z,0,0,358,959,486487,22223,540044,91779686a6eb0496f5b165cf5b0e45f9b47fa6bb
20200907,56,6276199,76573198,8986,31999,378907,6630,18156,1879,1967,2333583,2020-09-07T00:00:00Z,181339,378907,85104245,2020-09-07T00:00:00Z,0,0,225,492,559616,28682,615271,eb74b9b69d7e66edd72015dac4d82ad29be1ee56
20200906,56,6247517,76013582,8946,32372,378415,6700,18125,1912,1960,2316020,2020-09-06T00:00:00Z,181114,378415,84488974,2020-09-06T00:00:00Z,0,0,449,489,702709,33117,782353,02fd0d24303b64715b8d2157ebbc3890378b2de0
20200905,56,6214400,75310873,9021,33502,377926,6766,18089,1956,1956,2302203,2020-09-05T00:00:00Z,180665,377926,83706621,2020-09-05T00:00:00Z,0,0,918,1287,761056,44905,876560,aaa1a677f08047608e71fa894a262fca59fdd183
20200904,56,6169495,74549817,10118,34099,376639,6924,18012,1995,1943,2283454,2020-09-04T00:00:00Z,179747,376639,82830061,2020-09-04T00:00:00Z,0,0,998,1239,850612,51591,949705,d4ab71ef0c5654ff0f6cc05c77f8708d74cd9fea
20200903,56,6117904,73699205,9987,34682,375400,6921,17894,2042,1928,2266957,2020-09-03T00:00:00Z,178749,375400,81880356,2020-09-03T00:00:00Z,0,0,1070,1536,679230,44714,798189,7b2471b2f209e34c2943979986acf269c426a215
20200902,56,6073190,73019975,9293,35569,373864,7087,17784,2024,1918,2231757,2020-09-02T00:00:00Z,177679,373864,81082167,2020-09-02T00:00:00Z,0,0,1032,1647,614433,30603,683904,4313ca187b2017dcd788a1fae4d8d719d67509d3
20200901,56,6042587,72405542,6647,35271,372217,7090,17655,2042,1902,2202682,2020-09-01T00:00:00Z,176647,372217,80398263,2020-09-01T00:00:00Z,0,0,1027,1837,656103,42433,732413,08308e2b77bf463699a26e246623462723fc1897
20200831,56,6000154,71749439,11128,35352,370380,7043,17537,2077,1877,2184825,2020-08-31T00:00:00Z,175620,370380,79665850,2020-08-31T00:00:00Z,0,0,366,816,648999,31406,705130,c17681a87a3f302565eeac721137a3776dd72496
20200830,56,5968748,71100440,11148,35726,369564,7268,17439,2055,1870,2153963,2020-08-30T00:00:00Z,175254,369564,78960720,2020-08-30T00:00:00Z,0,0,475,680,700008,39501,774335,6330911a8689924efb2b8542ce4b75de2a67bc29
20200829,56,5929247,70400432,11151,36428,368884,7413,17401,2062,1864,2140631,2020-08-29T00:00:00Z,174779,368884,78186385,2020-08-29T00:00:00Z,0,0,1015,1296,719736,44501,815422,55a70a7d6b531ac9251d690972ffe2f09f51fdc9
20200828,56,5884746,69680696,10428,37239,367588,7558,17304,2086,1856,2118367,2020-08-28T00:00:00Z,173764,367588,77370963,2020-08-28T00:00:00Z,0,0,1023,1595,725710,46548,818699,007e236f8e44a17dce383616ccee5d299c7519fe
20200827,56,5838198,68954986,11168,37464,365993,7717,17181,2125,1831,2101326,2020-08-27T00:00:00Z,172741,365993,76552264,2020-08-27T00:00:00Z,0,0,1129,1668,698076,43984,791621,d1319c6319ca4860583d47e8d6b0b210de25f19b
20200826,56,5794214,68256910,4081,38401,364325,7737,17046,2142,1809,2084465,2020-08-26T00:00:00Z,171612,364325,75760643,2020-08-26T00:00:00Z,0,0,1298,1873,631672,44053,680581,47bb041a4b7c7a4c5fd0fa922a8e2c1bc55359b5
20200825,56,5750161,67625238,4091,38779,362452,7863,16920,2163,1789,2053699,2020-08-25T00:00:00Z,170314,362452,75080062,2020-08-25T00:00:00Z,0,0,1147,1999,597782,36379,664004,8ba2ed742b0becd1df56a12052f31ead343c3e61
20200824,56,5713782,67027456,4143,38673,360453,7851,16787,2118,1764,2020774,2020-08-24T00:00:00Z,169167,360453,74416058,2020-08-24T00:00:00Z,0,0,343,1049,648010,34643,713471,78940931b76a8a2c8396d6b2b2f0cdaa7ca27c17
20200823,56,5679139,66379446,4149,39017,359404,7949,16697,2131,1737,1997782,2020-08-23T00:00:00Z,168824,359404,73702587,2020-08-23T00:00:00Z,0,0,572,774,577947,37566,645324,cbd9c63f8e61ddaa593a95344d703b824581043c
20200822,56,5641573,65801499,4154,39894,358630,8207,16657,2204,1736,1985493,2020-08-22T00:00:00Z,168252,358630,73057263,2020-08-22T00:00:00Z,0,0,1029,1537,710293,46236,794254,602a36fac87fc308d789abc76165df52845770f8
20200821,56,5595337,65091206,4199,40951,357093,8357,16563,2286,1730,1965056,2020-08-21T00:00:00Z,167223,357093,72263009,2020-08-21T00:00:00Z,0,0,1123,1817,697054,46561,785049,db14b58e43f34735e73655b8f9885e3c746d8758
20200820,56,5548776,64394152,4170,41988,355276,8483,16487,2335,1716,1946866,2020-08-20T00:00:00Z,166100,355276,71477960,2020-08-20T00:00:00Z,0,0,1134,2010,634078,43758,726290,88dbf68a505567d95c8480635ea4fae416e8ebbe
20200819,56,5505018,63760074,4374,43330,353266,8744,16377,2371,1705,1924875,2020-08-19T00:00:00Z,164966,353266,70751670,2020-08-19T00:00:00Z,0,0,1420,2032,644823,44955,703917,a9067c53ea343be6cf8f910be44d9862c70744d1
20200818,56,5460063,63115251,4412,43758,351234,8866,16123,2468,1695,1889170,2020-08-18T00:00:00Z,163546,351234,70047753,2020-08-18T00:00:00Z,0,0,1196,2273,616859,40795,673737,ef063c3af36e174c22f104f6e4f109767aeea79b
20200817,56,5419268,62498392,4298,43485,348961,8871,15985,2447,1678,1865580,2020-08-17T00:00:00Z,162350,348961,69374016,2020-08-17T00:00:00Z,0,0,407,1267,625846,37880,685807,f0dc8fd1a247f57771b9822c232a978217d12c48
20200816,56,5381388,61872546,4302,44046,347694,8958,15924,2481,1665,1833096,2020-08-16T00:00:00Z,161943,347694,68688209,2020-08-16T00:00:00Z,0,0,619,649,740599,42487,808057,a1703641cd5e29a17ed501305e73a8d19680618d
20200815,56,5338901,61131947,4452,44795,347045,9087,15891,2526,1663,1818546,2020-08-15T00:00:00Z,161324,347045,67880152,2020-08-15T00:00:00Z,0,0,1221,2031,693310,56149,779619,1259e5b66fa34706a2084ab3a8eb9fbab61453ef
20200814,56,5282752,60438637,4415,45776,345014,9277,15764,2549,1665,1796326,2020-08-14T00:00:00Z,160103,345014,67100533,2020-08-14T00:00:00Z,0,0,1216,2212,798904,55636,885486,9fad47379c9ec1cf404176d271a87c3fa69360d9
20200813,56,5227116,59639733,4239,47218,342802,9487,15629,2579,1649,1774648,2020-08-13T00:00:00Z,158887,342802,66215047,2020-08-13T00:00:00Z,0,0,1163,2685,843535,51759,925197,3335d8cdc79f7296c9c242062f9012cc02581764
20200812,56,5175357,58796198,4174,47991,340117,9555,15524,2604,1629,1755225,2020-08-12T00:00:00Z,157724,340117,65289850,2020-08-12T00:00:00Z,0,0,1519,3055,439024,56134,487484,7576f0285a8fd08632685961ffb3637c9bee3a87
20200811,56,5119223,58357174,4118,48498,337062,9136,15331,2415,1612,1714960,2020-08-11T00:00:00Z,156205,337062,64802366,2020-08-11T00:00:00Z,0,0,1326,2715,698757,55701,756116,725adca4a2d2d7050dcba4e28961ea145bf34ad9
20200810,56,5063522,57658417,3966,48635,334347,9216,15158,2533,1592,1670755,2020-08-10T00:00:00Z,154879,334347,64046250,2020-08-10T00:00:00Z,0,0,426,1654,693402,42089,753155,35d44ddf3eb5a96ff7190ecef48077d2c6ad16cf
20200809,56,5021433,56965015,3871,48899,332693,9307,15081,2507,1578,1656888,2020-08-09T00:00:00Z,154453,332693,63293095,2020-08-09T00:00:00Z,0,0,616,855,666939,50627,726152,64c9fb3844d9241f8f24c8c42ade7a8abab5ea2c
20200808,56,4970806,56298076,3888,49911,331838,9662,15024,2566,1561,1643137,2020-08-08T00:00:00Z,153837,331838,62566943,2020-08-08T00:00:00Z,0,0,1089,1414,621980,53712,688702,24842e1c5098a5001bf90bf4e3a6edcc7f810c43
20200807,56,4917094,55676096,3988,51207,330424,9691,14925,2617,1549,1623870,2020-08-07T00:00:00Z,152748,330424,61878241,2020-08-07T00:00:00Z,0,0,1333,8036,715719,61345,803528,6c782caadac3e4666ee823259ea4df59b9709340
20200806,56,4855749,54960377,3903,53132,322388,9994,14810,2718,1534,1598624,2020-08-06T00:00:00Z,151415,322388,61074713,2020-08-06T00:00:00Z,0,0,1251,2682,691399,54187,785235,1a33df44751176df1169b1ca5be035f7ce9ac1d3
20200805,56,4801562,54268978,3842,53353,319706,9986,14687,2719,1524,1577851,2020-08-05T00:00:00Z,150164,319706,60289478,2020-08-05T00:00:00Z,0,0,1346,2269,643615,52324,712462,e8353bacd160799afc93174494a6f4b266eac94e
20200804,56,4749238,53625363,3789,53326,317437,10207,14537,2701,1493,1528979,2020-08-04T00:00:00Z,148818,317437,59577016,2020-08-04T00:00:00Z,0,0,1255,4490,659553,51866,731054,62d06b02fe19504ad51ebd2028335476e374c13f
20200803,56,4697372,52965810,3662,53377,312947,10230,14370,2659,1463,1513446,2020-08-03T00:00:00Z,147563,312947,58845962,2020-08-03T00:00:00Z,0,0,519,1724,692703,49713,765730,0a28f6b43885e23d9fafde49e92a598fe87dad62
20200802,56,4647659,52273107,3888,54017,311223,10415,14288,2645,1448,1468689,2020-08-02T00:00:00Z,147044,311223,58080232,2020-08-02T00:00:00Z,0,0,498,817,643326,46812,703760,6391458401c77d51dffbe8cb29e9858165fe95b8
20200801,56,4600847,51629781,3975,54470,310406,10450,14227,2698,1445,1461885,2020-08-01T00:00:00Z,146546,310406,57376472,2020-08-01T00:00:00Z,0,0,1190,2318,673904,61101,751919,7032450b9e2d6cba1d9512cf3c9fccfa0cb12f49
20200731,56,4539746,50955877,3956,55593,308088,10472,14044,2703,1437,1438160,2020-07-31T00:00:00Z,145356,308088,56624553,2020-07-31T00:00:00Z,0,0,1312,2627,657827,67623,928163,d9a5108222ab59994b26a0a46dcbe87f3da6abc0
20200730,56,4472123,50298050,3947,56427,305461,10523,13875,2760,1415,1413957,2020-07-30T00:00:00Z,144044,305461,55696390,2020-07-30T00:00:00Z,0,0,1259,3383,737950,69418,829896,decc0adb5fc5e66345496431d6dfc60ab48c4e2b
20200729,56,4402705,49560100,3840,57339,302078,10539,13744,2772,1400,1390568,2020-07-29T00:00:00Z,142785,302078,54866494,2020-07-29T00:00:00Z,0,0,1492,2934,767208,64408,850432,163be30358b1f2a3647fdc126e60a749be31a6b8
20200728,56,4338297,48792892,3600,57091,299144,10463,13559,2752,1372,1355363,2020-07-28T00:00:00Z,141293,299144,54016062,2020-07-28T00:00:00Z,0,0,1122,4672,703685,59003,781436,901022f871e846fe1c04782b6d50e29068ae0171
20200727,56,4279294,48089207,3398,58897,294472,10328,13412,2720,1356,1325804,2020-07-27T00:00:00Z,140171,294472,53234626,2020-07-27T00:00:00Z,0,0,1060,1690,707142,55332,779193,455e4fba04269d1bcb9a49bdee5fd4402e2431d7
20200726,56,4223962,47382065,3361,58621,292782,10353,13343,2723,1336,1297863,2020-07-26T00:00:00Z,139111,292782,52455433,2020-07-26T00:00:00Z,0,0,559,1435,780054,61000,851125,6fef420e4abc47db27dcf78a930b536fc798fdae
20200725,56,4162962,46602011,3377,59301,291347,10380,13279,2729,1300,1279414,2020-07-25T00:00:00Z,138552,291347,51604308,2020-07-25T00:00:00Z,0,0,1023,1977,715969,64741,793712,eda1e9cd6451e9ad70c2c08f89d0154a2732e0ba
20200724,56,4098221,45886042,3409,59682,289370,10395,13182,2711,1297,1261624,2020-07-24T00:00:00Z,137529,289370,50810596,2020-07-24T00:00:00Z,0,0,1176,3032,851205,75236,942154,5dd6fb781806b028ce87b9db5d1212867527c4ba
20200723,56,4022985,45034837,3179,59718,286338,10414,12933,2465,1280,1233269,2020-07-23T00:00:00Z,136353,286338,49868442,2020-07-23T00:00:00Z,0,0,1056,2509,769521,71552,854198,b1a8ffed0043f951600dbfffdda72c6836694277
20200722,56,3951433,44265316,3051,59596,283829,10457,12790,2440,1258,1210849,2020-07-22T00:00:00Z,135297,283829,49014244,2020-07-22T00:00:00Z,0,0,1171,2248,727105,69333,811764,361732d3bb17dabb325c1b5a1040dfaa0e22b83c
20200721,56,3882100,43538211,3197,59364,281581,6711,12629,2414,1242,1182931,2020-07-21T00:00:00Z,134126,281581,48202480,2020-07-21T00:00:00Z,0,0,1039,2551,686361,63930,769140,0cbd5a8ad5d336aac0059496cdce2a74b12f9a0e
20200720,56,3818170,42851850,3003,58370,279030,6557,12475,2403,1223,1160087,2020-07-20T00:00:00Z,133087,279030,47433340,2020-07-20T00:00:00Z,0,0,363,1647,654148,57041,719832,4de059edc5292794d46bda886357742cef1d3e8f
20200719,56,3761129,42197702,3052,57885,277383,6384,12393,2362,1216,1131171,2020-07-19T00:00:00Z,132724,277383,46713508,2020-07-19T00:00:00Z,0,0,527,944,715331,64260,780200,8f0d2a32455e4f9089605464b860b8f84f1c428b
20200718,56,3696869,41482371,3032,57645,276439,6397,12342,2343,1211,1122720,2020-07-18T00:00:00Z,132197,276439,45933308,2020-07-18T00:00:00Z,0,0,872,2003,691886,64951,772341,3b970a7675d6246b617046871b5c3a625145f127
20200717,56,3631918,40790485,3002,57759,274436,6452,12243,2353,1200,1106844,2020-07-17T00:00:00Z,131325,274436,45160967,2020-07-17T00:00:00Z,0,0,951,2678,757657,76842,843822,d7ff9a4fe20d958f31af02e53b38ee3feee83ce8
20200716,56,3555076,40032828,2929,57440,271758,6359,12091,2317,1175,1090645,2020-07-16T00:00:00Z,130374,271758,44317145,2020-07-16T00:00:00Z,0,0,947,2215,756287,71036,838594,fcefbad51b62766e2370037102bde7b7bc077fc3
20200715,56,3484040,39276541,2947,56144,269543,6317,12002,2317,1166,1075882,2020-07-15T00:00:00Z,129427,269543,43478551,2020-07-15T00:00:00Z,0,0,858,2416,703090,65797,786692,4d6c1e90cb42bafa0d4c96589577c03ec14c4d77
20200714,56,3418243,38573451,960,55565,267127,6235,11857,2263,1154,1049098,2020-07-14T00:00:00Z,128569,267127,42691859,2020-07-14T00:00:00Z,0,0,736,2262,702900,62729,777387,a5ffa71a92e16d29bc8453c5f643bf1f92aa728b
20200713,56,3355514,37870551,2610,53988,264865,6074,11749,2259,1142,1031939,2020-07-13T00:00:00Z,127833,264865,41914472,2020-07-13T00:00:00Z,0,0,327,1214,636500,58091,709056,32649e35af55266f94859af7113cfe9f1922ccb8
20200712,56,3297423,37234051,2639,52727,263651,5930,11679,2182,1136,1006326,2020-07-12T00:00:00Z,127506,263651,41205416,2020-07-12T00:00:00Z,0,0,476,939,702394,61312,768418,29df6f6d2c317897049abce73337340d2b55f2d3
20200711,56,3236111,36531657,2618,51858,262712,5939,11612,2169,1128,995576,2020-07-11T00:00:00Z,127030,262712,40436998,2020-07-11T00:00:00Z,0,0,757,5141,637755,62895,714163,63cfd042a5a87682482cab9a92c78db0088cbec8
20200710,56,3173216,35893902,2493,51599,257571,5896,11523,2197,1118,983185,2020-07-10T00:00:00Z,126273,257571,39722835,2020-07-10T00:00:00Z,0,0,854,2318,742929,66846,824529,04961ee1b317c421eedfd8da9a07588a591b460e
20200709,56,3106370,35150973,2530,43933,255253,5845,11370,2127,1138,969111,2020-07-09T00:00:00Z,125419,255253,38898306,2020-07-09T00:00:00Z,0,0,867,1719,646844,59157,720764,c192f1176afc2d2a298b6e167da92e9d62ece83b
20200708,56,3047213,34504129,2360,43076,253534,5874,11303,2172,1103,953420,2020-07-08T00:00:00Z,124552,253534,38177542,2020-07-08T00:00:00Z,0,0,807,2035,575559,62672,660159,be47de9f36f346fb03e87956e66fca251e85b6c0
20200707,56,2984541,33928570,2136,41760,251499,5832,11177,2098,1084,936476,2020-07-07T00:00:00Z,123745,251499,37517383,2020-07-07T00:00:00Z,0,0,923,1960,584171,51728,649263,a58027c035417d7167d16c800259ff65ea209d94
20200706,56,2932813,33344399,1907,39769,249539,5687,11058,2105,1070,924148,2020-07-06T00:00:00Z,122822,249539,36868120,2020-07-06T00:00:00Z,0,0,243,794,471602,41918,530573,cb5f96368356d5ab07141666f2dde6a114ecd469
20200705,56,2890895,32872797,1885,38764,248745,5653,11010,2080,1064,902558,2020-07-05T00:00:00Z,122579,248745,36337547,2020-07-05T00:00:00Z,0,0,209,590,633339,45612,688552,1cae1c3c6729aeae6e6ed2a73c6af979484d9d57
20200704,56,2845283,32239458,2083,38146,248155,5633,10977,1982,1063,894325,2020-07-04T00:00:00Z,122370,248155,35648995,2020-07-04T00:00:00Z,0,0,306,871,577481,54338,636301,399d7ef6813d3b9cd9889272e1a0f5ffe2b96118
20200703,56,2790945,31661977,2237,37798,247284,5597,10936,2049,1059,883561,2020-07-03T00:00:00Z,122064,247284,35012694,2020-07-03T00:00:00Z,0,0,598,1435,654043,53948,708603,c19f7427b33f9e93c72cf75a81861c09260b1fe7
20200702,56,2736997,31007934,2208,37500,245849,5626,10843,2105,1041,875127,2020-07-02T00:00:00Z,121466,245849,34304091,2020-07-02T00:00:00Z,0,0,695,2003,608354,54085,675071,85fb7756839061622e42d91d814ac61dd3b728b2
20200701,56,2682912,30399580,2604,36405,243846,5512,10752,2098,1027,823151,2020-07-01T00:00:00Z,120771,243846,33629020,2020-07-01T00:00:00Z,0,0,701,1438,589398,50981,651674,3941d7f7d5515d84883fb18fc9a0c94b06abb01f
20200630,56,2631931,29810182,2432,35248,242408,5424,10669,2044,1008,813788,2020-06-30T00:00:00Z,120070,242408,32977346,2020-06-30T00:00:00Z,0,0,596,1582,580152,47864,646356,df5a1a0a04e7a68bdc7e3950818df314aa09041f
20200629,56,2584067,29230030,2194,33585,240826,5380,10542,2011,990,798360,2020-06-29T00:00:00Z,119474,240826,32330990,2020-06-29T00:00:00Z,0,0,332,670,615988,39813,669836,f78fd9ae463e7e54428fec8d44c83d4294d09356
20200628,56,2544254,28614042,2198,32488,240156,5252,10473,2077,983,778321,2020-06-28T00:00:00Z,119142,240156,31661154,2020-06-28T00:00:00Z,0,0,271,580,535806,41570,581668,7827bc10222bfc28d0b8bc1b110765a7d93559c2
20200627,56,2502684,28078236,2186,32482,239576,5314,10415,2159,977,772465,2020-06-27T00:00:00Z,118871,239576,31079486,2020-06-27T00:00:00Z,0,0,511,1057,555647,43164,602940,a4db6cd6eea64fc8cd533035cb8bb0f324620d98
20200626,56,2459520,27522589,2201,31738,238519,5283,10334,2075,966,763966,2020-06-26T00:00:00Z,118360,238519,30476546,2020-06-26T00:00:00Z,0,0,637,1526,565494,44543,618253,21b6d807e40e2294e80c38d11f1e3b6ae4968a57
20200625,56,2414977,26957095,2133,31842,236993,5320,10257,2214,951,756719,2020-06-25T00:00:00Z,117723,236993,29858293,2020-06-25T00:00:00Z,0,0,647,1257,602693,39640,646503,a8a92bb11121285cd72db6ffa4e488d533e52715
20200624,56,2375337,26354402,2049,31102,235736,5293,10173,2248,934,747565,2020-06-24T00:00:00Z,117076,235736,29211790,2020-06-24T00:00:00Z,0,0,724,1310,485049,39072,541511,c85beede9ded2e96ac04bd5f11bef104af7590cd
20200623,56,2336265,25869353,1891,30235,234426,5402,10077,2293,918,738952,2020-06-23T00:00:00Z,116352,234426,28670279,2020-06-23T00:00:00Z,0,0,710,1257,469104,33447,511771,7009fc378a2b9b71493cb1c5a710b699c6d79d52
20200622,56,2302818,25400249,2028,28799,233169,5323,10002,2299,909,731602,2020-06-22T00:00:00Z,115642,233169,28158508,2020-06-22T00:00:00Z,0,0,286,800,444089,27281,474533,0c49868585625d25a95a56ac890715ef8ca25c39
20200621,56,2275537,24956160,2084,28220,232369,5195,9944,2321,904,713537,2020-06-21T00:00:00Z,115356,232369,27683975,2020-06-21T00:00:00Z,0,0,294,514,496049,27928,533274,03f93b2e5135a95b9611278294d013a0b58a69e7
20200620,56,2247609,24460111,2108,27967,231855,5229,9908,2380,888,708864,2020-06-20T00:00:00Z,115062,231855,27150701,2020-06-20T00:00:00Z,0,0,629,745,533304,32294,554584,e1dbe0e77650f82bd3561563d768e56faf328d87
20200619,56,2215315,23926807,2032,28616,231110,5341,9876,2434,884,698119,2020-06-19T00:00:00Z,114433,231110,26596117,2020-06-19T00:00:00Z,0,0,655,1613,548107,31471,589421,f4595de19b114de92a981a60384ba2a3259ba35c
20200618,56,2183844,23378700,1903,28415,229497,5464,9736,2520,869,690692,2020-06-18T00:00:00Z,113778,229497,26006696,2020-06-18T00:00:00Z,0,0,705,1040,491625,27746,537771,e78d5e2034c50d6e0e3b04b597261b7f1f4211bf
20200617,56,2156098,22887075,1745,28576,228457,5612,9665,2588,857,680916,2020-06-17T00:00:00Z,113073,228457,25468925,2020-06-17T00:00:00Z,0,0,767,1130,463168,24001,506063,2e2f50a5748a249180c66270dd046f4cdeb4b988
20200616,56,2132097,22423907,1604,28270,227327,5570,9590,2594,845,672228,2020-06-16T00:00:00Z,112306,227327,24962862,2020-06-16T00:00:00Z,0,0,730,1301,442650,23497,478442,60917a0b4094686e2b8deb9bab5b76de91a6a43e
20200615,56,2108600,21981257,1619,27867,226026,5703,9516,2640,835,665059,2020-06-15T00:00:00Z,111576,226026,24484420,2020-06-15T00:00:00Z,0,0,381,543,415390,18630,444603,1e565cd38b30514d99dcb02c337b95c93c380eb7
20200614,56,2089970,21565867,1672,27895,225483,5749,9466,2716,834,650541,2020-06-14T00:00:00Z,111195,225483,24039817,2020-06-14T00:00:00Z,0,0,356,640,464154,21399,479218,4bcbcbac309ea92ecb99d5433ec937c7c88f817f
20200613,56,2068571,21101713,1698,28450,224843,5883,9430,2726,830,645331,2020-06-13T00:00:00Z,110839,224843,23560599,2020-06-13T00:00:00Z,0,0,694,1105,471388,25376,508866,40d06f56dd00066bea9f6f056c2e4689a457a13d
20200612,56,2043195,20630325,1783,29154,223738,6017,9373,2734,814,636111,2020-06-12T00:00:00Z,110145,223738,23051733,2020-06-12T00:00:00Z,0,0,775,1245,599972,23597,599084,d6fdd45701113a1a0e77ebbdc7847fe10bdf1707
20200611,56,2019598,20030353,1816,29698,222493,6074,9295,2886,792,629017,2020-06-11T00:00:00Z,109370,222493,22452649,2020-06-11T00:00:00Z,0,0,899,1367,438062,22153,471207,0f824da2fee0b8b56dc7070d4dee474b0e8b815b
20200610,56,1997445,19592291,1737,30864,221126,6249,9225,3020,780,618125,2020-06-10T00:00:00Z,108471,221126,21981442,2020-06-10T00:00:00Z,0,0,887,1484,408971,20894,435890,232014e13a26c1fdafd3203f6d1954c6c60b6259
20200609,56,1976551,19183320,1661,31009,219642,6457,9141,3090,771,609476,2020-06-09T00:00:00Z,107584,219642,21545552,2020-06-09T00:00:00Z,0,0,902,1527,404379,17312,440360,05df0dfe070b5d774aa4409b4935a6684f2b4ede
20200608,56,1959239,18778941,1606,30996,218115,6402,9013,3240,762,603143,2020-06-08T00:00:00Z,106682,218115,21105192,2020-06-08T00:00:00Z,0,0,661,714,380221,17209,414342,bee64b67092861880f685ec26f6e7ccb9473d8b5
20200607,56,1942030,18398720,1733,31225,217401,6501,8957,3298,753,590988,2020-06-07T00:00:00Z,106021,217401,20690850,2020-06-07T00:00:00Z,0,0,447,685,404383,18740,422043,8b2c96e9c2ba4cc4fec1adc20accde46bcad06dc
20200606,56,1923290,17994337,1796,31761,216716,6762,8920,3476,750,585470,2020-06-06T00:00:00Z,105574,216716,20268807,2020-06-06T00:00:00Z,0,0,728,1017,521778,23064,545022,cfabcbd69a1b0662678bafb774e6aab06a0a957c
20200605,56,1900226,17472559,1749,32280,215699,6920,8863,3523,740,576327,2020-06-05T00:00:00Z,104846,215699,19723785,2020-06-05T00:00:00Z,0,0,826,1440,484686,23400,515097,c0fa5a68bebe762832f2afeefc6ef4d8f155ef36
20200604,56,1876826,16987873,3474,32639,214259,7057,8787,3665,723,569623,2020-06-04T00:00:00Z,104020,214259,19208688,2020-06-04T00:00:00Z,0,0,893,-2841,441895,20880,482410,96362ef202f09ff4d7c34026c9d879f16e0e0610
20200603,56,1855946,16545978,3556,33070,217100,7227,8688,3749,717,557366,2020-06-03T00:00:00Z,103127,217100,18726278,2020-06-03T00:00:00Z,0,0,993,2255,448319,20392,476543,d8fbca78cbd3aca65ddc942115af8dcc28c2bd5d
20200602,56,1835554,16097659,4054,33724,214845,7407,8566,3852,710,541976,2020-06-02T00:00:00Z,102134,214845,18249735,2020-06-02T00:00:00Z,0,0,962,1585,400600,20110,434634,4b5cf1c9a206036ba92070e80d88c2cdddbfda8e
20200601,56,1815444,15697059,3455,34075,213260,7591,8485,3950,704,536339,2020-06-01T00:00:00Z,101172,213260,17815101,2020-06-01T00:00:00Z,0,0,668,2796,393669,20482,413464,2e8f3174de2bdec2436d4f1a6f667beb59867d08
20200531,56,1794962,15303390,3270,34648,210464,7626,8445,3669,704,522866,2020-05-31T00:00:00Z,100504,210464,17401637,2020-05-31T00:00:00Z,0,0,652,976,375191,21558,401575,8cbb9d2c1d3558a5e613388702ac428689b60006
20200530,56,1773404,14928199,1668,35524,209488,7956,8305,4004,698,494569,2020-05-30T00:00:00Z,99852,209488,17000062,2020-05-30T00:00:00Z,0,0,932,1424,402861,23682,433153,2f16efbb6abb24f8a537d7775d235928a6a0c86f
20200529,56,1749722,14525338,2978,36764,208064,8174,8235,4032,689,484554,2020-05-29T00:00:00Z,98920,208064,16566909,2020-05-29T00:00:00Z,0,0,1184,1715,465104,23574,500040,2859f3f3fb1b62ba0f6b34e3013f7467424ddfbc
20200528,56,1726148,14060234,1906,37818,206349,8389,8109,4080,676,478099,2020-05-28T00:00:00Z,97736,206349,16066869,2020-05-28T00:00:00Z,0,0,1231,1630,413429,22630,443877,a15ebcd867edde502f401e219187b2620481322d
20200527,56,1703518,13646805,3132,38038,204719,8547,8015,4222,666,391508,2020-05-27T00:00:00Z,96505,204719,15622992,2020-05-27T00:00:00Z,0,0,1321,1713,290562,19437,323120,da028702f4aab5a8f87e5043beffd5ddd8f7caa5
20200526,56,1684081,13356243,1549,37561,203006,8585,7899,4215,650,384902,2020-05-26T00:00:00Z,95184,203006,15299872,2020-05-26T00:00:00Z,0,0,645,17320,291055,16830,313803,54e026282f38b9a007d58f646185754369cd24bc
20200525,56,1667251,13065188,3368,37432,185686,8467,7847,4237,642,379157,2020-05-25T00:00:00Z,94539,185686,14986069,2020-05-25T00:00:00Z,0,0,559,1002,404718,18691,428333,716aed7296d981d2968ec40bb8fe706ab293b0da
20200524,56,1648560,12660470,3860,37483,184684,8485,7801,4383,639,366736,2020-05-24T00:00:00Z,93980,184684,14557736,2020-05-24T00:00:00Z,0,0,680,921,361940,20047,379883,ad28b4cf0f1e0234bbe90e0e54da5ead08e48fc5
20200523,56,1628513,12298530,4084,38391,183763,8733,7770,4620,638,361239,2020-05-23T00:00:00Z,93300,183763,14177853,2020-05-23T00:00:00Z,0,0,1063,1378,369149,21531,379641,e761e8ecebcf4de3a23f25420873abd43d66417d
20200522,56,1606982,11929381,3709,39822,182385,9049,7689,4716,633,350135,2020-05-22T00:00:00Z,92237,182385,13798212,2020-05-22T00:00:00Z,0,0,1341,4046,385791,24447,418634,7071d90cfe9c09df3018f2b482e3ff06a2486c34
20200521,56,1582535,11543590,3641,41065,178339,9090,7412,4868,616,298418,2020-05-21T00:00:00Z,90896,178339,13379578,2020-05-21T00:00:00Z,0,0,1394,4630,436275,26674,475264,011729f6d5c117f47e8e3ac1ecd6ddd4549f0396
20200520,56,1555861,11107315,2973,41546,173709,9521,7319,4911,613,294312,2020-05-20T00:00:00Z,89502,173709,12904314,2020-05-20T00:00:00Z,0,0,1399,1996,387243,21318,417701,aedf7457e05b363145e31359e686bb9e3645fc39
20200519,56,1534543,10720072,2944,41661,171713,9598,7217,5032,606,289484,2020-05-19T00:00:00Z,88103,171713,12486613,2020-05-19T00:00:00Z,0,0,1326,1597,381974,20899,408978,cfca008a49a7e625b5167da35161d97e4b015663
20200518,56,1513644,10338098,3596,41553,170116,9754,7064,5257,602,283178,2020-05-18T00:00:00Z,86777,170116,12077635,2020-05-18T00:00:00Z,0,0,848,1157,335177,21016,373204,40fc9e9faba0f50edf5179dda47be9af6885ad1e
20200517,56,1492628,10002921,3449,41606,168959,9934,7003,5467,593,272265,2020-05-17T00:00:00Z,85929,168959,11704431,2020-05-17T00:00:00Z,0,0,849,1199,351570,20034,371723,324711afc2ee6278029acffa5d0a93966a512437
20200516,56,1472594,9651351,3788,43211,167760,10278,6945,5529,592,268376,2020-05-16T00:00:00Z,85080,167760,11332708,2020-05-16T00:00:00Z,0,0,988,1856,338158,24678,364769,afd4dea5814f475375b502511b817fadf629db9a
20200515,56,1447916,9313193,2457,44299,165904,10484,6890,5746,589,250747,2020-05-15T00:00:00Z,84092,165904,10967939,2020-05-15T00:00:00Z,0,0,1507,1353,334713,24684,377795,0f8890345de8b4d82f5b6e7f1d6a0573e829b773
20200514,56,1423232,8978480,2673,45635,164551,10655,6795,5940,582,246414,2020-05-14T00:00:00Z,82585,164551,10590144,2020-05-14T00:00:00Z,0,0,1880,3206,338711,26798,372542,e58b57360a7c259f9d6b70ec9386777614ea98f0
20200513,56,1396434,8639769,1983,46742,161345,10990,6713,6156,572,243430,2020-05-13T00:00:00Z,80705,161345,10217602,2020-05-13T00:00:00Z,0,0,1704,1809,299164,21272,321132,722de8672ecb718ab06e77e75b9d3fffdb094582
20200512,56,1375162,8340605,1803,47402,159536,11240,5595,6352,559,238857,2020-05-12T00:00:00Z,79001,159536,9896470,2020-05-12T00:00:00Z,0,0,1487,1579,286983,22897,324007,4e84ea93e3808e3158984e3381ea6290fb7731a6
20200511,56,1352265,8053622,1989,46372,157957,11148,6488,6350,551,232142,2020-05-11T00:00:00Z,77514,157957,9572463,2020-05-11T00:00:00Z,0,0,892,1238,365238,18371,391187,ba8187b1328733ebf8e1a71db90762b35b996c4b
20200510,56,1333894,7688384,3095,46981,156719,11393,6445,6395,547,215591,2020-05-10T00:00:00Z,76622,156719,9181276,2020-05-10T00:00:00Z,0,0,1036,1055,245353,21063,261070,ddd49f5770e0c31b9e6e62b60776b17101b31b21
20200509,56,1312831,7443031,3054,48564,155664,11496,6367,6551,543,211976,2020-05-09T00:00:00Z,75586,155664,8920206,2020-05-09T00:00:00Z,0,0,1445,1708,267236,25218,294385,7b7ab6b2a205a034a20ac60785168b75a0064d38
20200508,56,1287613,7175795,3307,49785,153956,11780,6294,6788,531,198459,2020-05-08T00:00:00Z,74141,153956,8625821,2020-05-08T00:00:00Z,0,0,1798,6892,271123,27217,316011,2f408972bb33e51161f1773fde3ad9863f94e405
20200507,56,1260396,6904672,3171,51398,147064,12136,5174,7070,529,194528,2020-05-07T00:00:00Z,72343,147064,8309810,2020-05-07T00:00:00Z,0,0,2752,3742,275015,27560,293307,83bdf0501738e7ecc047685e17206e202224fde9
20200506,56,1232836,6629657,2742,52560,143322,12478,4911,4753,449,189425,2020-05-06T00:00:00Z,69591,143322,8016503,2020-05-06T00:00:00Z,0,0,1950,2119,220849,25096,266464,351dfb055b450a26fb7cde345f11b2689c91d782
20200505,56,1207740,6408808,2633,53221,141203,12628,4794,4818,439,189336,2020-05-05T00:00:00Z,67641,141203,7750039,2020-05-05T00:00:00Z,0,0,2452,1983,250081,22446,283187,b5cfc5c2514698c60a831f3d4a99fcc66bd66584
20200504,56,1185294,6158727,2791,52409,139220,12696,4579,4848,430,186752,2020-05-04T00:00:00Z,65189,139220,7466852,2020-05-04T00:00:00Z,0,0,1035,1651,209668,22646,241639,7617308eaab6b2e14b40c0a3f513d8e1753ab8d3
20200503,56,1162648,5949059,2812,52623,137569,12720,4502,4761,425,179733,2020-05-03T00:00:00Z,64154,137569,7225213,2020-05-03T00:00:00Z,0,0,1231,1963,211117,25707,227069,d442496aa379e5330100bed0c28f00daf350c061
20200502,56,1136941,5737942,1578,54048,135606,12905,4386,4845,375,174987,2020-05-02T00:00:00Z,62923,135606,6998144,2020-05-02T00:00:00Z,0,0,1564,2031,218321,29148,256255,67edf9f1c29ecffda8cfaeaa3a94591a4c98d550
20200501,56,1107793,5519621,1639,54903,133575,12845,4300,4707,376,163644,2020-05-01T00:00:00Z,61359,133575,6741889,2020-05-01T00:00:00Z,0,0,1778,9789,263100,33029,293748,53afeca081c3a8418f194facb180b9ff883e42a3
20200430,56,1074764,5256521,2775,54919,123786,13255,4192,4712,373,154648,2020-04-30T00:00:00Z,59581,123786,6448141,2020-04-30T00:00:00Z,0,0,2140,2290,203903,29968,248111,7cb44b59d410c78d1c55aed0062dcbc2465060ad
20200429,56,1044796,5052618,4832,55979,121496,13535,4093,4796,365,147165,2020-04-29T00:00:00Z,57441,121496,6200030,2020-04-29T00:00:00Z,0,0,2713,3415,212653,26307,241178,6a709f3fe0ee6f06bacb03cee9e0b2b0e5bbb979
20200428,56,1018489,4839965,4206,56062,118081,13562,3798,4760,195,139041,2020-04-28T00:00:00Z,54728,118081,5958852,2020-04-28T00:00:00Z,0,0,2072,2079,181953,25283,213286,0187cc6005fa33ee4c33cadaaea965fd349e8a57
20200427,56,993206,4658012,4077,56189,116002,13812,3720,4867,195,121323,2020-04-27T00:00:00Z,52656,116002,5745566,2020-04-27T00:00:00Z,0,0,1270,3076,173380,22698,201691,bdf56348c07ef25c2b5c8121e35751f211c3f087
20200426,56,970508,4484632,4445,56192,112926,14104,2571,5121,227,116529,2020-04-26T00:00:00Z,51386,112926,5543875,2020-04-26T00:00:00Z,0,0,1215,2192,179284,27312,203656,406ceb6a2eb317de905e2e4b3b459a501151a53c
20200425,56,943196,4305348,5315,57381,110734,14415,2516,5266,227,112539,2020-04-25T00:00:00Z,50171,110734,5340219,2020-04-25T00:00:00Z,0,0,1748,2456,240717,35871,278546,764001c572f6aac44691678329c27755b231a813
20200424,56,907325,4064631,4396,57295,108278,14605,2468,5187,227,101296,2020-04-24T00:00:00Z,48423,108278,5061673,2020-04-24T00:00:00Z,0,0,1895,2338,202285,34234,241087,9819310826ff83d05f952d904ec233fa37a7b994
20200423,56,873091,3862346,4258,58989,105940,14744,2428,5464,227,96921,2020-04-23T00:00:00Z,46528,105940,4820586,2020-04-23T00:00:00Z,0,0,1791,2802,161630,31810,193562,178136db7951cfe0ba6ef7fc25af6273284125e8
20200422,56,841281,3700716,4191,59202,103138,15013,2370,5474,227,92978,2020-04-22T00:00:00Z,44737,103138,4627024,2020-04-22T00:00:00Z,0,0,2098,3087,295229,28955,335580,4b0a77d7f1ad14a19560dd79c534fb0cc6262a28
20200421,56,812326,3405487,3956,59780,100051,14941,2315,5514,214,72842,2020-04-21T00:00:00Z,42639,100051,4291444,2020-04-21T00:00:00Z,0,0,2467,2682,127063,26361,159250,a022594f08163450d6daa47dbfcd9294034f6c80
20200420,56,785965,3278424,4037,56734,97369,14463,2193,5567,214,69493,2020-04-20T00:00:00Z,40172,97369,4132194,2020-04-20T00:00:00Z,0,0,1798,2211,120369,25899,151749,5f11285990e2e8ce56aa9006eadc2bdcb5a5e9e1
20200419,56,760066,3158055,11324,56486,95158,14385,2145,5603,214,67205,2020-04-19T00:00:00Z,38374,95158,3980445,2020-04-19T00:00:00Z,0,0,1772,2239,126832,27387,153257,0b5664e16970a5577d08536814ba1a10c5fcd8b5
20200418,56,732679,3031223,9906,57761,92919,14769,2096,5729,205,62840,2020-04-18T00:00:00Z,36602,92919,3827188,2020-04-18T00:00:00Z,0,0,1893,3563,118251,27906,145391,5a9144395cf73a6692573d710223a87f993403ba
20200417,56,704773,2912972,10889,58895,89356,14890,2052,6096,148,53533,2020-04-17T00:00:00Z,34709,89356,3681797,2020-04-17T00:00:00Z,0,0,2120,3405,127342,32013,164866,27f30dd74e69b2fd02f7baf328df3a1bf905525f
20200416,56,672760,2785630,16927,59499,85951,15130,1834,5940,137,48851,2020-04-16T00:00:00Z,32589,85951,3516931,2020-04-16T00:00:00Z,0,0,2200,3071,133173,30979,166160,35d21c0ffb5fc8222f2dbd57c669c0a988576b6e
20200415,56,641781,2652457,16901,59940,82880,14646,1783,6032,223,43435,2020-04-15T00:00:00Z,30389,82880,3350771,2020-04-15T00:00:00Z,0,0,2544,4434,107024,30309,143883,7b7c61a102a4b1ee07679e5fc7d9029817490d01
20200414,56,611472,2545433,16615,59610,78446,14039,1715,5975,221,39268,2020-04-14T00:00:00Z,27845,78446,3206888,2020-04-14T00:00:00Z,0,0,2336,3282,126412,25709,158831,ad67a4a865616b0b168197e92f26c6c91d16adeb
20200413,56,585763,2419021,17159,56184,75164,13620,1628,6168,210,35372,2020-04-13T00:00:00Z,25509,75164,3048057,2020-04-13T00:00:00Z,0,0,1644,4285,109349,25200,138326,ab32253d0e6e6bf07964f978c9927cafb37a7beb
20200412,56,560563,2309672,16419,55427,70879,13620,1455,5986,160,34081,2020-04-12T00:00:00Z,23865,70879,2909731,2020-04-12T00:00:00Z,0,0,1703,3288,111204,27763,135961,2b775fa359b659b7d3051b3d262ccbde6a60279d
20200411,56,532800,2198468,16593,55573,67591,13285,1405,5978,154,31567,2020-04-11T00:00:00Z,22162,67591,2773770,2020-04-11T00:00:00Z,0,0,2055,2825,106592,30506,139037,4bca98ab3fe04d3f459c918244fed0a1c58b72e4
20200410,56,502294,2091876,17435,53166,64766,12693,1185,5937,41,28997,2020-04-10T00:00:00Z,20107,64766,2634733,2020-04-10T00:00:00Z,0,0,2108,4934,124192,34383,158534,9c89e52cbeb1deddef1eedc705cf0a7604c0da5c
20200409,56,467911,1967684,17622,51305,59832,12450,924,5794,39,24819,2020-04-09T00:00:00Z,17999,59832,2476199,2020-04-09T00:00:00Z,0,0,2043,3923,136748,34495,172174,a710d9ea4caa4cc055697541a0c1f8bc009b7ae9
20200408,56,433416,1830936,17219,45492,55909,10337,1013,4131,216,21102,2020-04-08T00:00:00Z,15956,55909,2304025,2020-04-08T00:00:00Z,0,0,2010,4311,117154,30595,150430,1e307b164157b9e3b17a512711982297eed4c5e3
20200407,56,402821,1713782,16548,43799,51598,9978,889,4076,151,18443,2020-04-07T00:00:00Z,13946,51598,2153595,2020-04-07T00:00:00Z,0,0,2024,2981,123604,30885,156254,299c14dbbbf0e9336d8d380c67949bd101e38c94
20200406,56,371936,1590178,17283,36156,48617,7079,814,2961,147,16554,2020-04-06T00:00:00Z,11922,48617,1997341,2020-04-06T00:00:00Z,0,0,1318,2946,123253,29002,158038,668d9f0b29bbf94f3880ca57f3b14c7bbda6d27b
20200405,56,342934,1466925,17303,32169,45671,5811,760,652,147,14513,2020-04-05T00:00:00Z,10604,45671,1839303,2020-04-05T00:00:00Z,0,0,1340,3903,94299,25500,120338,34d5ea75f703b3ca715d263356735eaa5b8b3e73
20200404,56,317434,1372626,15569,30266,41768,5500,554,656,147,12816,2020-04-04T00:00:00Z,9264,41768,1718965,2020-04-04T00:00:00Z,0,0,1482,5086,196066,33212,228797,512b09ab573545a623f900b5bc40379340199fda
20200403,56,284222,1176560,61976,25729,36682,4928,486,605,147,10861,2020-04-03T00:00:00Z,7782,36682,1490168,2020-04-03T00:00:00Z,0,0,1286,4554,101013,32076,133020,2a79d9f9d02632c8d558fdb2fe3172522aaa5fff
20200402,56,252146,1075547,62097,22956,32128,4513,456,574,140,8586,2020-04-02T00:00:00Z,6496,32128,1357148,2020-04-02T00:00:00Z,0,0,1172,4175,91058,28060,121237,53f85e7f3d3cdc15d66586eea6c2577b338acf5c
20200401,56,224086,984489,59665,20775,27953,3937,407,561,140,7084,2020-04-01T00:00:00Z,5324,27953,1235911,2020-04-01T00:00:00Z,0,0,1010,4228,82981,25791,109215,6b98088178754ef9dcefff78f1f11517ca143fdb
20200331,56,198295,901508,59518,18082,23725,3487,236,507,,5666,2020-03-31T00:00:00Z,4314,23725,1126696,2020-03-31T00:00:00Z,0,0,890,3906,87657,24853,116183,8f2dce283a756b818e21bb3558e5e8ece51f5c54
20200330,56,173442,813851,65369,15772,19819,3087,187,451,,4560,2020-03-30T00:00:00Z,3424,19819,1010513,2020-03-30T00:00:00Z,0,0,589,2536,96706,22042,119396,e82827404e380b9e8325df9bb20e09b6a72bf558
20200329,56,151400,717145,65545,14026,17283,2456,156,439,,4052,2020-03-29T00:00:00Z,2835,17283,891117,2020-03-29T00:00:00Z,0,0,521,2775,68187,19581,85907,ed856a29ce8bdc985ee8c3b17593e09e54f93751
20200328,56,131819,648958,65709,12350,14508,2174,140,390,,3143,2020-03-28T00:00:00Z,2314,14508,805210,2020-03-28T00:00:00Z,0,0,538,2425,87375,19692,105158,dd620e5470d5e79a2bad6a1aef3ff58305f15ffd
20200327,56,112127,561583,60091,10932,12083,1792,124,324,,2418,2020-03-27T00:00:00Z,1776,12083,700052,2020-03-27T00:00:00Z,0,0,406,2563,83781,19128,102415,568dfb314c617cfaba3bce7d0b2d98840285199e
20200326,56,92999,477802,60251,7757,9520,1299,91,258,,97,2020-03-26T00:00:00Z,1370,9520,597637,2020-03-26T00:00:00Z,0,0,320,2499,84311,17720,103818,6cc97156b645fe9a348d74071bc4b418e281fafc
20200325,56,75279,393491,51235,5062,7021,,74,167,,146,2020-03-25T00:00:00Z,1050,7021,493819,2020-03-25T00:00:00Z,0,0,235,1904,71728,12908,82609,970a3d81163ea1a2ea141aa7d7620f860071f58a
20200324,56,62371,321763,14433,3902,5117,,,,,,2020-03-24T00:00:00Z,815,5117,411210,2020-03-24T00:00:00Z,0,0,234,1180,58695,10769,69185,99f1865892189706773d2e37266746725950511c
20200323,56,51602,263068,14571,2770,3937,,,,,,2020-03-23T00:00:00Z,581,3937,342025,2020-03-23T00:00:00Z,0,0,101,914,46894,11439,60629,c5c3c6b58e26b60cf9a1e370cf434e0d6615877f
20200322,56,40163,216174,2842,2155,3023,,,,,,2020-03-22T00:00:00Z,480,3023,281396,2020-03-22T00:00:00Z,0,0,146,1003,36456,9125,47221,f9e4db6729ac0dd63aac902a5e16dd2763476c07
20200321,56,31038,179718,3468,1436,2020,,,,,,2020-03-21T00:00:00Z,334,2020,234175,2020-03-21T00:00:00Z,0,0,62,1912,38628,6793,47414,d4d937389c96798716e192d08f4e4eef0069665e
20200320,56,24245,141090,3330,1042,108,,,,,,2020-03-20T00:00:00Z,272,108,186761,2020-03-20T00:00:00Z,0,0,69,23,30568,6147,39905,5196f1c5303d6169c13d2c11e605b8402b40696f
20200319,56,18098,110522,3016,617,85,,,,,,2020-03-19T00:00:00Z,203,85,146856,2020-03-19T00:00:00Z,0,0,48,18,23323,4651,30168,5ccfa6390f7fecefeea2e1e83b0ac4223a11f1e8
20200318,56,13447,87199,2526,416,67,,,,,,2020-03-18T00:00:00Z,155,67,116688,2020-03-18T00:00:00Z,0,0,32,12,22068,3089,27809,cf54955c2fa4ab7afc1f2ea7746380b61b121867
20200317,56,10358,65131,1687,325,55,,,,,,2020-03-17T00:00:00Z,123,55,88879,2020-03-17T00:00:00Z,0,0,23,13,13945,2588,18441,3c718609ad67e2a0bf274314c0d5b0d80b99d175
20200316,56,7770,51186,1691,,42,,,,,,2020-03-16T00:00:00Z,100,42,70438,2020-03-16T00:00:00Z,0,0,21,6,16525,1748,20123,0284a2b8cab2e0e76ca54012b98de73c02afb45a
20200315,51,6022,34661,2242,,36,,,,,,2020-03-15T00:00:00Z,79,36,50315,2020-03-15T00:00:00Z,0,0,15,10,6553,1291,8300,f2116e781a933964b1686990c60ec902c85bb35b
20200314,51,4731,28108,1236,,26,,,,,,2020-03-14T00:00:00Z,64,26,42015,2020-03-14T00:00:00Z,0,0,9,4,3852,924,5722,31730b999cbe5aa48accc2635322b0da691522a4
20200313,51,3807,24256,1130,,22,,,,,,2020-03-13T00:00:00Z,55,22,36293,2020-03-13T00:00:00Z,0,0,4,6,8318,1072,10334,6aef71d10e553aa5c487a8ad2c2fa438bf271d4d
20200312,51,2735,15938,673,,16,,,,,,2020-03-12T00:00:00Z,51,16,25959,2020-03-12T00:00:00Z,0,0,8,5,4750,671,5793,8f74948e15795425a8ada260a0485c7c16643003
20200311,51,2064,11188,563,,11,,,,,,2020-03-11T00:00:00Z,43,11,20166,2020-03-11T00:00:00Z,0,0,6,3,3421,509,4028,884dfdceeb275b5123ffd77c797676d8bca323c1
20200310,51,1555,7767,469,,8,,,,,,2020-03-10T00:00:00Z,37,8,16138,2020-03-10T00:00:00Z,0,0,2,0,2184,387,2676,1380c1a775812ed78a9fe97f1dde9434303dc4af
20200309,51,1168,5583,313,,8,,,,,,2020-03-09T00:00:00Z,35,8,13462,2020-03-09T00:00:00Z,0,0,4,2,1534,292,1894,99e63e1d64701a2395977269e9998a2118249bc9
20200308,51,876,4049,347,,6,,,,,,2020-03-08T00:00:00Z,31,6,11568,2020-03-08T00:00:00Z,0,0,4,0,716,198,935,c1456b253c0021edfbeecaad122219c80d63b26b
20200307,51,678,3333,602,,6,,,,,,2020-03-07T00:00:00Z,27,6,10633,2020-03-07T00:00:00Z,0,0,1,0,661,178,919,f5a3205f9f4185d62c37212e131733c6a8baf9e2
20200306,37,500,2672,458,,6,,,,,,2020-03-06T00:00:00Z,26,6,9714,2020-03-06T00:00:00Z,0,0,6,1,723,112,873,30faa3d05bdbf566a81344ccf5480bc7049aeae9
20200305,25,388,1949,197,,5,,,,,,2020-03-05T00:00:00Z,20,5,8841,2020-03-05T00:00:00Z,0,0,4,1,532,107,641,16ccaf4b89ce2bf86dac0d0910744e205340c835
20200304,18,281,1417,103,,4,,,,,,2020-03-04T00:00:00Z,16,4,8200,2020-03-04T00:00:00Z,0,0,2,4,971,139,1119,14b59f214bb410a2e0bd7cba0d06477f89a7c09d
20200303,6,142,446,,,,,,,,,2020-03-03T00:00:00Z,14,,7081,2020-03-03T00:00:00Z,0,0,3,0,203,48,266,0e8c1af100ae67bb89dbe9e005aaa1bcd6109dcf
20200302,6,94,243,,,,,,,,,2020-03-02T00:00:00Z,11,,6815,2020-03-02T00:00:00Z,0,0,3,0,158,44,212,960d118b365aeb9ca36e7ec4f1fc03dc27477b42
20200301,6,50,85,,,,,,,,,2020-03-01T00:00:00Z,8,,6603,2020-03-01T00:00:00Z,0,0,3,0,61,32,95,0a8489cd64cba2a58e40cbaf08fe85fc39b7ed7a
20200229,4,18,24,,,,,,,,,2020-02-29T00:00:00Z,5,,6508,2020-02-29T00:00:00Z,0,0,1,0,24,18,45,f277bd581cd1b950ed31fc1329f419d07789bfb3
20200228,4,0,0,,,,,,,,,2020-02-28T00:00:00Z,4,,6463,2020-02-28T00:00:00Z,0,0,2,0,0,0,2,fc71284176ff3c9afe91eb6b38ec2bcb4f6d9b00
20200227,4,0,0,,,,,,,,,2020-02-27T00:00:00Z,2,,6461,2020-02-27T00:00:00Z,0,0,0,0,0,0,6445,f4ceecb04650071da461a78b3ee71d2db0d9f1d1
20200226,3,0,0,,,,,,,,,2020-02-26T00:00:00Z,2,,16,2020-02-26T00:00:00Z,0,0,2,0,0,0,0,88ff709458f5e570aa95d9002621ec53dd6faf15
20200225,3,0,0,,,,,,,,,2020-02-25T00:00:00Z,0,,16,2020-02-25T00:00:00Z,0,0,0,0,0,0,0,ce4b70c11134885e6f866ae953ed5ef639fec758
20200224,3,0,0,,,,,,,,,2020-02-24T00:00:00Z,0,,16,2020-02-24T00:00:00Z,0,0,0,0,0,0,2,d362cf06785b2f3d30940a936ab83ea5bd3f94ad
20200223,3,0,0,,,,,,,,,2020-02-23T00:00:00Z,0,,14,2020-02-23T00:00:00Z,0,0,0,0,0,0,0,d54558512aee04a67bee3e4fd483ff040374485e
20200222,3,0,0,,,,,,,,,2020-02-22T00:00:00Z,0,,14,2020-02-22T00:00:00Z,0,0,0,0,0,0,0,ace3be8a7a784360fee61ac90b3de1708be932c1
20200221,3,0,0,,,,,,,,,2020-02-21T00:00:00Z,0,,14,2020-02-21T00:00:00Z,0,0,0,0,0,0,0,aec622bd9cf9d4335dd1e1fbf00727387fe54313
20200220,3,0,0,,,,,,,,,2020-02-20T00:00:00Z,0,,14,2020-02-20T00:00:00Z,0,0,0,0,0,0,1,c00eabd9b34ab3f4e56330880d48f1f26dce8c86
20200219,3,0,0,,,,,,,,,2020-02-19T00:00:00Z,0,,13,2020-02-19T00:00:00Z,0,0,0,0,0,0,0,d87d16e44192f2dce7e4ace8459e75783d551ba8
20200218,3,0,0,,,,,,,,,2020-02-18T00:00:00Z,0,,13,2020-02-18T00:00:00Z,0,0,0,0,0,0,0,adfa0f4e8ddd117785a17a76d16f68c7d6652614
20200217,3,0,0,,,,,,,,,2020-02-17T00:00:00Z,0,,13,2020-02-17T00:00:00Z,0,0,0,0,0,0,0,af93e0c06093eeecb060317edfdf3f74cd8278c5
20200216,3,0,0,,,,,,,,,2020-02-16T00:00:00Z,0,,13,2020-02-16T00:00:00Z,0,0,0,0,0,0,0,8d23e941b4388412613e42677f905aa6287ae90b
20200215,3,0,0,,,,,,,,,2020-02-15T00:00:00Z,0,,13,2020-02-15T00:00:00Z,0,0,0,0,0,0,0,d7a9f97799dfc61c85407ece59477b4dbe4d5b3d
20200214,3,0,0,,,,,,,,,2020-02-14T00:00:00Z,0,,13,2020-02-14T00:00:00Z,0,0,0,0,0,0,0,159a2118506d79661b4fc35f63224f90bcb612ae
20200213,3,0,0,,,,,,,,,2020-02-13T00:00:00Z,0,,13,2020-02-13T00:00:00Z,0,0,0,0,0,0,0,1bf102314bcde1d57a2e43bb83e6b76ccbdfccf8
20200212,3,0,0,,,,,,,,,2020-02-12T00:00:00Z,0,,13,2020-02-12T00:00:00Z,0,0,0,0,0,0,1,51ce7260099393dfa67a8494f995b83ced4e60de
20200211,3,0,0,,,,,,,,,2020-02-11T00:00:00Z,0,,12,2020-02-11T00:00:00Z,0,0,0,0,0,0,0,5ca64e69947cb85e7170909c994c2b8ffd1a46c7
20200210,3,0,0,,,,,,,,,2020-02-10T00:00:00Z,0,,12,2020-02-10T00:00:00Z,0,0,0,0,0,0,1,efeb566ff660225d4993ae0e1823317ab6256946
20200209,2,0,0,,,,,,,,,2020-02-09T00:00:00Z,,,11,2020-02-09T00:00:00Z,0,0,0,0,0,0,0,3cd6db9881e503d5f56df0b20b114bc07c602d7f
20200208,2,0,0,,,,,,,,,2020-02-08T00:00:00Z,,,11,2020-02-08T00:00:00Z,0,0,0,0,0,0,1,614ea49113ebac5abaf9408f948fc849f9c70ca9
20200207,2,0,0,,,,,,,,,2020-02-07T00:00:00Z,,,10,2020-02-07T00:00:00Z,0,0,0,0,0,0,0,c2e376cf883b35c951ceeb16b0950532e3d6d4b3
20200206,2,0,0,,,,,,,,,2020-02-06T00:00:00Z,,,10,2020-02-06T00:00:00Z,0,0,0,0,0,0,1,675efe97a6bbdc1cbbf2d07a78869481ccc91daa
20200205,2,0,0,,,,,,,,,2020-02-05T00:00:00Z,,,9,2020-02-05T00:00:00Z,0,0,0,0,0,0,0,0156573a9e67c0a0127c84e7a094d57fca91182a
20200204,2,0,0,,,,,,,,,2020-02-04T00:00:00Z,,,9,2020-02-04T00:00:00Z,0,0,0,0,0,0,2,061686c272d049577f4d20c53e03ed212517f994
20200203,2,0,0,,,,,,,,,2020-02-03T00:00:00Z,,,7,2020-02-03T00:00:00Z,0,0,0,0,0,0,3,0a85d8c8694207b9adbea434e950988211be5b25
20200202,2,0,0,,,,,,,,,2020-02-02T00:00:00Z,,,4,2020-02-02T00:00:00Z,0,0,0,0,0,0,0,4996e59b354b0913737e706b4360305a8acbbbc5
20200201,2,0,0,,,,,,,,,2020-02-01T00:00:00Z,,,4,2020-02-01T00:00:00Z,0,0,0,0,0,0,0,8ddc6cf512521d01bc91178fbcb8eeb151978492
20200131,2,0,0,,,,,,,,,2020-01-31T00:00:00Z,,,4,2020-01-31T00:00:00Z,0,0,0,0,0,0,0,d5e75081f4684362d22cf8e4d8f4dab2ca930b83
20200130,2,0,0,,,,,,,,,2020-01-30T00:00:00Z,,,4,2020-01-30T00:00:00Z,0,0,0,0,0,0,0,7a9cd0ffa1ed65192288e0d65aa0b829d6243844
20200129,2,0,0,,,,,,,,,2020-01-29T00:00:00Z,,,4,2020-01-29T00:00:00Z,0,0,0,0,0,0,1,a0807cb808af38b0ddba71d5c6b65bf38d30c599
20200128,2,0,0,,,,,,,,,2020-01-28T00:00:00Z,,,3,2020-01-28T00:00:00Z,0,0,0,0,0,0,0,7783c06052a95f70ad183329db05a77d5bed4053
20200127,2,0,0,,,,,,,,,2020-01-27T00:00:00Z,,,3,2020-01-27T00:00:00Z,0,0,0,0,0,0,1,339527d6e5b13e593aebf71cf8a51791389e651f
20200126,2,0,0,,,,,,,,,2020-01-26T00:00:00Z,,,2,2020-01-26T00:00:00Z,0,0,0,0,0,0,0,88a196879207bd090a61fb515beb301e84377977
20200125,2,0,0,,,,,,,,,2020-01-25T00:00:00Z,,,2,2020-01-25T00:00:00Z,0,0,0,0,0,0,0,43330e2f11d476ebcdd85e1a47551958e4c1e7ea
20200124,2,0,0,,,,,,,,,2020-01-24T00:00:00Z,,,2,2020-01-24T00:00:00Z,0,0,0,0,0,0,0,5f7a0cce04041596513629d55777a16f3aa65e8b
20200123,2,0,0,,,,,,,,,2020-01-23T00:00:00Z,,,2,2020-01-23T00:00:00Z,0,0,0,0,0,0,1,53f6a5e3985cebdead7ca275b0890ef975f0ccdd
20200122,2,0,0,,,,,,,,,2020-01-22T00:00:00Z,,,1,2020-01-22T00:00:00Z,0,0,0,0,0,0,0,c4b5f0c9f5749c849b8a27d48be5c7619d1a3cb2
